"Year (time)","Geographic Area Name (NAME)","Aggregate Description (AGG_DESC)","Meaning of Aggregate Description (AGG_DESC_LABEL)","Meaning of Type of Government (GOVTYPE_LABEL)","Amount (AMOUNT)"
"2012","Alabama","GO0009","Total Local Government Units - Special Purpose Governments - Special District Governments","State and Local","548"
"2017","Alabama","GO0009","Total Local Government Units - Special Purpose Governments - Special District Governments","State and Local","530"
"2022","Alabama","GO0009","Total Local Government Units - Special Purpose Governments - Special District Governments","State and Local","541"
"2025","Alabama","GO0009","Total Local Government Units - Special Purpose Governments - Special District Governments","State and Local","542"
"2026","Alabama","GO0009","Total Local Government Units - Special Purpose Governments - Special District Governments","State and Local","540"
"2012","Alabama","GO0070","Special District Governments  - Single-function - Air transportation","State and Local","20"
"2017","Alabama","GO0070","Special District Governments  - Single-function - Air transportation","State and Local","19"
"2022","Alabama","GO0070","Special District Governments  - Single-function - Air transportation","State and Local","20"
"2025","Alabama","GO0070","Special District Governments  - Single-function - Air transportation","State and Local","20"
"2026","Alabama","GO0070","Special District Governments  - Single-function - Air transportation","State and Local","20"
"2025","Alabama","GO0073","Special District Governments  - Single-function - Education","State and Local","1"
"2026","Alabama","GO0073","Special District Governments  - Single-function - Education","State and Local","1"
"2012","Alabama","GO0074","Special District Governments  - Single-function - Fire protection","State and Local","12"
"2017","Alabama","GO0074","Special District Governments  - Single-function - Fire protection","State and Local","13"
"2022","Alabama","GO0074","Special District Governments  - Single-function - Fire protection","State and Local","13"
"2025","Alabama","GO0074","Special District Governments  - Single-function - Fire protection","State and Local","13"
"2026","Alabama","GO0074","Special District Governments  - Single-function - Fire protection","State and Local","13"
"2012","Alabama","GO0075","Special District Governments  - Single-function - Health","State and Local","26"
"2017","Alabama","GO0075","Special District Governments  - Single-function - Health","State and Local","24"
"2022","Alabama","GO0075","Special District Governments  - Single-function - Health","State and Local","24"
"2025","Alabama","GO0075","Special District Governments  - Single-function - Health","State and Local","24"
"2026","Alabama","GO0075","Special District Governments  - Single-function - Health","State and Local","24"
"2012","Alabama","GO0077","Special District Governments  - Single-function - Hospitals","State and Local","42"
"2017","Alabama","GO0077","Special District Governments  - Single-function - Hospitals","State and Local","41"
"2022","Alabama","GO0077","Special District Governments  - Single-function - Hospitals","State and Local","41"
"2025","Alabama","GO0077","Special District Governments  - Single-function - Hospitals","State and Local","41"
"2026","Alabama","GO0077","Special District Governments  - Single-function - Hospitals","State and Local","41"
"2012","Alabama","GO0078","Special District Governments  - Single-function - Housing and community development","State and Local","148"
"2017","Alabama","GO0078","Special District Governments  - Single-function - Housing and community development","State and Local","147"
"2022","Alabama","GO0078","Special District Governments  - Single-function - Housing and community development","State and Local","147"
"2025","Alabama","GO0078","Special District Governments  - Single-function - Housing and community development","State and Local","147"
"2026","Alabama","GO0078","Special District Governments  - Single-function - Housing and community development","State and Local","147"
"2012","Alabama","GO0079","Special District Governments  - Single-function - Industrial development and mortgage credit","State and Local","5"
"2017","Alabama","GO0079","Special District Governments  - Single-function - Industrial development and mortgage credit","State and Local","6"
"2022","Alabama","GO0079","Special District Governments  - Single-function - Industrial development and mortgage credit","State and Local","11"
"2025","Alabama","GO0079","Special District Governments  - Single-function - Industrial development and mortgage credit","State and Local","11"
"2026","Alabama","GO0079","Special District Governments  - Single-function - Industrial development and mortgage credit","State and Local","11"
"2012","Alabama","GO0082","Special District Governments - Multiple-function - Other multiple function districts","State and Local","20"
"2017","Alabama","GO0082","Special District Governments - Multiple-function - Other multiple function districts","State and Local","19"
"2022","Alabama","GO0082","Special District Governments - Multiple-function - Other multiple function districts","State and Local","22"
"2025","Alabama","GO0082","Special District Governments - Multiple-function - Other multiple function districts","State and Local","22"
"2026","Alabama","GO0082","Special District Governments - Multiple-function - Other multiple function districts","State and Local","22"
"2012","Alabama","GO0083","Special District Governments  - Single-function - Other natural resources","State and Local","1"
"2017","Alabama","GO0083","Special District Governments  - Single-function - Other natural resources","State and Local","1"
"2022","Alabama","GO0083","Special District Governments  - Single-function - Other natural resources","State and Local","1"
"2025","Alabama","GO0083","Special District Governments  - Single-function - Other natural resources","State and Local","1"
"2026","Alabama","GO0083","Special District Governments  - Single-function - Other natural resources","State and Local","1"
"2012","Alabama","GO0084","Special District Governments  - Single-function - Other single function districts","State and Local","20"
"2017","Alabama","GO0084","Special District Governments  - Single-function - Other single function districts","State and Local","20"
"2022","Alabama","GO0084","Special District Governments  - Single-function - Other single function districts","State and Local","21"
"2025","Alabama","GO0084","Special District Governments  - Single-function - Other single function districts","State and Local","20"
"2026","Alabama","GO0084","Special District Governments  - Single-function - Other single function districts","State and Local","19"
"2012","Alabama","GO0085","Special District Governments  - Single-function - Other transportation","State and Local","2"
"2012","Alabama","GO0086","Special District Governments  - Single-function - Other utility districts","State and Local","19"
"2017","Alabama","GO0086","Special District Governments  - Single-function - Other utility districts","State and Local","18"
"2022","Alabama","GO0086","Special District Governments  - Single-function - Other utility districts","State and Local","20"
"2025","Alabama","GO0086","Special District Governments  - Single-function - Other utility districts","State and Local","20"
"2026","Alabama","GO0086","Special District Governments  - Single-function - Other utility districts","State and Local","20"
"2012","Alabama","GO0087","Special District Governments  - Single-function - Parks and recreation","State and Local","5"
"2017","Alabama","GO0087","Special District Governments  - Single-function - Parks and recreation","State and Local","6"
"2022","Alabama","GO0087","Special District Governments  - Single-function - Parks and recreation","State and Local","6"
"2025","Alabama","GO0087","Special District Governments  - Single-function - Parks and recreation","State and Local","8"
"2026","Alabama","GO0087","Special District Governments  - Single-function - Parks and recreation","State and Local","7"
"2012","Alabama","GO0088","Special District Governments  - Single-function - Sewerage","State and Local","1"
"2017","Alabama","GO0088","Special District Governments  - Single-function - Sewerage","State and Local","1"
"2022","Alabama","GO0088","Special District Governments  - Single-function - Sewerage","State and Local","2"
"2025","Alabama","GO0088","Special District Governments  - Single-function - Sewerage","State and Local","2"
"2026","Alabama","GO0088","Special District Governments  - Single-function - Sewerage","State and Local","2"
"2012","Alabama","GO0089","Special District Governments - Multiple-function - Sewerage and water supply","State and Local","7"
"2017","Alabama","GO0089","Special District Governments - Multiple-function - Sewerage and water supply","State and Local","7"
"2022","Alabama","GO0089","Special District Governments - Multiple-function - Sewerage and water supply","State and Local","7"
"2025","Alabama","GO0089","Special District Governments - Multiple-function - Sewerage and water supply","State and Local","7"
"2026","Alabama","GO0089","Special District Governments - Multiple-function - Sewerage and water supply","State and Local","7"
"2012","Alabama","GO0090","Special District Governments  - Single-function - Soil and water conservation","State and Local","67"
"2017","Alabama","GO0090","Special District Governments  - Single-function - Soil and water conservation","State and Local","67"
"2022","Alabama","GO0090","Special District Governments  - Single-function - Soil and water conservation","State and Local","67"
"2025","Alabama","GO0090","Special District Governments  - Single-function - Soil and water conservation","State and Local","67"
"2026","Alabama","GO0090","Special District Governments  - Single-function - Soil and water conservation","State and Local","67"
"2012","Alabama","GO0091","Special District Governments  - Single-function - Solid waste management","State and Local","9"
"2017","Alabama","GO0091","Special District Governments  - Single-function - Solid waste management","State and Local","8"
"2022","Alabama","GO0091","Special District Governments  - Single-function - Solid waste management","State and Local","11"
"2025","Alabama","GO0091","Special District Governments  - Single-function - Solid waste management","State and Local","11"
"2026","Alabama","GO0091","Special District Governments  - Single-function - Solid waste management","State and Local","11"
"2012","Alabama","GO0092","Total multiple-function special district governments","State and Local","27"
"2017","Alabama","GO0092","Total multiple-function special district governments","State and Local","26"
"2022","Alabama","GO0092","Total multiple-function special district governments","State and Local","29"
"2025","Alabama","GO0092","Total multiple-function special district governments","State and Local","29"
"2026","Alabama","GO0092","Total multiple-function special district governments","State and Local","29"
"2012","Alabama","GO0093","Special District Governments  - Single-function - Water supply","State and Local","142"
"2017","Alabama","GO0093","Special District Governments  - Single-function - Water supply","State and Local","131"
"2022","Alabama","GO0093","Special District Governments  - Single-function - Water supply","State and Local","126"
"2025","Alabama","GO0093","Special District Governments  - Single-function - Water supply","State and Local","125"
"2026","Alabama","GO0093","Special District Governments  - Single-function - Water supply","State and Local","125"
"2012","Alabama","GO0094","Special District Governments  - Single-function - Welfare","State and Local","2"
"2017","Alabama","GO0094","Special District Governments  - Single-function - Welfare","State and Local","2"
"2022","Alabama","GO0094","Special District Governments  - Single-function - Welfare","State and Local","2"
"2025","Alabama","GO0094","Special District Governments  - Single-function - Welfare","State and Local","2"
"2026","Alabama","GO0094","Special District Governments  - Single-function - Welfare","State and Local","2"
"2012","Alabama","GO0095","Total single-function special district governments","State and Local","521"
"2017","Alabama","GO0095","Total single-function special district governments","State and Local","504"
"2022","Alabama","GO0095","Total single-function special district governments","State and Local","512"
"2025","Alabama","GO0095","Total single-function special district governments","State and Local","513"
"2026","Alabama","GO0095","Total single-function special district governments","State and Local","511"
"2012","Alaska","GO0009","Total Local Government Units - Special Purpose Governments - Special District Governments","State and Local","15"
"2017","Alaska","GO0009","Total Local Government Units - Special Purpose Governments - Special District Governments","State and Local","15"
"2022","Alaska","GO0009","Total Local Government Units - Special Purpose Governments - Special District Governments","State and Local","17"
"2025","Alaska","GO0009","Total Local Government Units - Special Purpose Governments - Special District Governments","State and Local","17"
"2026","Alaska","GO0009","Total Local Government Units - Special Purpose Governments - Special District Governments","State and Local","17"
"2012","Alaska","GO0078","Special District Governments  - Single-function - Housing and community development","State and Local","14"
"2017","Alaska","GO0078","Special District Governments  - Single-function - Housing and community development","State and Local","14"
"2022","Alaska","GO0078","Special District Governments  - Single-function - Housing and community development","State and Local","15"
"2025","Alaska","GO0078","Special District Governments  - Single-function - Housing and community development","State and Local","15"
"2026","Alaska","GO0078","Special District Governments  - Single-function - Housing and community development","State and Local","15"
"2012","Alaska","GO0086","Special District Governments  - Single-function - Other utility districts","State and Local","1"
"2017","Alaska","GO0086","Special District Governments  - Single-function - Other utility districts","State and Local","1"
"2022","Alaska","GO0086","Special District Governments  - Single-function - Other utility districts","State and Local","1"
"2025","Alaska","GO0086","Special District Governments  - Single-function - Other utility districts","State and Local","1"
"2026","Alaska","GO0086","Special District Governments  - Single-function - Other utility districts","State and Local","1"
"2022","Alaska","GO0091","Special District Governments  - Single-function - Solid waste management","State and Local","1"
"2025","Alaska","GO0091","Special District Governments  - Single-function - Solid waste management","State and Local","1"
"2026","Alaska","GO0091","Special District Governments  - Single-function - Solid waste management","State and Local","1"
"2012","Alaska","GO0095","Total single-function special district governments","State and Local","15"
"2017","Alaska","GO0095","Total single-function special district governments","State and Local","15"
"2022","Alaska","GO0095","Total single-function special district governments","State and Local","17"
"2025","Alaska","GO0095","Total single-function special district governments","State and Local","17"
"2026","Alaska","GO0095","Total single-function special district governments","State and Local","17"
"2012","Arizona","GO0009","Total Local Government Units - Special Purpose Governments - Special District Governments","State and Local","326"
"2017","Arizona","GO0009","Total Local Government Units - Special Purpose Governments - Special District Governments","State and Local","310"
"2022","Arizona","GO0009","Total Local Government Units - Special Purpose Governments - Special District Governments","State and Local","326"
"2025","Arizona","GO0009","Total Local Government Units - Special Purpose Governments - Special District Governments","State and Local","336"
"2026","Arizona","GO0009","Total Local Government Units - Special Purpose Governments - Special District Governments","State and Local","346"
"2012","Arizona","GO0070","Special District Governments  - Single-function - Air transportation","State and Local","1"
"2017","Arizona","GO0070","Special District Governments  - Single-function - Air transportation","State and Local","1"
"2022","Arizona","GO0070","Special District Governments  - Single-function - Air transportation","State and Local","1"
"2025","Arizona","GO0070","Special District Governments  - Single-function - Air transportation","State and Local","1"
"2026","Arizona","GO0070","Special District Governments  - Single-function - Air transportation","State and Local","1"
"2012","Arizona","GO0072","Special District Governments  - Single-function - Drainage and flood control","State and Local","16"
"2017","Arizona","GO0072","Special District Governments  - Single-function - Drainage and flood control","State and Local","12"
"2022","Arizona","GO0072","Special District Governments  - Single-function - Drainage and flood control","State and Local","12"
"2025","Arizona","GO0072","Special District Governments  - Single-function - Drainage and flood control","State and Local","12"
"2026","Arizona","GO0072","Special District Governments  - Single-function - Drainage and flood control","State and Local","12"
"2012","Arizona","GO0074","Special District Governments  - Single-function - Fire protection","State and Local","156"
"2017","Arizona","GO0074","Special District Governments  - Single-function - Fire protection","State and Local","151"
"2022","Arizona","GO0074","Special District Governments  - Single-function - Fire protection","State and Local","145"
"2025","Arizona","GO0074","Special District Governments  - Single-function - Fire protection","State and Local","145"
"2026","Arizona","GO0074","Special District Governments  - Single-function - Fire protection","State and Local","145"
"2012","Arizona","GO0075","Special District Governments  - Single-function - Health","State and Local","6"
"2017","Arizona","GO0075","Special District Governments  - Single-function - Health","State and Local","6"
"2022","Arizona","GO0075","Special District Governments  - Single-function - Health","State and Local","6"
"2025","Arizona","GO0075","Special District Governments  - Single-function - Health","State and Local","6"
"2026","Arizona","GO0075","Special District Governments  - Single-function - Health","State and Local","6"
"2012","Arizona","GO0076","Special District Governments  - Single-function - Highways","State and Local","2"
"2017","Arizona","GO0076","Special District Governments  - Single-function - Highways","State and Local","2"
"2022","Arizona","GO0076","Special District Governments  - Single-function - Highways","State and Local","2"
"2025","Arizona","GO0076","Special District Governments  - Single-function - Highways","State and Local","2"
"2026","Arizona","GO0076","Special District Governments  - Single-function - Highways","State and Local","2"
"2012","Arizona","GO0077","Special District Governments  - Single-function - Hospitals","State and Local","10"
"2017","Arizona","GO0077","Special District Governments  - Single-function - Hospitals","State and Local","10"
"2022","Arizona","GO0077","Special District Governments  - Single-function - Hospitals","State and Local","10"
"2025","Arizona","GO0077","Special District Governments  - Single-function - Hospitals","State and Local","10"
"2026","Arizona","GO0077","Special District Governments  - Single-function - Hospitals","State and Local","10"
"2012","Arizona","GO0081","Special District Governments - Multiple-function - Natural resources and water supply","State and Local","3"
"2017","Arizona","GO0081","Special District Governments - Multiple-function - Natural resources and water supply","State and Local","2"
"2022","Arizona","GO0081","Special District Governments - Multiple-function - Natural resources and water supply","State and Local","2"
"2025","Arizona","GO0081","Special District Governments - Multiple-function - Natural resources and water supply","State and Local","2"
"2026","Arizona","GO0081","Special District Governments - Multiple-function - Natural resources and water supply","State and Local","2"
"2012","Arizona","GO0082","Special District Governments - Multiple-function - Other multiple function districts","State and Local","9"
"2017","Arizona","GO0082","Special District Governments - Multiple-function - Other multiple function districts","State and Local","9"
"2022","Arizona","GO0082","Special District Governments - Multiple-function - Other multiple function districts","State and Local","10"
"2025","Arizona","GO0082","Special District Governments - Multiple-function - Other multiple function districts","State and Local","10"
"2026","Arizona","GO0082","Special District Governments - Multiple-function - Other multiple function districts","State and Local","10"
"2012","Arizona","GO0083","Special District Governments  - Single-function - Other natural resources","State and Local","75"
"2017","Arizona","GO0083","Special District Governments  - Single-function - Other natural resources","State and Local","71"
"2022","Arizona","GO0083","Special District Governments  - Single-function - Other natural resources","State and Local","92"
"2025","Arizona","GO0083","Special District Governments  - Single-function - Other natural resources","State and Local","102"
"2026","Arizona","GO0083","Special District Governments  - Single-function - Other natural resources","State and Local","112"
"2012","Arizona","GO0086","Special District Governments  - Single-function - Other utility districts","State and Local","14"
"2017","Arizona","GO0086","Special District Governments  - Single-function - Other utility districts","State and Local","13"
"2022","Arizona","GO0086","Special District Governments  - Single-function - Other utility districts","State and Local","14"
"2025","Arizona","GO0086","Special District Governments  - Single-function - Other utility districts","State and Local","14"
"2026","Arizona","GO0086","Special District Governments  - Single-function - Other utility districts","State and Local","14"
"2022","Arizona","GO0087","Special District Governments  - Single-function - Parks and recreation","State and Local","1"
"2025","Arizona","GO0087","Special District Governments  - Single-function - Parks and recreation","State and Local","1"
"2026","Arizona","GO0087","Special District Governments  - Single-function - Parks and recreation","State and Local","1"
"2012","Arizona","GO0088","Special District Governments  - Single-function - Sewerage","State and Local","23"
"2017","Arizona","GO0088","Special District Governments  - Single-function - Sewerage","State and Local","22"
"2022","Arizona","GO0088","Special District Governments  - Single-function - Sewerage","State and Local","20"
"2025","Arizona","GO0088","Special District Governments  - Single-function - Sewerage","State and Local","20"
"2026","Arizona","GO0088","Special District Governments  - Single-function - Sewerage","State and Local","20"
"2012","Arizona","GO0089","Special District Governments - Multiple-function - Sewerage and water supply","State and Local","1"
"2017","Arizona","GO0089","Special District Governments - Multiple-function - Sewerage and water supply","State and Local","1"
"2022","Arizona","GO0089","Special District Governments - Multiple-function - Sewerage and water supply","State and Local","1"
"2025","Arizona","GO0089","Special District Governments - Multiple-function - Sewerage and water supply","State and Local","1"
"2026","Arizona","GO0089","Special District Governments - Multiple-function - Sewerage and water supply","State and Local","1"
"2012","Arizona","GO0090","Special District Governments  - Single-function - Soil and water conservation","State and Local","1"
"2017","Arizona","GO0090","Special District Governments  - Single-function - Soil and water conservation","State and Local","1"
"2022","Arizona","GO0090","Special District Governments  - Single-function - Soil and water conservation","State and Local","1"
"2025","Arizona","GO0090","Special District Governments  - Single-function - Soil and water conservation","State and Local","1"
"2026","Arizona","GO0090","Special District Governments  - Single-function - Soil and water conservation","State and Local","1"
"2012","Arizona","GO0092","Total multiple-function special district governments","State and Local","13"
"2017","Arizona","GO0092","Total multiple-function special district governments","State and Local","12"
"2022","Arizona","GO0092","Total multiple-function special district governments","State and Local","13"
"2025","Arizona","GO0092","Total multiple-function special district governments","State and Local","13"
"2026","Arizona","GO0092","Total multiple-function special district governments","State and Local","13"
"2012","Arizona","GO0093","Special District Governments  - Single-function - Water supply","State and Local","9"
"2017","Arizona","GO0093","Special District Governments  - Single-function - Water supply","State and Local","9"
"2022","Arizona","GO0093","Special District Governments  - Single-function - Water supply","State and Local","9"
"2025","Arizona","GO0093","Special District Governments  - Single-function - Water supply","State and Local","9"
"2026","Arizona","GO0093","Special District Governments  - Single-function - Water supply","State and Local","9"
"2012","Arizona","GO0095","Total single-function special district governments","State and Local","313"
"2017","Arizona","GO0095","Total single-function special district governments","State and Local","298"
"2022","Arizona","GO0095","Total single-function special district governments","State and Local","313"
"2025","Arizona","GO0095","Total single-function special district governments","State and Local","323"
"2026","Arizona","GO0095","Total single-function special district governments","State and Local","333"
"2012","Arkansas","GO0009","Total Local Government Units - Special Purpose Governments - Special District Governments","State and Local","740"
"2017","Arkansas","GO0009","Total Local Government Units - Special Purpose Governments - Special District Governments","State and Local","730"
"2022","Arkansas","GO0009","Total Local Government Units - Special Purpose Governments - Special District Governments","State and Local","753"
"2025","Arkansas","GO0009","Total Local Government Units - Special Purpose Governments - Special District Governments","State and Local","740"
"2026","Arkansas","GO0009","Total Local Government Units - Special Purpose Governments - Special District Governments","State and Local","741"
"2012","Arkansas","GO0070","Special District Governments  - Single-function - Air transportation","State and Local","7"
"2017","Arkansas","GO0070","Special District Governments  - Single-function - Air transportation","State and Local","8"
"2022","Arkansas","GO0070","Special District Governments  - Single-function - Air transportation","State and Local","8"
"2025","Arkansas","GO0070","Special District Governments  - Single-function - Air transportation","State and Local","8"
"2026","Arkansas","GO0070","Special District Governments  - Single-function - Air transportation","State and Local","8"
"2012","Arkansas","GO0072","Special District Governments  - Single-function - Drainage and flood control","State and Local","178"
"2017","Arkansas","GO0072","Special District Governments  - Single-function - Drainage and flood control","State and Local","176"
"2022","Arkansas","GO0072","Special District Governments  - Single-function - Drainage and flood control","State and Local","173"
"2025","Arkansas","GO0072","Special District Governments  - Single-function - Drainage and flood control","State and Local","172"
"2026","Arkansas","GO0072","Special District Governments  - Single-function - Drainage and flood control","State and Local","172"
"2012","Arkansas","GO0074","Special District Governments  - Single-function - Fire protection","State and Local","73"
"2017","Arkansas","GO0074","Special District Governments  - Single-function - Fire protection","State and Local","73"
"2022","Arkansas","GO0074","Special District Governments  - Single-function - Fire protection","State and Local","72"
"2025","Arkansas","GO0074","Special District Governments  - Single-function - Fire protection","State and Local","71"
"2026","Arkansas","GO0074","Special District Governments  - Single-function - Fire protection","State and Local","71"
"2012","Arkansas","GO0076","Special District Governments  - Single-function - Highways","State and Local","25"
"2017","Arkansas","GO0076","Special District Governments  - Single-function - Highways","State and Local","23"
"2022","Arkansas","GO0076","Special District Governments  - Single-function - Highways","State and Local","23"
"2025","Arkansas","GO0076","Special District Governments  - Single-function - Highways","State and Local","22"
"2026","Arkansas","GO0076","Special District Governments  - Single-function - Highways","State and Local","22"
"2012","Arkansas","GO0078","Special District Governments  - Single-function - Housing and community development","State and Local","119"
"2017","Arkansas","GO0078","Special District Governments  - Single-function - Housing and community development","State and Local","117"
"2022","Arkansas","GO0078","Special District Governments  - Single-function - Housing and community development","State and Local","117"
"2025","Arkansas","GO0078","Special District Governments  - Single-function - Housing and community development","State and Local","116"
"2026","Arkansas","GO0078","Special District Governments  - Single-function - Housing and community development","State and Local","116"
"2012","Arkansas","GO0079","Special District Governments  - Single-function - Industriaxfl development and mortgage credit","State and Local","1"
"2017","Arkansas","GO0079","Special District Governments  - Single-function - Industrial development and mortgage credit","State and Local","1"
"2022","Arkansas","GO0079","Special District Governments  - Single-function - Industrial development and mortgage credit","State and Local","1"
"2025","Arkansas","GO0079","Special District Governments  - Single-function - Industrial development and mortgage credit","State and Local","3"
"2026","Arkansas","GO0079","Special District Governments  - Single-function - Industrial development and mortgage credit","State and Local","3"
"2012","Arkansas","GO0080","Special District Governments  - Single-function - Libraries","State and Local","17"
"2017","Arkansas","GO0080","Special District Governments  - Single-function - Libraries","State and Local","17"
"2022","Arkansas","GO0080","Special District Governments  - Single-function - Libraries","State and Local","17"
"2025","Arkansas","GO0080","Special District Governments  - Single-function - Libraries","State and Local","17"
"2026","Arkansas","GO0080","Special District Governments  - Single-function - Libraries","State and Local","17"
"2012","Arkansas","GO0081","Special District Governments - Multiple-function - Natural resources and water supply","State and Local","2"
"2017","Arkansas","GO0081","Special District Governments - Multiple-function - Natural resources and water supply","State and Local","2"
"2022","Arkansas","GO0081","Special District Governments - Multiple-function - Natural resources and water supply","State and Local","2"
"2025","Arkansas","GO0081","Special District Governments - Multiple-function - Natural resources and water supply","State and Local","2"
"2026","Arkansas","GO0081","Special District Governments - Multiple-function - Natural resources and water supply","State and Local","2"
"2012","Arkansas","GO0082","Special District Governments - Multiple-function - Other multiple function districts","State and Local","63"
"2017","Arkansas","GO0082","Special District Governments - Multiple-function - Other multiple function districts","State and Local","60"
"2022","Arkansas","GO0082","Special District Governments - Multiple-function - Other multiple function districts","State and Local","64"
"2025","Arkansas","GO0082","Special District Governments - Multiple-function - Other multiple function districts","State and Local","60"
"2026","Arkansas","GO0082","Special District Governments - Multiple-function - Other multiple function districts","State and Local","60"
"2012","Arkansas","GO0083","Special District Governments  - Single-function - Other natural resources","State and Local","13"
"2017","Arkansas","GO0083","Special District Governments  - Single-function - Other natural resources","State and Local","13"
"2022","Arkansas","GO0083","Special District Governments  - Single-function - Other natural resources","State and Local","12"
"2025","Arkansas","GO0083","Special District Governments  - Single-function - Other natural resources","State and Local","13"
"2026","Arkansas","GO0083","Special District Governments  - Single-function - Other natural resources","State and Local","13"
"2012","Arkansas","GO0084","Special District Governments  - Single-function - Other single function districts","State and Local","9"
"2017","Arkansas","GO0084","Special District Governments  - Single-function - Other single function districts","State and Local","7"
"2022","Arkansas","GO0084","Special District Governments  - Single-function - Other single function districts","State and Local","33"
"2025","Arkansas","GO0084","Special District Governments  - Single-function - Other single function districts","State and Local","29"
"2026","Arkansas","GO0084","Special District Governments  - Single-function - Other single function districts","State and Local","29"
"2012","Arkansas","GO0085","Special District Governments  - Single-function - Other transportation","State and Local","4"
"2017","Arkansas","GO0085","Special District Governments  - Single-function - Other transportation","State and Local","4"
"2022","Arkansas","GO0085","Special District Governments  - Single-function - Other transportation","State and Local","4"
"2025","Arkansas","GO0085","Special District Governments  - Single-function - Other transportation","State and Local","5"
"2026","Arkansas","GO0085","Special District Governments  - Single-function - Other transportation","State and Local","5"
"2012","Arkansas","GO0086","Special District Governments  - Single-function - Other utility districts","State and Local","2"
"2017","Arkansas","GO0086","Special District Governments  - Single-function - Other utility districts","State and Local","2"
"2022","Arkansas","GO0086","Special District Governments  - Single-function - Other utility districts","State and Local","2"
"2025","Arkansas","GO0086","Special District Governments  - Single-function - Other utility districts","State and Local","2"
"2026","Arkansas","GO0086","Special District Governments  - Single-function - Other utility districts","State and Local","2"
"2012","Arkansas","GO0087","Special District Governments  - Single-function - Parks and recreation","State and Local","9"
"2017","Arkansas","GO0087","Special District Governments  - Single-function - Parks and recreation","State and Local","11"
"2022","Arkansas","GO0087","Special District Governments  - Single-function - Parks and recreation","State and Local","11"
"2025","Arkansas","GO0087","Special District Governments  - Single-function - Parks and recreation","State and Local","11"
"2026","Arkansas","GO0087","Special District Governments  - Single-function - Parks and recreation","State and Local","11"
"2012","Arkansas","GO0088","Special District Governments  - Single-function - Sewerage","State and Local","33"
"2017","Arkansas","GO0088","Special District Governments  - Single-function - Sewerage","State and Local","29"
"2022","Arkansas","GO0088","Special District Governments  - Single-function - Sewerage","State and Local","29"
"2025","Arkansas","GO0088","Special District Governments  - Single-function - Sewerage","State and Local","26"
"2026","Arkansas","GO0088","Special District Governments  - Single-function - Sewerage","State and Local","26"
"2012","Arkansas","GO0089","Special District Governments - Multiple-function - Sewerage and water supply","State and Local","11"
"2017","Arkansas","GO0089","Special District Governments - Multiple-function - Sewerage and water supply","State and Local","6"
"2022","Arkansas","GO0089","Special District Governments - Multiple-function - Sewerage and water supply","State and Local","6"
"2025","Arkansas","GO0089","Special District Governments - Multiple-function - Sewerage and water supply","State and Local","6"
"2026","Arkansas","GO0089","Special District Governments - Multiple-function - Sewerage and water supply","State and Local","6"
"2012","Arkansas","GO0090","Special District Governments  - Single-function - Soil and water conservation","State and Local","69"
"2017","Arkansas","GO0090","Special District Governments  - Single-function - Soil and water conservation","State and Local","69"
"2022","Arkansas","GO0090","Special District Governments  - Single-function - Soil and water conservation","State and Local","69"
"2025","Arkansas","GO0090","Special District Governments  - Single-function - Soil and water conservation","State and Local","69"
"2026","Arkansas","GO0090","Special District Governments  - Single-function - Soil and water conservation","State and Local","69"
"2012","Arkansas","GO0091","Special District Governments  - Single-function - Solid waste management","State and Local","21"
"2017","Arkansas","GO0091","Special District Governments  - Single-function - Solid waste management","State and Local","21"
"2022","Arkansas","GO0091","Special District Governments  - Single-function - Solid waste management","State and Local","21"
"2025","Arkansas","GO0091","Special District Governments  - Single-function - Solid waste management","State and Local","21"
"2026","Arkansas","GO0091","Special District Governments  - Single-function - Solid waste management","State and Local","21"
"2012","Arkansas","GO0092","Total multiple-function special district governments","State and Local","76"
"2017","Arkansas","GO0092","Total multiple-function special district governments","State and Local","68"
"2022","Arkansas","GO0092","Total multiple-function special district governments","State and Local","72"
"2025","Arkansas","GO0092","Total multiple-function special district governments","State and Local","68"
"2026","Arkansas","GO0092","Total multiple-function special district governments","State and Local","68"
"2012","Arkansas","GO0093","Special District Governments  - Single-function - Water supply","State and Local","84"
"2017","Arkansas","GO0093","Special District Governments  - Single-function - Water supply","State and Local","91"
"2022","Arkansas","GO0093","Special District Governments  - Single-function - Water supply","State and Local","89"
"2025","Arkansas","GO0093","Special District Governments  - Single-function - Water supply","State and Local","87"
"2026","Arkansas","GO0093","Special District Governments  - Single-function - Water supply","State and Local","88"
"2012","Arkansas","GO0095","Total single-function special district governments","State and Local","664"
"2017","Arkansas","GO0095","Total single-function special district governments","State and Local","662"
"2022","Arkansas","GO0095","Total single-function special district governments","State and Local","681"
"2025","Arkansas","GO0095","Total single-function special district governments","State and Local","672"
"2026","Arkansas","GO0095","Total single-function special district governments","State and Local","673"
"2012","California","GO0009","Total Local Government Units - Special Purpose Governments - Special District Governments","State and Local","2,861"
"2017","California","GO0009","Total Local Government Units - Special Purpose Governments - Special District Governments","State and Local","2,894"
"2022","California","GO0009","Total Local Government Units - Special Purpose Governments - Special District Governments","State and Local","2,949"
"2025","California","GO0009","Total Local Government Units - Special Purpose Governments - Special District Governments","State and Local","2,976"
"2026","California","GO0009","Total Local Government Units - Special Purpose Governments - Special District Governments","State and Local","3,004"
"2012","California","GO0070","Special District Governments  - Single-function - Air transportation","State and Local","15"
"2017","California","GO0070","Special District Governments  - Single-function - Air transportation","State and Local","15"
"2022","California","GO0070","Special District Governments  - Single-function - Air transportation","State and Local","15"
"2025","California","GO0070","Special District Governments  - Single-function - Air transportation","State and Local","15"
"2026","California","GO0070","Special District Governments  - Single-function - Air transportation","State and Local","15"
"2012","California","GO0071","Special District Governments  - Single-function - Cemeteries","State and Local","249"
"2017","California","GO0071","Special District Governments  - Single-function - Cemeteries","State and Local","249"
"2022","California","GO0071","Special District Governments  - Single-function - Cemeteries","State and Local","248"
"2025","California","GO0071","Special District Governments  - Single-function - Cemeteries","State and Local","248"
"2026","California","GO0071","Special District Governments  - Single-function - Cemeteries","State and Local","248"
"2012","California","GO0072","Special District Governments  - Single-function - Drainage and flood control","State and Local","54"
"2017","California","GO0072","Special District Governments  - Single-function - Drainage and flood control","State and Local","56"
"2022","California","GO0072","Special District Governments  - Single-function - Drainage and flood control","State and Local","57"
"2025","California","GO0072","Special District Governments  - Single-function - Drainage and flood control","State and Local","58"
"2026","California","GO0072","Special District Governments  - Single-function - Drainage and flood control","State and Local","58"
"2012","California","GO0073","Special District Governments  - Single-function - Education","State and Local","84"
"2017","California","GO0073","Special District Governments  - Single-function - Education","State and Local","92"
"2022","California","GO0073","Special District Governments  - Single-function - Education","State and Local","89"
"2025","California","GO0073","Special District Governments  - Single-function - Education","State and Local","90"
"2026","California","GO0073","Special District Governments  - Single-function - Education","State and Local","92"
"2012","California","GO0074","Special District Governments  - Single-function - Fire protection","State and Local","360"
"2017","California","GO0074","Special District Governments  - Single-function - Fire protection","State and Local","357"
"2022","California","GO0074","Special District Governments  - Single-function - Fire protection","State and Local","354"
"2025","California","GO0074","Special District Governments  - Single-function - Fire protection","State and Local","353"
"2026","California","GO0074","Special District Governments  - Single-function - Fire protection","State and Local","353"
"2012","California","GO0075","Special District Governments  - Single-function - Health","State and Local","113"
"2017","California","GO0075","Special District Governments  - Single-function - Health","State and Local","117"
"2022","California","GO0075","Special District Governments  - Single-function - Health","State and Local","115"
"2025","California","GO0075","Special District Governments  - Single-function - Health","State and Local","116"
"2026","California","GO0075","Special District Governments  - Single-function - Health","State and Local","118"
"2012","California","GO0076","Special District Governments  - Single-function - Highways","State and Local","61"
"2017","California","GO0076","Special District Governments  - Single-function - Highways","State and Local","68"
"2022","California","GO0076","Special District Governments  - Single-function - Highways","State and Local","71"
"2025","California","GO0076","Special District Governments  - Single-function - Highways","State and Local","72"
"2026","California","GO0076","Special District Governments  - Single-function - Highways","State and Local","72"
"2012","California","GO0077","Special District Governments  - Single-function - Hospitals","State and Local","53"
"2017","California","GO0077","Special District Governments  - Single-function - Hospitals","State and Local","51"
"2022","California","GO0077","Special District Governments  - Single-function - Hospitals","State and Local","49"
"2025","California","GO0077","Special District Governments  - Single-function - Hospitals","State and Local","49"
"2026","California","GO0077","Special District Governments  - Single-function - Hospitals","State and Local","49"
"2012","California","GO0078","Special District Governments  - Single-function - Housing and community development","State and Local","67"
"2017","California","GO0078","Special District Governments  - Single-function - Housing and community development","State and Local","64"
"2022","California","GO0078","Special District Governments  - Single-function - Housing and community development","State and Local","69"
"2025","California","GO0078","Special District Governments  - Single-function - Housing and community development","State and Local","71"
"2026","California","GO0078","Special District Governments  - Single-function - Housing and community development","State and Local","75"
"2012","California","GO0079","Special District Governments  - Single-function - Industrial development and mortgage credit","State and Local","12"
"2017","California","GO0079","Special District Governments  - Single-function - Industrial development and mortgage credit","State and Local","8"
"2022","California","GO0079","Special District Governments  - Single-function - Industrial development and mortgage credit","State and Local","8"
"2025","California","GO0079","Special District Governments  - Single-function - Industrial development and mortgage credit","State and Local","8"
"2026","California","GO0079","Special District Governments  - Single-function - Industrial development and mortgage credit","State and Local","8"
"2012","California","GO0080","Special District Governments  - Single-function - Libraries","State and Local","36"
"2017","California","GO0080","Special District Governments  - Single-function - Libraries","State and Local","33"
"2022","California","GO0080","Special District Governments  - Single-function - Libraries","State and Local","32"
"2025","California","GO0080","Special District Governments  - Single-function - Libraries","State and Local","32"
"2026","California","GO0080","Special District Governments  - Single-function - Libraries","State and Local","33"
"2012","California","GO0081","Special District Governments - Multiple-function - Natural resources and water supply","State and Local","26"
"2017","California","GO0081","Special District Governments - Multiple-function - Natural resources and water supply","State and Local","28"
"2022","California","GO0081","Special District Governments - Multiple-function - Natural resources and water supply","State and Local","65"
"2025","California","GO0081","Special District Governments - Multiple-function - Natural resources and water supply","State and Local","72"
"2026","California","GO0081","Special District Governments - Multiple-function - Natural resources and water supply","State and Local","76"
"2012","California","GO0082","Special District Governments - Multiple-function - Other multiple function districts","State and Local","274"
"2017","California","GO0082","Special District Governments - Multiple-function - Other multiple function districts","State and Local","270"
"2022","California","GO0082","Special District Governments - Multiple-function - Other multiple function districts","State and Local","278"
"2025","California","GO0082","Special District Governments - Multiple-function - Other multiple function districts","State and Local","279"
"2026","California","GO0082","Special District Governments - Multiple-function - Other multiple function districts","State and Local","281"
"2012","California","GO0083","Special District Governments  - Single-function - Other natural resources","State and Local","326"
"2017","California","GO0083","Special District Governments  - Single-function - Other natural resources","State and Local","327"
"2022","California","GO0083","Special District Governments  - Single-function - Other natural resources","State and Local","332"
"2025","California","GO0083","Special District Governments  - Single-function - Other natural resources","State and Local","331"
"2026","California","GO0083","Special District Governments  - Single-function - Other natural resources","State and Local","333"
"2012","California","GO0084","Special District Governments  - Single-function - Other single function districts","State and Local","189"
"2017","California","GO0084","Special District Governments  - Single-function - Other single function districts","State and Local","214"
"2022","California","GO0084","Special District Governments  - Single-function - Other single function districts","State and Local","214"
"2025","California","GO0084","Special District Governments  - Single-function - Other single function districts","State and Local","221"
"2026","California","GO0084","Special District Governments  - Single-function - Other single function districts","State and Local","227"
"2012","California","GO0085","Special District Governments  - Single-function - Other transportation","State and Local","10"
"2017","California","GO0085","Special District Governments  - Single-function - Other transportation","State and Local","10"
"2022","California","GO0085","Special District Governments  - Single-function - Other transportation","State and Local","11"
"2025","California","GO0085","Special District Governments  - Single-function - Other transportation","State and Local","11"
"2026","California","GO0085","Special District Governments  - Single-function - Other transportation","State and Local","11"
"2012","California","GO0086","Special District Governments  - Single-function - Other utility districts","State and Local","86"
"2017","California","GO0086","Special District Governments  - Single-function - Other utility districts","State and Local","86"
"2022","California","GO0086","Special District Governments  - Single-function - Other utility districts","State and Local","95"
"2025","California","GO0086","Special District Governments  - Single-function - Other utility districts","State and Local","98"
"2026","California","GO0086","Special District Governments  - Single-function - Other utility districts","State and Local","98"
"2012","California","GO0087","Special District Governments  - Single-function - Parks and recreation","State and Local","150"
"2017","California","GO0087","Special District Governments  - Single-function - Parks and recreation","State and Local","151"
"2022","California","GO0087","Special District Governments  - Single-function - Parks and recreation","State and Local","148"
"2025","California","GO0087","Special District Governments  - Single-function - Parks and recreation","State and Local","148"
"2026","California","GO0087","Special District Governments  - Single-function - Parks and recreation","State and Local","148"
"2012","California","GO0088","Special District Governments  - Single-function - Sewerage","State and Local","116"
"2017","California","GO0088","Special District Governments  - Single-function - Sewerage","State and Local","118"
"2022","California","GO0088","Special District Governments  - Single-function - Sewerage","State and Local","115"
"2025","California","GO0088","Special District Governments  - Single-function - Sewerage","State and Local","116"
"2026","California","GO0088","Special District Governments  - Single-function - Sewerage","State and Local","116"
"2012","California","GO0089","Special District Governments - Multiple-function - Sewerage and water supply","State and Local","112"
"2017","California","GO0089","Special District Governments - Multiple-function - Sewerage and water supply","State and Local","109"
"2022","California","GO0089","Special District Governments - Multiple-function - Sewerage and water supply","State and Local","106"
"2025","California","GO0089","Special District Governments - Multiple-function - Sewerage and water supply","State and Local","107"
"2026","California","GO0089","Special District Governments - Multiple-function - Sewerage and water supply","State and Local","107"
"2012","California","GO0090","Special District Governments  - Single-function - Soil and water conservation","State and Local","99"
"2017","California","GO0090","Special District Governments  - Single-function - Soil and water conservation","State and Local","101"
"2022","California","GO0090","Special District Governments  - Single-function - Soil and water conservation","State and Local","102"
"2025","California","GO0090","Special District Governments  - Single-function - Soil and water conservation","State and Local","103"
"2026","California","GO0090","Special District Governments  - Single-function - Soil and water conservation","State and Local","103"
"2012","California","GO0091","Special District Governments  - Single-function - Solid waste management","State and Local","32"
"2017","California","GO0091","Special District Governments  - Single-function - Solid waste management","State and Local","33"
"2022","California","GO0091","Special District Governments  - Single-function - Solid waste management","State and Local","32"
"2025","California","GO0091","Special District Governments  - Single-function - Solid waste management","State and Local","32"
"2026","California","GO0091","Special District Governments  - Single-function - Solid waste management","State and Local","32"
"2012","California","GO0092","Total multiple-function special district governments","State and Local","412"
"2017","California","GO0092","Total multiple-function special district governments","State and Local","407"
"2022","California","GO0092","Total multiple-function special district governments","State and Local","449"
"2025","California","GO0092","Total multiple-function special district governments","State and Local","458"
"2026","California","GO0092","Total multiple-function special district governments","State and Local","464"
"2012","California","GO0093","Special District Governments  - Single-function - Water supply","State and Local","334"
"2017","California","GO0093","Special District Governments  - Single-function - Water supply","State and Local","334"
"2022","California","GO0093","Special District Governments  - Single-function - Water supply","State and Local","341"
"2025","California","GO0093","Special District Governments  - Single-function - Water supply","State and Local","343"
"2026","California","GO0093","Special District Governments  - Single-function - Water supply","State and Local","348"
"2012","California","GO0094","Special District Governments  - Single-function - Welfare","State and Local","3"
"2017","California","GO0094","Special District Governments  - Single-function - Welfare","State and Local","3"
"2022","California","GO0094","Special District Governments  - Single-function - Welfare","State and Local","3"
"2025","California","GO0094","Special District Governments  - Single-function - Welfare","State and Local","3"
"2026","California","GO0094","Special District Governments  - Single-function - Welfare","State and Local","3"
"2012","California","GO0095","Total single-function special district governments","State and Local","2,449"
"2017","California","GO0095","Total single-function special district governments","State and Local","2,487"
"2022","California","GO0095","Total single-function special district governments","State and Local","2,500"
"2025","California","GO0095","Total single-function special district governments","State and Local","2,518"
"2026","California","GO0095","Total single-function special district governments","State and Local","2,540"
"2012","Colorado","GO0009","Total Local Government Units - Special Purpose Governments - Special District Governments","State and Local","2,392"
"2017","Colorado","GO0009","Total Local Government Units - Special Purpose Governments - Special District Governments","State and Local","2,628"
"2022","Colorado","GO0009","Total Local Government Units - Special Purpose Governments - Special District Governments","State and Local","3,201"
"2025","Colorado","GO0009","Total Local Government Units - Special Purpose Governments - Special District Governments","State and Local","3,538"
"2026","Colorado","GO0009","Total Local Government Units - Special Purpose Governments - Special District Governments","State and Local","3,643"
"2012","Colorado","GO0070","Special District Governments  - Single-function - Air transportation","State and Local","4"
"2017","Colorado","GO0070","Special District Governments  - Single-function - Air transportation","State and Local","4"
"2022","Colorado","GO0070","Special District Governments  - Single-function - Air transportation","State and Local","4"
"2025","Colorado","GO0070","Special District Governments  - Single-function - Air transportation","State and Local","4"
"2026","Colorado","GO0070","Special District Governments  - Single-function - Air transportation","State and Local","4"
"2012","Colorado","GO0071","Special District Governments  - Single-function - Cemeteries","State and Local","81"
"2017","Colorado","GO0071","Special District Governments  - Single-function - Cemeteries","State and Local","81"
"2022","Colorado","GO0071","Special District Governments  - Single-function - Cemeteries","State and Local","81"
"2025","Colorado","GO0071","Special District Governments  - Single-function - Cemeteries","State and Local","81"
"2026","Colorado","GO0071","Special District Governments  - Single-function - Cemeteries","State and Local","81"
"2012","Colorado","GO0072","Special District Governments  - Single-function - Drainage and flood control","State and Local","35"
"2017","Colorado","GO0072","Special District Governments  - Single-function - Drainage and flood control","State and Local","35"
"2022","Colorado","GO0072","Special District Governments  - Single-function - Drainage and flood control","State and Local","33"
"2025","Colorado","GO0072","Special District Governments  - Single-function - Drainage and flood control","State and Local","32"
"2026","Colorado","GO0072","Special District Governments  - Single-function - Drainage and flood control","State and Local","31"
"2012","Colorado","GO0074","Special District Governments  - Single-function - Fire protection","State and Local","260"
"2017","Colorado","GO0074","Special District Governments  - Single-function - Fire protection","State and Local","261"
"2022","Colorado","GO0074","Special District Governments  - Single-function - Fire protection","State and Local","259"
"2025","Colorado","GO0074","Special District Governments  - Single-function - Fire protection","State and Local","258"
"2026","Colorado","GO0074","Special District Governments  - Single-function - Fire protection","State and Local","255"
"2012","Colorado","GO0075","Special District Governments  - Single-function - Health","State and Local","29"
"2017","Colorado","GO0075","Special District Governments  - Single-function - Health","State and Local","27"
"2022","Colorado","GO0075","Special District Governments  - Single-function - Health","State and Local","30"
"2025","Colorado","GO0075","Special District Governments  - Single-function - Health","State and Local","30"
"2026","Colorado","GO0075","Special District Governments  - Single-function - Health","State and Local","31"
"2012","Colorado","GO0076","Special District Governments  - Single-function - Highways","State and Local","27"
"2017","Colorado","GO0076","Special District Governments  - Single-function - Highways","State and Local","25"
"2022","Colorado","GO0076","Special District Governments  - Single-function - Highways","State and Local","22"
"2025","Colorado","GO0076","Special District Governments  - Single-function - Highways","State and Local","22"
"2026","Colorado","GO0076","Special District Governments  - Single-function - Highways","State and Local","22"
"2012","Colorado","GO0077","Special District Governments  - Single-function - Hospitals","State and Local","23"
"2017","Colorado","GO0077","Special District Governments  - Single-function - Hospitals","State and Local","23"
"2022","Colorado","GO0077","Special District Governments  - Single-function - Hospitals","State and Local","24"
"2025","Colorado","GO0077","Special District Governments  - Single-function - Hospitals","State and Local","24"
"2026","Colorado","GO0077","Special District Governments  - Single-function - Hospitals","State and Local","23"
"2012","Colorado","GO0078","Special District Governments  - Single-function - Housing and community development","State and Local","93"
"2017","Colorado","GO0078","Special District Governments  - Single-function - Housing and community development","State and Local","91"
"2022","Colorado","GO0078","Special District Governments  - Single-function - Housing and community development","State and Local","96"
"2025","Colorado","GO0078","Special District Governments  - Single-function - Housing and community development","State and Local","96"
"2026","Colorado","GO0078","Special District Governments  - Single-function - Housing and community development","State and Local","95"
"2012","Colorado","GO0079","Special District Governments  - Single-function - Industrial development and mortgage credit","State and Local","1"
"2017","Colorado","GO0079","Special District Governments  - Single-function - Industrial development and mortgage credit","State and Local","1"
"2022","Colorado","GO0079","Special District Governments  - Single-function - Industrial development and mortgage credit","State and Local","1"
"2025","Colorado","GO0079","Special District Governments  - Single-function - Industrial development and mortgage credit","State and Local","1"
"2026","Colorado","GO0079","Special District Governments  - Single-function - Industrial development and mortgage credit","State and Local","1"
"2012","Colorado","GO0080","Special District Governments  - Single-function - Libraries","State and Local","53"
"2017","Colorado","GO0080","Special District Governments  - Single-function - Libraries","State and Local","54"
"2022","Colorado","GO0080","Special District Governments  - Single-function - Libraries","State and Local","55"
"2025","Colorado","GO0080","Special District Governments  - Single-function - Libraries","State and Local","56"
"2026","Colorado","GO0080","Special District Governments  - Single-function - Libraries","State and Local","55"
"2012","Colorado","GO0081","Special District Governments - Multiple-function - Natural resources and water supply","State and Local","21"
"2017","Colorado","GO0081","Special District Governments - Multiple-function - Natural resources and water supply","State and Local","20"
"2022","Colorado","GO0081","Special District Governments - Multiple-function - Natural resources and water supply","State and Local","20"
"2025","Colorado","GO0081","Special District Governments - Multiple-function - Natural resources and water supply","State and Local","19"
"2026","Colorado","GO0081","Special District Governments - Multiple-function - Natural resources and water supply","State and Local","19"
"2012","Colorado","GO0082","Special District Governments - Multiple-function - Other multiple function districts","State and Local","1,147"
"2017","Colorado","GO0082","Special District Governments - Multiple-function - Other multiple function districts","State and Local","1,391"
"2022","Colorado","GO0082","Special District Governments - Multiple-function - Other multiple function districts","State and Local","1,952"
"2025","Colorado","GO0082","Special District Governments - Multiple-function - Other multiple function districts","State and Local","2,288"
"2026","Colorado","GO0082","Special District Governments - Multiple-function - Other multiple function districts","State and Local","2,407"
"2012","Colorado","GO0083","Special District Governments  - Single-function - Other natural resources","State and Local","53"
"2017","Colorado","GO0083","Special District Governments  - Single-function - Other natural resources","State and Local","53"
"2022","Colorado","GO0083","Special District Governments  - Single-function - Other natural resources","State and Local","54"
"2025","Colorado","GO0083","Special District Governments  - Single-function - Other natural resources","State and Local","54"
"2026","Colorado","GO0083","Special District Governments  - Single-function - Other natural resources","State and Local","53"
"2012","Colorado","GO0084","Special District Governments  - Single-function - Other single function districts","State and Local","68"
"2017","Colorado","GO0084","Special District Governments  - Single-function - Other single function districts","State and Local","65"
"2022","Colorado","GO0084","Special District Governments  - Single-function - Other single function districts","State and Local","75"
"2025","Colorado","GO0084","Special District Governments  - Single-function - Other single function districts","State and Local","75"
"2026","Colorado","GO0084","Special District Governments  - Single-function - Other single function districts","State and Local","71"
"2012","Colorado","GO0085","Special District Governments  - Single-function - Other transportation","State and Local","2"
"2017","Colorado","GO0085","Special District Governments  - Single-function - Other transportation","State and Local","2"
"2022","Colorado","GO0085","Special District Governments  - Single-function - Other transportation","State and Local","2"
"2025","Colorado","GO0085","Special District Governments  - Single-function - Other transportation","State and Local","2"
"2026","Colorado","GO0085","Special District Governments  - Single-function - Other transportation","State and Local","2"
"2012","Colorado","GO0086","Special District Governments  - Single-function - Other utility districts","State and Local","7"
"2017","Colorado","GO0086","Special District Governments  - Single-function - Other utility districts","State and Local","7"
"2022","Colorado","GO0086","Special District Governments  - Single-function - Other utility districts","State and Local","10"
"2025","Colorado","GO0086","Special District Governments  - Single-function - Other utility districts","State and Local","10"
"2026","Colorado","GO0086","Special District Governments  - Single-function - Other utility districts","State and Local","11"
"2012","Colorado","GO0087","Special District Governments  - Single-function - Parks and recreation","State and Local","70"
"2017","Colorado","GO0087","Special District Governments  - Single-function - Parks and recreation","State and Local","72"
"2022","Colorado","GO0087","Special District Governments  - Single-function - Parks and recreation","State and Local","73"
"2025","Colorado","GO0087","Special District Governments  - Single-function - Parks and recreation","State and Local","75"
"2026","Colorado","GO0087","Special District Governments  - Single-function - Parks and recreation","State and Local","76"
"2012","Colorado","GO0088","Special District Governments  - Single-function - Sewerage","State and Local","87"
"2017","Colorado","GO0088","Special District Governments  - Single-function - Sewerage","State and Local","87"
"2022","Colorado","GO0088","Special District Governments  - Single-function - Sewerage","State and Local","85"
"2025","Colorado","GO0088","Special District Governments  - Single-function - Sewerage","State and Local","85"
"2026","Colorado","GO0088","Special District Governments  - Single-function - Sewerage","State and Local","85"
"2012","Colorado","GO0089","Special District Governments - Multiple-function - Sewerage and water supply","State and Local","111"
"2017","Colorado","GO0089","Special District Governments - Multiple-function - Sewerage and water supply","State and Local","111"
"2022","Colorado","GO0089","Special District Governments - Multiple-function - Sewerage and water supply","State and Local","107"
"2025","Colorado","GO0089","Special District Governments - Multiple-function - Sewerage and water supply","State and Local","107"
"2026","Colorado","GO0089","Special District Governments - Multiple-function - Sewerage and water supply","State and Local","106"
"2012","Colorado","GO0090","Special District Governments  - Single-function - Soil and water conservation","State and Local","80"
"2017","Colorado","GO0090","Special District Governments  - Single-function - Soil and water conservation","State and Local","80"
"2022","Colorado","GO0090","Special District Governments  - Single-function - Soil and water conservation","State and Local","79"
"2025","Colorado","GO0090","Special District Governments  - Single-function - Soil and water conservation","State and Local","79"
"2026","Colorado","GO0090","Special District Governments  - Single-function - Soil and water conservation","State and Local","78"
"2012","Colorado","GO0091","Special District Governments  - Single-function - Solid waste management","State and Local","5"
"2017","Colorado","GO0091","Special District Governments  - Single-function - Solid waste management","State and Local","4"
"2022","Colorado","GO0091","Special District Governments  - Single-function - Solid waste management","State and Local","5"
"2025","Colorado","GO0091","Special District Governments  - Single-function - Solid waste management","State and Local","5"
"2026","Colorado","GO0091","Special District Governments  - Single-function - Solid waste management","State and Local","4"
"2012","Colorado","GO0092","Total multiple-function special district governments","State and Local","1,279"
"2017","Colorado","GO0092","Total multiple-function special district governments","State and Local","1,522"
"2022","Colorado","GO0092","Total multiple-function special district governments","State and Local","2,079"
"2025","Colorado","GO0092","Total multiple-function special district governments","State and Local","2,414"
"2026","Colorado","GO0092","Total multiple-function special district governments","State and Local","2,532"
"2012","Colorado","GO0093","Special District Governments  - Single-function - Water supply","State and Local","133"
"2017","Colorado","GO0093","Special District Governments  - Single-function - Water supply","State and Local","132"
"2022","Colorado","GO0093","Special District Governments  - Single-function - Water supply","State and Local","131"
"2025","Colorado","GO0093","Special District Governments  - Single-function - Water supply","State and Local","132"
"2026","Colorado","GO0093","Special District Governments  - Single-function - Water supply","State and Local","130"
"2012","Colorado","GO0094","Special District Governments  - Single-function - Welfare","State and Local","2"
"2017","Colorado","GO0094","Special District Governments  - Single-function - Welfare","State and Local","2"
"2022","Colorado","GO0094","Special District Governments  - Single-function - Welfare","State and Local","3"
"2025","Colorado","GO0094","Special District Governments  - Single-function - Welfare","State and Local","3"
"2026","Colorado","GO0094","Special District Governments  - Single-function - Welfare","State and Local","3"
"2012","Colorado","GO0095","Total single-function special district governments","State and Local","1,113"
"2017","Colorado","GO0095","Total single-function special district governments","State and Local","1,106"
"2022","Colorado","GO0095","Total single-function special district governments","State and Local","1,122"
"2025","Colorado","GO0095","Total single-function special district governments","State and Local","1,124"
"2026","Colorado","GO0095","Total single-function special district governments","State and Local","1,111"
"2012","Connecticut","GO0009","Total Local Government Units - Special Purpose Governments - Special District Governments","State and Local","447"
"2017","Connecticut","GO0009","Total Local Government Units - Special Purpose Governments - Special District Governments","State and Local","429"
"2022","Connecticut","GO0009","Total Local Government Units - Special Purpose Governments - Special District Governments","State and Local","433"
"2025","Connecticut","GO0009","Total Local Government Units - Special Purpose Governments - Special District Governments","State and Local","417"
"2026","Connecticut","GO0009","Total Local Government Units - Special Purpose Governments - Special District Governments","State and Local","416"
"2012","Connecticut","GO0070","Special District Governments  - Single-function - Air transportation","State and Local","1"
"2017","Connecticut","GO0070","Special District Governments  - Single-function - Air transportation","State and Local","1"
"2022","Connecticut","GO0070","Special District Governments  - Single-function - Air transportation","State and Local","1"
"2025","Connecticut","GO0070","Special District Governments  - Single-function - Air transportation","State and Local","1"
"2026","Connecticut","GO0070","Special District Governments  - Single-function - Air transportation","State and Local","1"
"2012","Connecticut","GO0072","Special District Governments  - Single-function - Drainage and flood control","State and Local","1"
"2017","Connecticut","GO0072","Special District Governments  - Single-function - Drainage and flood control","State and Local","1"
"2022","Connecticut","GO0072","Special District Governments  - Single-function - Drainage and flood control","State and Local","1"
"2025","Connecticut","GO0072","Special District Governments  - Single-function - Drainage and flood control","State and Local","1"
"2026","Connecticut","GO0072","Special District Governments  - Single-function - Drainage and flood control","State and Local","1"
"2012","Connecticut","GO0074","Special District Governments  - Single-function - Fire protection","State and Local","72"
"2017","Connecticut","GO0074","Special District Governments  - Single-function - Fire protection","State and Local","65"
"2022","Connecticut","GO0074","Special District Governments  - Single-function - Fire protection","State and Local","64"
"2025","Connecticut","GO0074","Special District Governments  - Single-function - Fire protection","State and Local","62"
"2026","Connecticut","GO0074","Special District Governments  - Single-function - Fire protection","State and Local","62"
"2012","Connecticut","GO0076","Special District Governments  - Single-function - Highways","State and Local","29"
"2017","Connecticut","GO0076","Special District Governments  - Single-function - Highways","State and Local","28"
"2022","Connecticut","GO0076","Special District Governments  - Single-function - Highways","State and Local","28"
"2025","Connecticut","GO0076","Special District Governments  - Single-function - Highways","State and Local","28"
"2026","Connecticut","GO0076","Special District Governments  - Single-function - Highways","State and Local","28"
"2012","Connecticut","GO0078","Special District Governments  - Single-function - Housing and community development","State and Local","114"
"2017","Connecticut","GO0078","Special District Governments  - Single-function - Housing and community development","State and Local","113"
"2022","Connecticut","GO0078","Special District Governments  - Single-function - Housing and community development","State and Local","113"
"2025","Connecticut","GO0078","Special District Governments  - Single-function - Housing and community development","State and Local","113"
"2026","Connecticut","GO0078","Special District Governments  - Single-function - Housing and community development","State and Local","113"
"2012","Connecticut","GO0082","Special District Governments - Multiple-function - Other multiple function districts","State and Local","76"
"2017","Connecticut","GO0082","Special District Governments - Multiple-function - Other multiple function districts","State and Local","75"
"2022","Connecticut","GO0082","Special District Governments - Multiple-function - Other multiple function districts","State and Local","77"
"2025","Connecticut","GO0082","Special District Governments - Multiple-function - Other multiple function districts","State and Local","76"
"2026","Connecticut","GO0082","Special District Governments - Multiple-function - Other multiple function districts","State and Local","76"
"2012","Connecticut","GO0084","Special District Governments  - Single-function - Other single function districts","State and Local","81"
"2017","Connecticut","GO0084","Special District Governments  - Single-function - Other single function districts","State and Local","78"
"2022","Connecticut","GO0084","Special District Governments  - Single-function - Other single function districts","State and Local","81"
"2025","Connecticut","GO0084","Special District Governments  - Single-function - Other single function districts","State and Local","71"
"2026","Connecticut","GO0084","Special District Governments  - Single-function - Other single function districts","State and Local","70"
"2012","Connecticut","GO0086","Special District Governments  - Single-function - Other utility districts","State and Local","18"
"2017","Connecticut","GO0086","Special District Governments  - Single-function - Other utility districts","State and Local","18"
"2022","Connecticut","GO0086","Special District Governments  - Single-function - Other utility districts","State and Local","18"
"2025","Connecticut","GO0086","Special District Governments  - Single-function - Other utility districts","State and Local","17"
"2026","Connecticut","GO0086","Special District Governments  - Single-function - Other utility districts","State and Local","17"
"2012","Connecticut","GO0087","Special District Governments  - Single-function - Parks and recreation","State and Local","28"
"2017","Connecticut","GO0087","Special District Governments  - Single-function - Parks and recreation","State and Local","25"
"2022","Connecticut","GO0087","Special District Governments  - Single-function - Parks and recreation","State and Local","25"
"2025","Connecticut","GO0087","Special District Governments  - Single-function - Parks and recreation","State and Local","24"
"2026","Connecticut","GO0087","Special District Governments  - Single-function - Parks and recreation","State and Local","24"
"2012","Connecticut","GO0088","Special District Governments  - Single-function - Sewerage","State and Local","10"
"2017","Connecticut","GO0088","Special District Governments  - Single-function - Sewerage","State and Local","10"
"2022","Connecticut","GO0088","Special District Governments  - Single-function - Sewerage","State and Local","10"
"2025","Connecticut","GO0088","Special District Governments  - Single-function - Sewerage","State and Local","9"
"2026","Connecticut","GO0088","Special District Governments  - Single-function - Sewerage","State and Local","9"
"2012","Connecticut","GO0089","Special District Governments - Multiple-function - Sewerage and water supply","State and Local","2"
"2017","Connecticut","GO0089","Special District Governments - Multiple-function - Sewerage and water supply","State and Local","2"
"2022","Connecticut","GO0089","Special District Governments - Multiple-function - Sewerage and water supply","State and Local","2"
"2025","Connecticut","GO0089","Special District Governments - Multiple-function - Sewerage and water supply","State and Local","2"
"2026","Connecticut","GO0089","Special District Governments - Multiple-function - Sewerage and water supply","State and Local","2"
"2012","Connecticut","GO0091","Special District Governments  - Single-function - Solid waste management","State and Local","6"
"2017","Connecticut","GO0091","Special District Governments  - Single-function - Solid waste management","State and Local","6"
"2022","Connecticut","GO0091","Special District Governments  - Single-function - Solid waste management","State and Local","6"
"2025","Connecticut","GO0091","Special District Governments  - Single-function - Solid waste management","State and Local","6"
"2026","Connecticut","GO0091","Special District Governments  - Single-function - Solid waste management","State and Local","6"
"2012","Connecticut","GO0092","Total multiple-function special district governments","State and Local","78"
"2017","Connecticut","GO0092","Total multiple-function special district governments","State and Local","77"
"2022","Connecticut","GO0092","Total multiple-function special district governments","State and Local","79"
"2025","Connecticut","GO0092","Total multiple-function special district governments","State and Local","78"
"2026","Connecticut","GO0092","Total multiple-function special district governments","State and Local","78"
"2012","Connecticut","GO0093","Special District Governments  - Single-function - Water supply","State and Local","9"
"2017","Connecticut","GO0093","Special District Governments  - Single-function - Water supply","State and Local","7"
"2022","Connecticut","GO0093","Special District Governments  - Single-function - Water supply","State and Local","7"
"2025","Connecticut","GO0093","Special District Governments  - Single-function - Water supply","State and Local","7"
"2026","Connecticut","GO0093","Special District Governments  - Single-function - Water supply","State and Local","7"
"2012","Connecticut","GO0095","Total single-function special district governments","State and Local","369"
"2017","Connecticut","GO0095","Total single-function special district governments","State and Local","352"
"2022","Connecticut","GO0095","Total single-function special district governments","State and Local","354"
"2025","Connecticut","GO0095","Total single-function special district governments","State and Local","339"
"2026","Connecticut","GO0095","Total single-function special district governments","State and Local","338"
"2012","Delaware","GO0009","Total Local Government Units - Special Purpose Governments - Special District Governments","State and Local","260"
"2017","Delaware","GO0009","Total Local Government Units - Special Purpose Governments - Special District Governments","State and Local","255"
"2022","Delaware","GO0009","Total Local Government Units - Special Purpose Governments - Special District Governments","State and Local","255"
"2025","Delaware","GO0009","Total Local Government Units - Special Purpose Governments - Special District Governments","State and Local","255"
"2026","Delaware","GO0009","Total Local Government Units - Special Purpose Governments - Special District Governments","State and Local","255"
"2012","Delaware","GO0072","Special District Governments  - Single-function - Drainage and flood control","State and Local","238"
"2017","Delaware","GO0072","Special District Governments  - Single-function - Drainage and flood control","State and Local","233"
"2022","Delaware","GO0072","Special District Governments  - Single-function - Drainage and flood control","State and Local","233"
"2025","Delaware","GO0072","Special District Governments  - Single-function - Drainage and flood control","State and Local","233"
"2026","Delaware","GO0072","Special District Governments  - Single-function - Drainage and flood control","State and Local","233"
"2012","Delaware","GO0078","Special District Governments  - Single-function - Housing and community development","State and Local","4"
"2017","Delaware","GO0078","Special District Governments  - Single-function - Housing and community development","State and Local","4"
"2022","Delaware","GO0078","Special District Governments  - Single-function - Housing and community development","State and Local","4"
"2025","Delaware","GO0078","Special District Governments  - Single-function - Housing and community development","State and Local","4"
"2026","Delaware","GO0078","Special District Governments  - Single-function - Housing and community development","State and Local","4"
"2012","Delaware","GO0080","Special District Governments  - Single-function - Libraries","State and Local","14"
"2017","Delaware","GO0080","Special District Governments  - Single-function - Libraries","State and Local","14"
"2022","Delaware","GO0080","Special District Governments  - Single-function - Libraries","State and Local","14"
"2025","Delaware","GO0080","Special District Governments  - Single-function - Libraries","State and Local","14"
"2026","Delaware","GO0080","Special District Governments  - Single-function - Libraries","State and Local","14"
"2012","Delaware","GO0082","Special District Governments - Multiple-function - Other multiple function districts","State and Local","1"
"2017","Delaware","GO0082","Special District Governments - Multiple-function - Other multiple function districts","State and Local","1"
"2022","Delaware","GO0082","Special District Governments - Multiple-function - Other multiple function districts","State and Local","1"
"2025","Delaware","GO0082","Special District Governments - Multiple-function - Other multiple function districts","State and Local","1"
"2026","Delaware","GO0082","Special District Governments - Multiple-function - Other multiple function districts","State and Local","1"
"2012","Delaware","GO0086","Special District Governments  - Single-function - Other utility districts","State and Local","1"
"2017","Delaware","GO0086","Special District Governments  - Single-function - Other utility districts","State and Local","1"
"2022","Delaware","GO0086","Special District Governments  - Single-function - Other utility districts","State and Local","1"
"2025","Delaware","GO0086","Special District Governments  - Single-function - Other utility districts","State and Local","1"
"2026","Delaware","GO0086","Special District Governments  - Single-function - Other utility districts","State and Local","1"
"2012","Delaware","GO0087","Special District Governments  - Single-function - Parks and recreation","State and Local","1"
"2017","Delaware","GO0087","Special District Governments  - Single-function - Parks and recreation","State and Local","1"
"2022","Delaware","GO0087","Special District Governments  - Single-function - Parks and recreation","State and Local","1"
"2025","Delaware","GO0087","Special District Governments  - Single-function - Parks and recreation","State and Local","1"
"2026","Delaware","GO0087","Special District Governments  - Single-function - Parks and recreation","State and Local","1"
"2012","Delaware","GO0089","Special District Governments - Multiple-function - Sewerage and water supply","State and Local","1"
"2017","Delaware","GO0089","Special District Governments - Multiple-function - Sewerage and water supply","State and Local","1"
"2022","Delaware","GO0089","Special District Governments - Multiple-function - Sewerage and water supply","State and Local","1"
"2025","Delaware","GO0089","Special District Governments - Multiple-function - Sewerage and water supply","State and Local","1"
"2026","Delaware","GO0089","Special District Governments - Multiple-function - Sewerage and water supply","State and Local","1"
"2012","Delaware","GO0092","Total multiple-function special district governments","State and Local","2"
"2017","Delaware","GO0092","Total multiple-function special district governments","State and Local","2"
"2022","Delaware","GO0092","Total multiple-function special district governments","State and Local","2"
"2025","Delaware","GO0092","Total multiple-function special district governments","State and Local","2"
"2026","Delaware","GO0092","Total multiple-function special district governments","State and Local","2"
"2012","Delaware","GO0095","Total single-function special district governments","State and Local","258"
"2017","Delaware","GO0095","Total single-function special district governments","State and Local","253"
"2022","Delaware","GO0095","Total single-function special district governments","State and Local","253"
"2025","Delaware","GO0095","Total single-function special district governments","State and Local","253"
"2026","Delaware","GO0095","Total single-function special district governments","State and Local","253"
"2012","District of Columbia","GO0009","Total Local Government Units - Special Purpose Governments - Special District Governments","State and Local","1"
"2017","District of Columbia","GO0009","Total Local Government Units - Special Purpose Governments - Special District Governments","State and Local","1"
"2022","District of Columbia","GO0009","Total Local Government Units - Special Purpose Governments - Special District Governments","State and Local","1"
"2025","District of Columbia","GO0009","Total Local Government Units - Special Purpose Governments - Special District Governments","State and Local","1"
"2026","District of Columbia","GO0009","Total Local Government Units - Special Purpose Governments - Special District Governments","State and Local","1"
"2012","District of Columbia","GO0086","Special District Governments  - Single-function - Other utility districts","State and Local","1"
"2017","District of Columbia","GO0086","Special District Governments  - Single-function - Other utility districts","State and Local","1"
"2022","District of Columbia","GO0086","Special District Governments  - Single-function - Other utility districts","State and Local","1"
"2025","District of Columbia","GO0086","Special District Governments  - Single-function - Other utility districts","State and Local","1"
"2026","District of Columbia","GO0086","Special District Governments  - Single-function - Other utility districts","State and Local","1"
"2012","District of Columbia","GO0095","Total single-function special district governments","State and Local","1"
"2017","District of Columbia","GO0095","Total single-function special district governments","State and Local","1"
"2022","District of Columbia","GO0095","Total single-function special district governments","State and Local","1"
"2025","District of Columbia","GO0095","Total single-function special district governments","State and Local","1"
"2026","District of Columbia","GO0095","Total single-function special district governments","State and Local","1"
"2012","Florida","GO0009","Total Local Government Units - Special Purpose Governments - Special District Governments","State and Local","1,079"
"2017","Florida","GO0009","Total Local Government Units - Special Purpose Governments - Special District Governments","State and Local","1,139"
"2022","Florida","GO0009","Total Local Government Units - Special Purpose Governments - Special District Governments","State and Local","1,374"
"2025","Florida","GO0009","Total Local Government Units - Special Purpose Governments - Special District Governments","State and Local","1,596"
"2026","Florida","GO0009","Total Local Government Units - Special Purpose Governments - Special District Governments","State and Local","1,606"
"2012","Florida","GO0070","Special District Governments  - Single-function - Air transportation","State and Local","9"
"2017","Florida","GO0070","Special District Governments  - Single-function - Air transportation","State and Local","9"
"2022","Florida","GO0070","Special District Governments  - Single-function - Air transportation","State and Local","9"
"2025","Florida","GO0070","Special District Governments  - Single-function - Air transportation","State and Local","8"
"2026","Florida","GO0070","Special District Governments  - Single-function - Air transportation","State and Local","8"
"2012","Florida","GO0072","Special District Governments  - Single-function - Drainage and flood control","State and Local","57"
"2017","Florida","GO0072","Special District Governments  - Single-function - Drainage and flood control","State and Local","53"
"2022","Florida","GO0072","Special District Governments  - Single-function - Drainage and flood control","State and Local","53"
"2025","Florida","GO0072","Special District Governments  - Single-function - Drainage and flood control","State and Local","53"
"2026","Florida","GO0072","Special District Governments  - Single-function - Drainage and flood control","State and Local","53"
"2012","Florida","GO0073","Special District Governments  - Single-function - Education","State and Local","12"
"2017","Florida","GO0073","Special District Governments  - Single-function - Education","State and Local","10"
"2022","Florida","GO0073","Special District Governments  - Single-function - Education","State and Local","9"
"2025","Florida","GO0073","Special District Governments  - Single-function - Education","State and Local","9"
"2026","Florida","GO0073","Special District Governments  - Single-function - Education","State and Local","9"
"2012","Florida","GO0074","Special District Governments  - Single-function - Fire protection","State and Local","57"
"2017","Florida","GO0074","Special District Governments  - Single-function - Fire protection","State and Local","54"
"2022","Florida","GO0074","Special District Governments  - Single-function - Fire protection","State and Local","54"
"2025","Florida","GO0074","Special District Governments  - Single-function - Fire protection","State and Local","55"
"2026","Florida","GO0074","Special District Governments  - Single-function - Fire protection","State and Local","54"
"2012","Florida","GO0075","Special District Governments  - Single-function - Health","State and Local","15"
"2017","Florida","GO0075","Special District Governments  - Single-function - Health","State and Local","15"
"2022","Florida","GO0075","Special District Governments  - Single-function - Health","State and Local","15"
"2025","Florida","GO0075","Special District Governments  - Single-function - Health","State and Local","15"
"2026","Florida","GO0075","Special District Governments  - Single-function - Health","State and Local","15"
"2012","Florida","GO0076","Special District Governments  - Single-function - Highways","State and Local","3"
"2017","Florida","GO0076","Special District Governments  - Single-function - Highways","State and Local","3"
"2022","Florida","GO0076","Special District Governments  - Single-function - Highways","State and Local","3"
"2025","Florida","GO0076","Special District Governments  - Single-function - Highways","State and Local","3"
"2026","Florida","GO0076","Special District Governments  - Single-function - Highways","State and Local","3"
"2012","Florida","GO0077","Special District Governments  - Single-function - Hospitals","State and Local","29"
"2017","Florida","GO0077","Special District Governments  - Single-function - Hospitals","State and Local","29"
"2022","Florida","GO0077","Special District Governments  - Single-function - Hospitals","State and Local","28"
"2025","Florida","GO0077","Special District Governments  - Single-function - Hospitals","State and Local","26"
"2026","Florida","GO0077","Special District Governments  - Single-function - Hospitals","State and Local","25"
"2012","Florida","GO0078","Special District Governments  - Single-function - Housing and community development","State and Local","95"
"2017","Florida","GO0078","Special District Governments  - Single-function - Housing and community development","State and Local","92"
"2022","Florida","GO0078","Special District Governments  - Single-function - Housing and community development","State and Local","92"
"2025","Florida","GO0078","Special District Governments  - Single-function - Housing and community development","State and Local","92"
"2026","Florida","GO0078","Special District Governments  - Single-function - Housing and community development","State and Local","92"
"2012","Florida","GO0079","Special District Governments  - Single-function - Industrial development and mortgage credit","State and Local","16"
"2017","Florida","GO0079","Special District Governments  - Single-function - Industrial development and mortgage credit","State and Local","14"
"2022","Florida","GO0079","Special District Governments  - Single-function - Industrial development and mortgage credit","State and Local","14"
"2025","Florida","GO0079","Special District Governments  - Single-function - Industrial development and mortgage credit","State and Local","14"
"2026","Florida","GO0079","Special District Governments  - Single-function - Industrial development and mortgage credit","State and Local","14"
"2012","Florida","GO0080","Special District Governments  - Single-function - Libraries","State and Local","10"
"2017","Florida","GO0080","Special District Governments  - Single-function - Libraries","State and Local","10"
"2022","Florida","GO0080","Special District Governments  - Single-function - Libraries","State and Local","10"
"2025","Florida","GO0080","Special District Governments  - Single-function - Libraries","State and Local","10"
"2026","Florida","GO0080","Special District Governments  - Single-function - Libraries","State and Local","10"
"2012","Florida","GO0081","Special District Governments - Multiple-function - Natural resources and water supply","State and Local","5"
"2017","Florida","GO0081","Special District Governments - Multiple-function - Natural resources and water supply","State and Local","5"
"2022","Florida","GO0081","Special District Governments - Multiple-function - Natural resources and water supply","State and Local","5"
"2025","Florida","GO0081","Special District Governments - Multiple-function - Natural resources and water supply","State and Local","5"
"2026","Florida","GO0081","Special District Governments - Multiple-function - Natural resources and water supply","State and Local","5"
"2012","Florida","GO0082","Special District Governments - Multiple-function - Other multiple function districts","State and Local","428"
"2017","Florida","GO0082","Special District Governments - Multiple-function - Other multiple function districts","State and Local","523"
"2022","Florida","GO0082","Special District Governments - Multiple-function - Other multiple function districts","State and Local","761"
"2025","Florida","GO0082","Special District Governments - Multiple-function - Other multiple function districts","State and Local","992"
"2026","Florida","GO0082","Special District Governments - Multiple-function - Other multiple function districts","State and Local","1,014"
"2012","Florida","GO0083","Special District Governments  - Single-function - Other natural resources","State and Local","11"
"2017","Florida","GO0083","Special District Governments  - Single-function - Other natural resources","State and Local","11"
"2022","Florida","GO0083","Special District Governments  - Single-function - Other natural resources","State and Local","11"
"2025","Florida","GO0083","Special District Governments  - Single-function - Other natural resources","State and Local","11"
"2026","Florida","GO0083","Special District Governments  - Single-function - Other natural resources","State and Local","11"
"2012","Florida","GO0084","Special District Governments  - Single-function - Other single function districts","State and Local","191"
"2017","Florida","GO0084","Special District Governments  - Single-function - Other single function districts","State and Local","173"
"2022","Florida","GO0084","Special District Governments  - Single-function - Other single function districts","State and Local","169"
"2025","Florida","GO0084","Special District Governments  - Single-function - Other single function districts","State and Local","168"
"2026","Florida","GO0084","Special District Governments  - Single-function - Other single function districts","State and Local","167"
"2012","Florida","GO0085","Special District Governments  - Single-function - Other transportation","State and Local","9"
"2017","Florida","GO0085","Special District Governments  - Single-function - Other transportation","State and Local","9"
"2022","Florida","GO0085","Special District Governments  - Single-function - Other transportation","State and Local","9"
"2025","Florida","GO0085","Special District Governments  - Single-function - Other transportation","State and Local","9"
"2026","Florida","GO0085","Special District Governments  - Single-function - Other transportation","State and Local","9"
"2012","Florida","GO0086","Special District Governments  - Single-function - Other utility districts","State and Local","13"
"2017","Florida","GO0086","Special District Governments  - Single-function - Other utility districts","State and Local","14"
"2022","Florida","GO0086","Special District Governments  - Single-function - Other utility districts","State and Local","13"
"2025","Florida","GO0086","Special District Governments  - Single-function - Other utility districts","State and Local","11"
"2026","Florida","GO0086","Special District Governments  - Single-function - Other utility districts","State and Local","11"
"2012","Florida","GO0087","Special District Governments  - Single-function - Parks and recreation","State and Local","22"
"2017","Florida","GO0087","Special District Governments  - Single-function - Parks and recreation","State and Local","20"
"2022","Florida","GO0087","Special District Governments  - Single-function - Parks and recreation","State and Local","22"
"2025","Florida","GO0087","Special District Governments  - Single-function - Parks and recreation","State and Local","22"
"2026","Florida","GO0087","Special District Governments  - Single-function - Parks and recreation","State and Local","22"
"2012","Florida","GO0088","Special District Governments  - Single-function - Sewerage","State and Local","4"
"2017","Florida","GO0088","Special District Governments  - Single-function - Sewerage","State and Local","4"
"2022","Florida","GO0088","Special District Governments  - Single-function - Sewerage","State and Local","5"
"2025","Florida","GO0088","Special District Governments  - Single-function - Sewerage","State and Local","5"
"2026","Florida","GO0088","Special District Governments  - Single-function - Sewerage","State and Local","5"
"2012","Florida","GO0089","Special District Governments - Multiple-function - Sewerage and water supply","State and Local","10"
"2017","Florida","GO0089","Special District Governments - Multiple-function - Sewerage and water supply","State and Local","10"
"2022","Florida","GO0089","Special District Governments - Multiple-function - Sewerage and water supply","State and Local","12"
"2025","Florida","GO0089","Special District Governments - Multiple-function - Sewerage and water supply","State and Local","13"
"2026","Florida","GO0089","Special District Governments - Multiple-function - Sewerage and water supply","State and Local","13"
"2012","Florida","GO0090","Special District Governments  - Single-function - Soil and water conservation","State and Local","58"
"2017","Florida","GO0090","Special District Governments  - Single-function - Soil and water conservation","State and Local","55"
"2022","Florida","GO0090","Special District Governments  - Single-function - Soil and water conservation","State and Local","53"
"2025","Florida","GO0090","Special District Governments  - Single-function - Soil and water conservation","State and Local","50"
"2026","Florida","GO0090","Special District Governments  - Single-function - Soil and water conservation","State and Local","41"
"2012","Florida","GO0091","Special District Governments  - Single-function - Solid waste management","State and Local","2"
"2017","Florida","GO0091","Special District Governments  - Single-function - Solid waste management","State and Local","2"
"2022","Florida","GO0091","Special District Governments  - Single-function - Solid waste management","State and Local","2"
"2025","Florida","GO0091","Special District Governments  - Single-function - Solid waste management","State and Local","2"
"2026","Florida","GO0091","Special District Governments  - Single-function - Solid waste management","State and Local","2"
"2012","Florida","GO0092","Total multiple-function special district governments","State and Local","443"
"2017","Florida","GO0092","Total multiple-function special district governments","State and Local","538"
"2022","Florida","GO0092","Total multiple-function special district governments","State and Local","778"
"2025","Florida","GO0092","Total multiple-function special district governments","State and Local","1,010"
"2026","Florida","GO0092","Total multiple-function special district governments","State and Local","1,032"
"2012","Florida","GO0093","Special District Governments  - Single-function - Water supply","State and Local","14"
"2017","Florida","GO0093","Special District Governments  - Single-function - Water supply","State and Local","15"
"2022","Florida","GO0093","Special District Governments  - Single-function - Water supply","State and Local","14"
"2025","Florida","GO0093","Special District Governments  - Single-function - Water supply","State and Local","12"
"2026","Florida","GO0093","Special District Governments  - Single-function - Water supply","State and Local","12"
"2012","Florida","GO0094","Special District Governments  - Single-function - Welfare","State and Local","9"
"2017","Florida","GO0094","Special District Governments  - Single-function - Welfare","State and Local","9"
"2022","Florida","GO0094","Special District Governments  - Single-function - Welfare","State and Local","11"
"2025","Florida","GO0094","Special District Governments  - Single-function - Welfare","State and Local","11"
"2026","Florida","GO0094","Special District Governments  - Single-function - Welfare","State and Local","11"
"2012","Florida","GO0095","Total single-function special district governments","State and Local","636"
"2017","Florida","GO0095","Total single-function special district governments","State and Local","601"
"2022","Florida","GO0095","Total single-function special district governments","State and Local","596"
"2025","Florida","GO0095","Total single-function special district governments","State and Local","586"
"2026","Florida","GO0095","Total single-function special district governments","State and Local","574"
"2012","Georgia","GO0009","Total Local Government Units - Special Purpose Governments - Special District Governments","State and Local","510"
"2017","Georgia","GO0009","Total Local Government Units - Special Purpose Governments - Special District Governments","State and Local","511"
"2022","Georgia","GO0009","Total Local Government Units - Special Purpose Governments - Special District Governments","State and Local","510"
"2025","Georgia","GO0009","Total Local Government Units - Special Purpose Governments - Special District Governments","State and Local","512"
"2026","Georgia","GO0009","Total Local Government Units - Special Purpose Governments - Special District Governments","State and Local","512"
"2012","Georgia","GO0070","Special District Governments  - Single-function - Air transportation","State and Local","20"
"2017","Georgia","GO0070","Special District Governments  - Single-function - Air transportation","State and Local","20"
"2022","Georgia","GO0070","Special District Governments  - Single-function - Air transportation","State and Local","20"
"2025","Georgia","GO0070","Special District Governments  - Single-function - Air transportation","State and Local","20"
"2026","Georgia","GO0070","Special District Governments  - Single-function - Air transportation","State and Local","20"
"2012","Georgia","GO0075","Special District Governments  - Single-function - Health","State and Local","32"
"2017","Georgia","GO0075","Special District Governments  - Single-function - Health","State and Local","32"
"2022","Georgia","GO0075","Special District Governments  - Single-function - Health","State and Local","30"
"2025","Georgia","GO0075","Special District Governments  - Single-function - Health","State and Local","29"
"2026","Georgia","GO0075","Special District Governments  - Single-function - Health","State and Local","29"
"2012","Georgia","GO0077","Special District Governments  - Single-function - Hospitals","State and Local","96"
"2017","Georgia","GO0077","Special District Governments  - Single-function - Hospitals","State and Local","91"
"2022","Georgia","GO0077","Special District Governments  - Single-function - Hospitals","State and Local","88"
"2025","Georgia","GO0077","Special District Governments  - Single-function - Hospitals","State and Local","89"
"2026","Georgia","GO0077","Special District Governments  - Single-function - Hospitals","State and Local","89"
"2012","Georgia","GO0078","Special District Governments  - Single-function - Housing and community development","State and Local","191"
"2017","Georgia","GO0078","Special District Governments  - Single-function - Housing and community development","State and Local","191"
"2022","Georgia","GO0078","Special District Governments  - Single-function - Housing and community development","State and Local","192"
"2025","Georgia","GO0078","Special District Governments  - Single-function - Housing and community development","State and Local","192"
"2026","Georgia","GO0078","Special District Governments  - Single-function - Housing and community development","State and Local","192"
"2012","Georgia","GO0079","Special District Governments  - Single-function - Industrial development and mortgage credit","State and Local","20"
"2017","Georgia","GO0079","Special District Governments  - Single-function - Industrial development and mortgage credit","State and Local","20"
"2022","Georgia","GO0079","Special District Governments  - Single-function - Industrial development and mortgage credit","State and Local","19"
"2025","Georgia","GO0079","Special District Governments  - Single-function - Industrial development and mortgage credit","State and Local","19"
"2026","Georgia","GO0079","Special District Governments  - Single-function - Industrial development and mortgage credit","State and Local","19"
"2012","Georgia","GO0081","Special District Governments - Multiple-function - Natural resources and water supply","State and Local","1"
"2017","Georgia","GO0081","Special District Governments - Multiple-function - Natural resources and water supply","State and Local","1"
"2022","Georgia","GO0081","Special District Governments - Multiple-function - Natural resources and water supply","State and Local","1"
"2025","Georgia","GO0081","Special District Governments - Multiple-function - Natural resources and water supply","State and Local","1"
"2026","Georgia","GO0081","Special District Governments - Multiple-function - Natural resources and water supply","State and Local","1"
"2012","Georgia","GO0082","Special District Governments - Multiple-function - Other multiple function districts","State and Local","41"
"2017","Georgia","GO0082","Special District Governments - Multiple-function - Other multiple function districts","State and Local","48"
"2022","Georgia","GO0082","Special District Governments - Multiple-function - Other multiple function districts","State and Local","50"
"2025","Georgia","GO0082","Special District Governments - Multiple-function - Other multiple function districts","State and Local","51"
"2026","Georgia","GO0082","Special District Governments - Multiple-function - Other multiple function districts","State and Local","51"
"2012","Georgia","GO0084","Special District Governments  - Single-function - Other single function districts","State and Local","14"
"2017","Georgia","GO0084","Special District Governments  - Single-function - Other single function districts","State and Local","14"
"2022","Georgia","GO0084","Special District Governments  - Single-function - Other single function districts","State and Local","14"
"2025","Georgia","GO0084","Special District Governments  - Single-function - Other single function districts","State and Local","14"
"2026","Georgia","GO0084","Special District Governments  - Single-function - Other single function districts","State and Local","14"
"2012","Georgia","GO0086","Special District Governments  - Single-function - Other utility districts","State and Local","4"
"2017","Georgia","GO0086","Special District Governments  - Single-function - Other utility districts","State and Local","5"
"2022","Georgia","GO0086","Special District Governments  - Single-function - Other utility districts","State and Local","6"
"2025","Georgia","GO0086","Special District Governments  - Single-function - Other utility districts","State and Local","6"
"2026","Georgia","GO0086","Special District Governments  - Single-function - Other utility districts","State and Local","7"
"2012","Georgia","GO0087","Special District Governments  - Single-function - Parks and recreation","State and Local","1"
"2017","Georgia","GO0087","Special District Governments  - Single-function - Parks and recreation","State and Local","2"
"2022","Georgia","GO0087","Special District Governments  - Single-function - Parks and recreation","State and Local","3"
"2025","Georgia","GO0087","Special District Governments  - Single-function - Parks and recreation","State and Local","3"
"2026","Georgia","GO0087","Special District Governments  - Single-function - Parks and recreation","State and Local","3"
"2012","Georgia","GO0088","Special District Governments  - Single-function - Sewerage","State and Local","2"
"2017","Georgia","GO0088","Special District Governments  - Single-function - Sewerage","State and Local","2"
"2022","Georgia","GO0088","Special District Governments  - Single-function - Sewerage","State and Local","2"
"2025","Georgia","GO0088","Special District Governments  - Single-function - Sewerage","State and Local","2"
"2026","Georgia","GO0088","Special District Governments  - Single-function - Sewerage","State and Local","2"
"2012","Georgia","GO0089","Special District Governments - Multiple-function - Sewerage and water supply","State and Local","20"
"2017","Georgia","GO0089","Special District Governments - Multiple-function - Sewerage and water supply","State and Local","18"
"2022","Georgia","GO0089","Special District Governments - Multiple-function - Sewerage and water supply","State and Local","18"
"2025","Georgia","GO0089","Special District Governments - Multiple-function - Sewerage and water supply","State and Local","18"
"2026","Georgia","GO0089","Special District Governments - Multiple-function - Sewerage and water supply","State and Local","17"
"2012","Georgia","GO0090","Special District Governments  - Single-function - Soil and water conservation","State and Local","37"
"2017","Georgia","GO0090","Special District Governments  - Single-function - Soil and water conservation","State and Local","37"
"2022","Georgia","GO0090","Special District Governments  - Single-function - Soil and water conservation","State and Local","37"
"2025","Georgia","GO0090","Special District Governments  - Single-function - Soil and water conservation","State and Local","37"
"2026","Georgia","GO0090","Special District Governments  - Single-function - Soil and water conservation","State and Local","37"
"2012","Georgia","GO0091","Special District Governments  - Single-function - Solid waste management","State and Local","5"
"2017","Georgia","GO0091","Special District Governments  - Single-function - Solid waste management","State and Local","4"
"2022","Georgia","GO0091","Special District Governments  - Single-function - Solid waste management","State and Local","4"
"2025","Georgia","GO0091","Special District Governments  - Single-function - Solid waste management","State and Local","4"
"2026","Georgia","GO0091","Special District Governments  - Single-function - Solid waste management","State and Local","4"
"2012","Georgia","GO0092","Total multiple-function special district governments","State and Local","62"
"2017","Georgia","GO0092","Total multiple-function special district governments","State and Local","67"
"2022","Georgia","GO0092","Total multiple-function special district governments","State and Local","69"
"2025","Georgia","GO0092","Total multiple-function special district governments","State and Local","70"
"2026","Georgia","GO0092","Total multiple-function special district governments","State and Local","69"
"2012","Georgia","GO0093","Special District Governments  - Single-function - Water supply","State and Local","23"
"2017","Georgia","GO0093","Special District Governments  - Single-function - Water supply","State and Local","23"
"2022","Georgia","GO0093","Special District Governments  - Single-function - Water supply","State and Local","23"
"2025","Georgia","GO0093","Special District Governments  - Single-function - Water supply","State and Local","24"
"2026","Georgia","GO0093","Special District Governments  - Single-function - Water supply","State and Local","24"
"2012","Georgia","GO0094","Special District Governments  - Single-function - Welfare","State and Local","3"
"2017","Georgia","GO0094","Special District Governments  - Single-function - Welfare","State and Local","3"
"2022","Georgia","GO0094","Special District Governments  - Single-function - Welfare","State and Local","3"
"2025","Georgia","GO0094","Special District Governments  - Single-function - Welfare","State and Local","3"
"2026","Georgia","GO0094","Special District Governments  - Single-function - Welfare","State and Local","3"
"2012","Georgia","GO0095","Total single-function special district governments","State and Local","448"
"2017","Georgia","GO0095","Total single-function special district governments","State and Local","444"
"2022","Georgia","GO0095","Total single-function special district governments","State and Local","441"
"2025","Georgia","GO0095","Total single-function special district governments","State and Local","442"
"2026","Georgia","GO0095","Total single-function special district governments","State and Local","443"
"2012","Hawaii","GO0009","Total Local Government Units - Special Purpose Governments - Special District Governments","State and Local","17"
"2017","Hawaii","GO0009","Total Local Government Units - Special Purpose Governments - Special District Governments","State and Local","17"
"2022","Hawaii","GO0009","Total Local Government Units - Special Purpose Governments - Special District Governments","State and Local","17"
"2025","Hawaii","GO0009","Total Local Government Units - Special Purpose Governments - Special District Governments","State and Local","17"
"2026","Hawaii","GO0009","Total Local Government Units - Special Purpose Governments - Special District Governments","State and Local","17"
"2012","Hawaii","GO0082","Special District Governments - Multiple-function - Other multiple function districts","State and Local","1"
"2017","Hawaii","GO0082","Special District Governments - Multiple-function - Other multiple function districts","State and Local","1"
"2022","Hawaii","GO0082","Special District Governments - Multiple-function - Other multiple function districts","State and Local","1"
"2025","Hawaii","GO0082","Special District Governments - Multiple-function - Other multiple function districts","State and Local","1"
"2026","Hawaii","GO0082","Special District Governments - Multiple-function - Other multiple function districts","State and Local","1"
"2012","Hawaii","GO0090","Special District Governments  - Single-function - Soil and water conservation","State and Local","16"
"2017","Hawaii","GO0090","Special District Governments  - Single-function - Soil and water conservation","State and Local","16"
"2022","Hawaii","GO0090","Special District Governments  - Single-function - Soil and water conservation","State and Local","16"
"2025","Hawaii","GO0090","Special District Governments  - Single-function - Soil and water conservation","State and Local","16"
"2026","Hawaii","GO0090","Special District Governments  - Single-function - Soil and water conservation","State and Local","16"
"2012","Hawaii","GO0092","Total multiple-function special district governments","State and Local","1"
"2017","Hawaii","GO0092","Total multiple-function special district governments","State and Local","1"
"2022","Hawaii","GO0092","Total multiple-function special district governments","State and Local","1"
"2025","Hawaii","GO0092","Total multiple-function special district governments","State and Local","1"
"2026","Hawaii","GO0092","Total multiple-function special district governments","State and Local","1"
"2012","Hawaii","GO0095","Total single-function special district governments","State and Local","16"
"2017","Hawaii","GO0095","Total single-function special district governments","State and Local","16"
"2022","Hawaii","GO0095","Total single-function special district governments","State and Local","16"
"2025","Hawaii","GO0095","Total single-function special district governments","State and Local","16"
"2026","Hawaii","GO0095","Total single-function special district governments","State and Local","16"
"2012","Idaho","GO0009","Total Local Government Units - Special Purpose Governments - Special District Governments","State and Local","806"
"2017","Idaho","GO0009","Total Local Government Units - Special Purpose Governments - Special District Governments","State and Local","808"
"2022","Idaho","GO0009","Total Local Government Units - Special Purpose Governments - Special District Governments","State and Local","807"
"2025","Idaho","GO0009","Total Local Government Units - Special Purpose Governments - Special District Governments","State and Local","804"
"2026","Idaho","GO0009","Total Local Government Units - Special Purpose Governments - Special District Governments","State and Local","803"
"2022","Idaho","GO0070","Special District Governments  - Single-function - Air transportation","State and Local","1"
"2025","Idaho","GO0070","Special District Governments  - Single-function - Air transportation","State and Local","1"
"2026","Idaho","GO0070","Special District Governments  - Single-function - Air transportation","State and Local","1"
"2012","Idaho","GO0071","Special District Governments  - Single-function - Cemeteries","State and Local","180"
"2017","Idaho","GO0071","Special District Governments  - Single-function - Cemeteries","State and Local","183"
"2022","Idaho","GO0071","Special District Governments  - Single-function - Cemeteries","State and Local","183"
"2025","Idaho","GO0071","Special District Governments  - Single-function - Cemeteries","State and Local","183"
"2026","Idaho","GO0071","Special District Governments  - Single-function - Cemeteries","State and Local","183"
"2012","Idaho","GO0072","Special District Governments  - Single-function - Drainage and flood control","State and Local","49"
"2017","Idaho","GO0072","Special District Governments  - Single-function - Drainage and flood control","State and Local","49"
"2022","Idaho","GO0072","Special District Governments  - Single-function - Drainage and flood control","State and Local","49"
"2025","Idaho","GO0072","Special District Governments  - Single-function - Drainage and flood control","State and Local","49"
"2026","Idaho","GO0072","Special District Governments  - Single-function - Drainage and flood control","State and Local","48"
"2012","Idaho","GO0074","Special District Governments  - Single-function - Fire protection","State and Local","158"
"2017","Idaho","GO0074","Special District Governments  - Single-function - Fire protection","State and Local","156"
"2022","Idaho","GO0074","Special District Governments  - Single-function - Fire protection","State and Local","155"
"2025","Idaho","GO0074","Special District Governments  - Single-function - Fire protection","State and Local","155"
"2026","Idaho","GO0074","Special District Governments  - Single-function - Fire protection","State and Local","155"
"2012","Idaho","GO0075","Special District Governments  - Single-function - Health","State and Local","3"
"2017","Idaho","GO0075","Special District Governments  - Single-function - Health","State and Local","3"
"2022","Idaho","GO0075","Special District Governments  - Single-function - Health","State and Local","3"
"2025","Idaho","GO0075","Special District Governments  - Single-function - Health","State and Local","4"
"2026","Idaho","GO0075","Special District Governments  - Single-function - Health","State and Local","4"
"2012","Idaho","GO0076","Special District Governments  - Single-function - Highways","State and Local","65"
"2017","Idaho","GO0076","Special District Governments  - Single-function - Highways","State and Local","63"
"2022","Idaho","GO0076","Special District Governments  - Single-function - Highways","State and Local","63"
"2025","Idaho","GO0076","Special District Governments  - Single-function - Highways","State and Local","63"
"2026","Idaho","GO0076","Special District Governments  - Single-function - Highways","State and Local","63"
"2012","Idaho","GO0077","Special District Governments  - Single-function - Hospitals","State and Local","11"
"2017","Idaho","GO0077","Special District Governments  - Single-function - Hospitals","State and Local","10"
"2022","Idaho","GO0077","Special District Governments  - Single-function - Hospitals","State and Local","10"
"2025","Idaho","GO0077","Special District Governments  - Single-function - Hospitals","State and Local","8"
"2026","Idaho","GO0077","Special District Governments  - Single-function - Hospitals","State and Local","8"
"2012","Idaho","GO0078","Special District Governments  - Single-function - Housing and community development","State and Local","11"
"2017","Idaho","GO0078","Special District Governments  - Single-function - Housing and community development","State and Local","11"
"2022","Idaho","GO0078","Special District Governments  - Single-function - Housing and community development","State and Local","11"
"2025","Idaho","GO0078","Special District Governments  - Single-function - Housing and community development","State and Local","11"
"2026","Idaho","GO0078","Special District Governments  - Single-function - Housing and community development","State and Local","11"
"2012","Idaho","GO0080","Special District Governments  - Single-function - Libraries","State and Local","56"
"2017","Idaho","GO0080","Special District Governments  - Single-function - Libraries","State and Local","57"
"2022","Idaho","GO0080","Special District Governments  - Single-function - Libraries","State and Local","57"
"2025","Idaho","GO0080","Special District Governments  - Single-function - Libraries","State and Local","57"
"2026","Idaho","GO0080","Special District Governments  - Single-function - Libraries","State and Local","57"
"2012","Idaho","GO0081","Special District Governments - Multiple-function - Natural resources and water supply","State and Local","2"
"2017","Idaho","GO0081","Special District Governments - Multiple-function - Natural resources and water supply","State and Local","2"
"2022","Idaho","GO0081","Special District Governments - Multiple-function - Natural resources and water supply","State and Local","1"
"2025","Idaho","GO0081","Special District Governments - Multiple-function - Natural resources and water supply","State and Local","1"
"2026","Idaho","GO0081","Special District Governments - Multiple-function - Natural resources and water supply","State and Local","1"
"2012","Idaho","GO0082","Special District Governments - Multiple-function - Other multiple function districts","State and Local","1"
"2017","Idaho","GO0082","Special District Governments - Multiple-function - Other multiple function districts","State and Local","1"
"2022","Idaho","GO0082","Special District Governments - Multiple-function - Other multiple function districts","State and Local","1"
"2025","Idaho","GO0082","Special District Governments - Multiple-function - Other multiple function districts","State and Local","1"
"2026","Idaho","GO0082","Special District Governments - Multiple-function - Other multiple function districts","State and Local","1"
"2012","Idaho","GO0083","Special District Governments  - Single-function - Other natural resources","State and Local","79"
"2017","Idaho","GO0083","Special District Governments  - Single-function - Other natural resources","State and Local","80"
"2022","Idaho","GO0083","Special District Governments  - Single-function - Other natural resources","State and Local","80"
"2025","Idaho","GO0083","Special District Governments  - Single-function - Other natural resources","State and Local","79"
"2026","Idaho","GO0083","Special District Governments  - Single-function - Other natural resources","State and Local","79"
"2012","Idaho","GO0084","Special District Governments  - Single-function - Other single function districts","State and Local","1"
"2017","Idaho","GO0084","Special District Governments  - Single-function - Other single function districts","State and Local","1"
"2022","Idaho","GO0084","Special District Governments  - Single-function - Other single function districts","State and Local","1"
"2025","Idaho","GO0084","Special District Governments  - Single-function - Other single function districts","State and Local","1"
"2026","Idaho","GO0084","Special District Governments  - Single-function - Other single function districts","State and Local","1"
"2012","Idaho","GO0085","Special District Governments  - Single-function - Other transportation","State and Local","1"
"2017","Idaho","GO0085","Special District Governments  - Single-function - Other transportation","State and Local","1"
"2022","Idaho","GO0085","Special District Governments  - Single-function - Other transportation","State and Local","1"
"2025","Idaho","GO0085","Special District Governments  - Single-function - Other transportation","State and Local","1"
"2026","Idaho","GO0085","Special District Governments  - Single-function - Other transportation","State and Local","1"
"2012","Idaho","GO0086","Special District Governments  - Single-function - Other utility districts","State and Local","2"
"2017","Idaho","GO0086","Special District Governments  - Single-function - Other utility districts","State and Local","2"
"2022","Idaho","GO0086","Special District Governments  - Single-function - Other utility districts","State and Local","1"
"2025","Idaho","GO0086","Special District Governments  - Single-function - Other utility districts","State and Local","1"
"2026","Idaho","GO0086","Special District Governments  - Single-function - Other utility districts","State and Local","1"
"2012","Idaho","GO0087","Special District Governments  - Single-function - Parks and recreation","State and Local","37"
"2017","Idaho","GO0087","Special District Governments  - Single-function - Parks and recreation","State and Local","40"
"2022","Idaho","GO0087","Special District Governments  - Single-function - Parks and recreation","State and Local","40"
"2025","Idaho","GO0087","Special District Governments  - Single-function - Parks and recreation","State and Local","40"
"2026","Idaho","GO0087","Special District Governments  - Single-function - Parks and recreation","State and Local","40"
"2012","Idaho","GO0088","Special District Governments  - Single-function - Sewerage","State and Local","35"
"2017","Idaho","GO0088","Special District Governments  - Single-function - Sewerage","State and Local","33"
"2022","Idaho","GO0088","Special District Governments  - Single-function - Sewerage","State and Local","33"
"2025","Idaho","GO0088","Special District Governments  - Single-function - Sewerage","State and Local","32"
"2026","Idaho","GO0088","Special District Governments  - Single-function - Sewerage","State and Local","32"
"2012","Idaho","GO0089","Special District Governments - Multiple-function - Sewerage and water supply","State and Local","28"
"2017","Idaho","GO0089","Special District Governments - Multiple-function - Sewerage and water supply","State and Local","29"
"2022","Idaho","GO0089","Special District Governments - Multiple-function - Sewerage and water supply","State and Local","28"
"2025","Idaho","GO0089","Special District Governments - Multiple-function - Sewerage and water supply","State and Local","29"
"2026","Idaho","GO0089","Special District Governments - Multiple-function - Sewerage and water supply","State and Local","29"
"2012","Idaho","GO0090","Special District Governments  - Single-function - Soil and water conservation","State and Local","48"
"2017","Idaho","GO0090","Special District Governments  - Single-function - Soil and water conservation","State and Local","48"
"2022","Idaho","GO0090","Special District Governments  - Single-function - Soil and water conservation","State and Local","49"
"2025","Idaho","GO0090","Special District Governments  - Single-function - Soil and water conservation","State and Local","49"
"2026","Idaho","GO0090","Special District Governments  - Single-function - Soil and water conservation","State and Local","49"
"2012","Idaho","GO0091","Special District Governments  - Single-function - Solid waste management","State and Local","1"
"2017","Idaho","GO0091","Special District Governments  - Single-function - Solid waste management","State and Local","1"
"2022","Idaho","GO0091","Special District Governments  - Single-function - Solid waste management","State and Local","2"
"2025","Idaho","GO0091","Special District Governments  - Single-function - Solid waste management","State and Local","2"
"2026","Idaho","GO0091","Special District Governments  - Single-function - Solid waste management","State and Local","2"
"2012","Idaho","GO0092","Total multiple-function special district governments","State and Local","31"
"2017","Idaho","GO0092","Total multiple-function special district governments","State and Local","32"
"2022","Idaho","GO0092","Total multiple-function special district governments","State and Local","30"
"2025","Idaho","GO0092","Total multiple-function special district governments","State and Local","31"
"2026","Idaho","GO0092","Total multiple-function special district governments","State and Local","31"
"2012","Idaho","GO0093","Special District Governments  - Single-function - Water supply","State and Local","37"
"2017","Idaho","GO0093","Special District Governments  - Single-function - Water supply","State and Local","37"
"2022","Idaho","GO0093","Special District Governments  - Single-function - Water supply","State and Local","37"
"2025","Idaho","GO0093","Special District Governments  - Single-function - Water supply","State and Local","36"
"2026","Idaho","GO0093","Special District Governments  - Single-function - Water supply","State and Local","36"
"2012","Idaho","GO0094","Special District Governments  - Single-function - Welfare","State and Local","1"
"2017","Idaho","GO0094","Special District Governments  - Single-function - Welfare","State and Local","1"
"2022","Idaho","GO0094","Special District Governments  - Single-function - Welfare","State and Local","1"
"2025","Idaho","GO0094","Special District Governments  - Single-function - Welfare","State and Local","1"
"2026","Idaho","GO0094","Special District Governments  - Single-function - Welfare","State and Local","1"
"2012","Idaho","GO0095","Total single-function special district governments","State and Local","775"
"2017","Idaho","GO0095","Total single-function special district governments","State and Local","776"
"2022","Idaho","GO0095","Total single-function special district governments","State and Local","777"
"2025","Idaho","GO0095","Total single-function special district governments","State and Local","773"
"2026","Idaho","GO0095","Total single-function special district governments","State and Local","772"
"2012","Illinois","GO0009","Total Local Government Units - Special Purpose Governments - Special District Governments","State and Local","3,227"
"2017","Illinois","GO0009","Total Local Government Units - Special Purpose Governments - Special District Governments","State and Local","3,204"
"2022","Illinois","GO0009","Total Local Government Units - Special Purpose Governments - Special District Governments","State and Local","3,218"
"2025","Illinois","GO0009","Total Local Government Units - Special Purpose Governments - Special District Governments","State and Local","3,219"
"2026","Illinois","GO0009","Total Local Government Units - Special Purpose Governments - Special District Governments","State and Local","3,223"
"2012","Illinois","GO0070","Special District Governments  - Single-function - Air transportation","State and Local","33"
"2017","Illinois","GO0070","Special District Governments  - Single-function - Air transportation","State and Local","31"
"2022","Illinois","GO0070","Special District Governments  - Single-function - Air transportation","State and Local","30"
"2025","Illinois","GO0070","Special District Governments  - Single-function - Air transportation","State and Local","30"
"2026","Illinois","GO0070","Special District Governments  - Single-function - Air transportation","State and Local","30"
"2012","Illinois","GO0071","Special District Governments  - Single-function - Cemeteries","State and Local","69"
"2017","Illinois","GO0071","Special District Governments  - Single-function - Cemeteries","State and Local","60"
"2022","Illinois","GO0071","Special District Governments  - Single-function - Cemeteries","State and Local","58"
"2025","Illinois","GO0071","Special District Governments  - Single-function - Cemeteries","State and Local","58"
"2026","Illinois","GO0071","Special District Governments  - Single-function - Cemeteries","State and Local","58"
"2012","Illinois","GO0072","Special District Governments  - Single-function - Drainage and flood control","State and Local","905"
"2017","Illinois","GO0072","Special District Governments  - Single-function - Drainage and flood control","State and Local","894"
"2022","Illinois","GO0072","Special District Governments  - Single-function - Drainage and flood control","State and Local","894"
"2025","Illinois","GO0072","Special District Governments  - Single-function - Drainage and flood control","State and Local","894"
"2026","Illinois","GO0072","Special District Governments  - Single-function - Drainage and flood control","State and Local","895"
"2012","Illinois","GO0074","Special District Governments  - Single-function - Fire protection","State and Local","837"
"2017","Illinois","GO0074","Special District Governments  - Single-function - Fire protection","State and Local","838"
"2022","Illinois","GO0074","Special District Governments  - Single-function - Fire protection","State and Local","845"
"2025","Illinois","GO0074","Special District Governments  - Single-function - Fire protection","State and Local","846"
"2026","Illinois","GO0074","Special District Governments  - Single-function - Fire protection","State and Local","845"
"2012","Illinois","GO0075","Special District Governments  - Single-function - Health","State and Local","30"
"2017","Illinois","GO0075","Special District Governments  - Single-function - Health","State and Local","30"
"2022","Illinois","GO0075","Special District Governments  - Single-function - Health","State and Local","31"
"2025","Illinois","GO0075","Special District Governments  - Single-function - Health","State and Local","31"
"2026","Illinois","GO0075","Special District Governments  - Single-function - Health","State and Local","31"
"2012","Illinois","GO0076","Special District Governments  - Single-function - Highways","State and Local","25"
"2017","Illinois","GO0076","Special District Governments  - Single-function - Highways","State and Local","23"
"2022","Illinois","GO0076","Special District Governments  - Single-function - Highways","State and Local","21"
"2025","Illinois","GO0076","Special District Governments  - Single-function - Highways","State and Local","21"
"2026","Illinois","GO0076","Special District Governments  - Single-function - Highways","State and Local","21"
"2012","Illinois","GO0077","Special District Governments  - Single-function - Hospitals","State and Local","19"
"2017","Illinois","GO0077","Special District Governments  - Single-function - Hospitals","State and Local","18"
"2022","Illinois","GO0077","Special District Governments  - Single-function - Hospitals","State and Local","18"
"2025","Illinois","GO0077","Special District Governments  - Single-function - Hospitals","State and Local","19"
"2026","Illinois","GO0077","Special District Governments  - Single-function - Hospitals","State and Local","19"
"2012","Illinois","GO0078","Special District Governments  - Single-function - Housing and community development","State and Local","114"
"2017","Illinois","GO0078","Special District Governments  - Single-function - Housing and community development","State and Local","113"
"2022","Illinois","GO0078","Special District Governments  - Single-function - Housing and community development","State and Local","113"
"2025","Illinois","GO0078","Special District Governments  - Single-function - Housing and community development","State and Local","113"
"2026","Illinois","GO0078","Special District Governments  - Single-function - Housing and community development","State and Local","113"
"2012","Illinois","GO0079","Special District Governments  - Single-function - Industrial development and mortgage credit","State and Local","2"
"2017","Illinois","GO0079","Special District Governments  - Single-function - Industrial development and mortgage credit","State and Local","2"
"2022","Illinois","GO0079","Special District Governments  - Single-function - Industrial development and mortgage credit","State and Local","2"
"2025","Illinois","GO0079","Special District Governments  - Single-function - Industrial development and mortgage credit","State and Local","2"
"2026","Illinois","GO0079","Special District Governments  - Single-function - Industrial development and mortgage credit","State and Local","2"
"2012","Illinois","GO0080","Special District Governments  - Single-function - Libraries","State and Local","345"
"2017","Illinois","GO0080","Special District Governments  - Single-function - Libraries","State and Local","352"
"2022","Illinois","GO0080","Special District Governments  - Single-function - Libraries","State and Local","360"
"2025","Illinois","GO0080","Special District Governments  - Single-function - Libraries","State and Local","362"
"2026","Illinois","GO0080","Special District Governments  - Single-function - Libraries","State and Local","364"
"2012","Illinois","GO0081","Special District Governments - Multiple-function - Natural resources and water supply","State and Local","1"
"2017","Illinois","GO0081","Special District Governments - Multiple-function - Natural resources and water supply","State and Local","1"
"2022","Illinois","GO0081","Special District Governments - Multiple-function - Natural resources and water supply","State and Local","2"
"2025","Illinois","GO0081","Special District Governments - Multiple-function - Natural resources and water supply","State and Local","2"
"2026","Illinois","GO0081","Special District Governments - Multiple-function - Natural resources and water supply","State and Local","2"
"2012","Illinois","GO0082","Special District Governments - Multiple-function - Other multiple function districts","State and Local","27"
"2017","Illinois","GO0082","Special District Governments - Multiple-function - Other multiple function districts","State and Local","23"
"2022","Illinois","GO0082","Special District Governments - Multiple-function - Other multiple function districts","State and Local","23"
"2025","Illinois","GO0082","Special District Governments - Multiple-function - Other multiple function districts","State and Local","23"
"2026","Illinois","GO0082","Special District Governments - Multiple-function - Other multiple function districts","State and Local","23"
"2012","Illinois","GO0083","Special District Governments  - Single-function - Other natural resources","State and Local","10"
"2017","Illinois","GO0083","Special District Governments  - Single-function - Other natural resources","State and Local","10"
"2022","Illinois","GO0083","Special District Governments  - Single-function - Other natural resources","State and Local","10"
"2025","Illinois","GO0083","Special District Governments  - Single-function - Other natural resources","State and Local","10"
"2026","Illinois","GO0083","Special District Governments  - Single-function - Other natural resources","State and Local","10"
"2012","Illinois","GO0084","Special District Governments  - Single-function - Other single function districts","State and Local","25"
"2017","Illinois","GO0084","Special District Governments  - Single-function - Other single function districts","State and Local","22"
"2022","Illinois","GO0084","Special District Governments  - Single-function - Other single function districts","State and Local","22"
"2025","Illinois","GO0084","Special District Governments  - Single-function - Other single function districts","State and Local","22"
"2026","Illinois","GO0084","Special District Governments  - Single-function - Other single function districts","State and Local","22"
"2012","Illinois","GO0085","Special District Governments  - Single-function - Other transportation","State and Local","7"
"2017","Illinois","GO0085","Special District Governments  - Single-function - Other transportation","State and Local","9"
"2022","Illinois","GO0085","Special District Governments  - Single-function - Other transportation","State and Local","11"
"2025","Illinois","GO0085","Special District Governments  - Single-function - Other transportation","State and Local","11"
"2026","Illinois","GO0085","Special District Governments  - Single-function - Other transportation","State and Local","11"
"2012","Illinois","GO0086","Special District Governments  - Single-function - Other utility districts","State and Local","30"
"2017","Illinois","GO0086","Special District Governments  - Single-function - Other utility districts","State and Local","28"
"2022","Illinois","GO0086","Special District Governments  - Single-function - Other utility districts","State and Local","28"
"2025","Illinois","GO0086","Special District Governments  - Single-function - Other utility districts","State and Local","28"
"2026","Illinois","GO0086","Special District Governments  - Single-function - Other utility districts","State and Local","29"
"2012","Illinois","GO0087","Special District Governments  - Single-function - Parks and recreation","State and Local","397"
"2017","Illinois","GO0087","Special District Governments  - Single-function - Parks and recreation","State and Local","399"
"2022","Illinois","GO0087","Special District Governments  - Single-function - Parks and recreation","State and Local","396"
"2025","Illinois","GO0087","Special District Governments  - Single-function - Parks and recreation","State and Local","396"
"2026","Illinois","GO0087","Special District Governments  - Single-function - Parks and recreation","State and Local","397"
"2012","Illinois","GO0088","Special District Governments  - Single-function - Sewerage","State and Local","102"
"2017","Illinois","GO0088","Special District Governments  - Single-function - Sewerage","State and Local","96"
"2022","Illinois","GO0088","Special District Governments  - Single-function - Sewerage","State and Local","96"
"2025","Illinois","GO0088","Special District Governments  - Single-function - Sewerage","State and Local","94"
"2026","Illinois","GO0088","Special District Governments  - Single-function - Sewerage","State and Local","94"
"2012","Illinois","GO0089","Special District Governments - Multiple-function - Sewerage and water supply","State and Local","26"
"2017","Illinois","GO0089","Special District Governments - Multiple-function - Sewerage and water supply","State and Local","25"
"2022","Illinois","GO0089","Special District Governments - Multiple-function - Sewerage and water supply","State and Local","24"
"2025","Illinois","GO0089","Special District Governments - Multiple-function - Sewerage and water supply","State and Local","23"
"2026","Illinois","GO0089","Special District Governments - Multiple-function - Sewerage and water supply","State and Local","23"
"2012","Illinois","GO0090","Special District Governments  - Single-function - Soil and water conservation","State and Local","111"
"2017","Illinois","GO0090","Special District Governments  - Single-function - Soil and water conservation","State and Local","110"
"2022","Illinois","GO0090","Special District Governments  - Single-function - Soil and water conservation","State and Local","110"
"2025","Illinois","GO0090","Special District Governments  - Single-function - Soil and water conservation","State and Local","110"
"2026","Illinois","GO0090","Special District Governments  - Single-function - Soil and water conservation","State and Local","110"
"2012","Illinois","GO0091","Special District Governments  - Single-function - Solid waste management","State and Local","11"
"2017","Illinois","GO0091","Special District Governments  - Single-function - Solid waste management","State and Local","11"
"2022","Illinois","GO0091","Special District Governments  - Single-function - Solid waste management","State and Local","11"
"2025","Illinois","GO0091","Special District Governments  - Single-function - Solid waste management","State and Local","11"
"2026","Illinois","GO0091","Special District Governments  - Single-function - Solid waste management","State and Local","11"
"2012","Illinois","GO0092","Total multiple-function special district governments","State and Local","54"
"2017","Illinois","GO0092","Total multiple-function special district governments","State and Local","49"
"2022","Illinois","GO0092","Total multiple-function special district governments","State and Local","49"
"2025","Illinois","GO0092","Total multiple-function special district governments","State and Local","48"
"2026","Illinois","GO0092","Total multiple-function special district governments","State and Local","48"
"2012","Illinois","GO0093","Special District Governments  - Single-function - Water supply","State and Local","101"
"2017","Illinois","GO0093","Special District Governments  - Single-function - Water supply","State and Local","109"
"2022","Illinois","GO0093","Special District Governments  - Single-function - Water supply","State and Local","113"
"2025","Illinois","GO0093","Special District Governments  - Single-function - Water supply","State and Local","113"
"2026","Illinois","GO0093","Special District Governments  - Single-function - Water supply","State and Local","113"
"2012","Illinois","GO0095","Total single-function special district governments","State and Local","3,173"
"2017","Illinois","GO0095","Total single-function special district governments","State and Local","3,155"
"2022","Illinois","GO0095","Total single-function special district governments","State and Local","3,169"
"2025","Illinois","GO0095","Total single-function special district governments","State and Local","3,171"
"2026","Illinois","GO0095","Total single-function special district governments","State and Local","3,175"
"2012","Indiana","GO0009","Total Local Government Units - Special Purpose Governments - Special District Governments","State and Local","752"
"2017","Indiana","GO0009","Total Local Government Units - Special Purpose Governments - Special District Governments","State and Local","687"
"2022","Indiana","GO0009","Total Local Government Units - Special Purpose Governments - Special District Governments","State and Local","696"
"2025","Indiana","GO0009","Total Local Government Units - Special Purpose Governments - Special District Governments","State and Local","696"
"2026","Indiana","GO0009","Total Local Government Units - Special Purpose Governments - Special District Governments","State and Local","696"
"2012","Indiana","GO0072","Special District Governments  - Single-function - Drainage and flood control","State and Local","41"
"2017","Indiana","GO0072","Special District Governments  - Single-function - Drainage and flood control","State and Local","40"
"2022","Indiana","GO0072","Special District Governments  - Single-function - Drainage and flood control","State and Local","38"
"2025","Indiana","GO0072","Special District Governments  - Single-function - Drainage and flood control","State and Local","39"
"2026","Indiana","GO0072","Special District Governments  - Single-function - Drainage and flood control","State and Local","39"
"2012","Indiana","GO0074","Special District Governments  - Single-function - Fire protection","State and Local","2"
"2017","Indiana","GO0074","Special District Governments  - Single-function - Fire protection","State and Local","2"
"2022","Indiana","GO0074","Special District Governments  - Single-function - Fire protection","State and Local","2"
"2025","Indiana","GO0074","Special District Governments  - Single-function - Fire protection","State and Local","1"
"2026","Indiana","GO0074","Special District Governments  - Single-function - Fire protection","State and Local","1"
"2022","Indiana","GO0076","Special District Governments  - Single-function - Highways","State and Local","1"
"2025","Indiana","GO0076","Special District Governments  - Single-function - Highways","State and Local","1"
"2026","Indiana","GO0076","Special District Governments  - Single-function - Highways","State and Local","1"
"2012","Indiana","GO0077","Special District Governments  - Single-function - Hospitals","State and Local","10"
"2017","Indiana","GO0077","Special District Governments  - Single-function - Hospitals","State and Local","7"
"2022","Indiana","GO0077","Special District Governments  - Single-function - Hospitals","State and Local","7"
"2025","Indiana","GO0077","Special District Governments  - Single-function - Hospitals","State and Local","7"
"2026","Indiana","GO0077","Special District Governments  - Single-function - Hospitals","State and Local","7"
"2012","Indiana","GO0078","Special District Governments  - Single-function - Housing and community development","State and Local","70"
"2017","Indiana","GO0078","Special District Governments  - Single-function - Housing and community development","State and Local","64"
"2022","Indiana","GO0078","Special District Governments  - Single-function - Housing and community development","State and Local","61"
"2025","Indiana","GO0078","Special District Governments  - Single-function - Housing and community development","State and Local","59"
"2026","Indiana","GO0078","Special District Governments  - Single-function - Housing and community development","State and Local","59"
"2012","Indiana","GO0080","Special District Governments  - Single-function - Libraries","State and Local","297"
"2017","Indiana","GO0080","Special District Governments  - Single-function - Libraries","State and Local","240"
"2022","Indiana","GO0080","Special District Governments  - Single-function - Libraries","State and Local","240"
"2025","Indiana","GO0080","Special District Governments  - Single-function - Libraries","State and Local","240"
"2026","Indiana","GO0080","Special District Governments  - Single-function - Libraries","State and Local","240"
"2012","Indiana","GO0081","Special District Governments - Multiple-function - Natural resources and water supply","State and Local","1"
"2017","Indiana","GO0081","Special District Governments - Multiple-function - Natural resources and water supply","State and Local","1"
"2022","Indiana","GO0081","Special District Governments - Multiple-function - Natural resources and water supply","State and Local","1"
"2025","Indiana","GO0081","Special District Governments - Multiple-function - Natural resources and water supply","State and Local","1"
"2026","Indiana","GO0081","Special District Governments - Multiple-function - Natural resources and water supply","State and Local","1"
"2012","Indiana","GO0082","Special District Governments - Multiple-function - Other multiple function districts","State and Local","23"
"2017","Indiana","GO0082","Special District Governments - Multiple-function - Other multiple function districts","State and Local","23"
"2022","Indiana","GO0082","Special District Governments - Multiple-function - Other multiple function districts","State and Local","27"
"2025","Indiana","GO0082","Special District Governments - Multiple-function - Other multiple function districts","State and Local","27"
"2026","Indiana","GO0082","Special District Governments - Multiple-function - Other multiple function districts","State and Local","27"
"2012","Indiana","GO0083","Special District Governments  - Single-function - Other natural resources","State and Local","8"
"2017","Indiana","GO0083","Special District Governments  - Single-function - Other natural resources","State and Local","8"
"2022","Indiana","GO0083","Special District Governments  - Single-function - Other natural resources","State and Local","9"
"2025","Indiana","GO0083","Special District Governments  - Single-function - Other natural resources","State and Local","9"
"2026","Indiana","GO0083","Special District Governments  - Single-function - Other natural resources","State and Local","9"
"2012","Indiana","GO0084","Special District Governments  - Single-function - Other single function districts","State and Local","5"
"2017","Indiana","GO0084","Special District Governments  - Single-function - Other single function districts","State and Local","3"
"2022","Indiana","GO0084","Special District Governments  - Single-function - Other single function districts","State and Local","3"
"2025","Indiana","GO0084","Special District Governments  - Single-function - Other single function districts","State and Local","4"
"2026","Indiana","GO0084","Special District Governments  - Single-function - Other single function districts","State and Local","4"
"2012","Indiana","GO0085","Special District Governments  - Single-function - Other transportation","State and Local","1"
"2017","Indiana","GO0085","Special District Governments  - Single-function - Other transportation","State and Local","1"
"2022","Indiana","GO0085","Special District Governments  - Single-function - Other transportation","State and Local","1"
"2025","Indiana","GO0085","Special District Governments  - Single-function - Other transportation","State and Local","1"
"2026","Indiana","GO0085","Special District Governments  - Single-function - Other transportation","State and Local","1"
"2012","Indiana","GO0086","Special District Governments  - Single-function - Other utility districts","State and Local","3"
"2017","Indiana","GO0086","Special District Governments  - Single-function - Other utility districts","State and Local","2"
"2022","Indiana","GO0086","Special District Governments  - Single-function - Other utility districts","State and Local","3"
"2025","Indiana","GO0086","Special District Governments  - Single-function - Other utility districts","State and Local","3"
"2026","Indiana","GO0086","Special District Governments  - Single-function - Other utility districts","State and Local","3"
"2012","Indiana","GO0087","Special District Governments  - Single-function - Parks and recreation","State and Local","9"
"2017","Indiana","GO0087","Special District Governments  - Single-function - Parks and recreation","State and Local","11"
"2022","Indiana","GO0087","Special District Governments  - Single-function - Parks and recreation","State and Local","10"
"2025","Indiana","GO0087","Special District Governments  - Single-function - Parks and recreation","State and Local","10"
"2026","Indiana","GO0087","Special District Governments  - Single-function - Parks and recreation","State and Local","10"
"2012","Indiana","GO0088","Special District Governments  - Single-function - Sewerage","State and Local","91"
"2017","Indiana","GO0088","Special District Governments  - Single-function - Sewerage","State and Local","93"
"2022","Indiana","GO0088","Special District Governments  - Single-function - Sewerage","State and Local","98"
"2025","Indiana","GO0088","Special District Governments  - Single-function - Sewerage","State and Local","99"
"2026","Indiana","GO0088","Special District Governments  - Single-function - Sewerage","State and Local","99"
"2012","Indiana","GO0089","Special District Governments - Multiple-function - Sewerage and water supply","State and Local","16"
"2017","Indiana","GO0089","Special District Governments - Multiple-function - Sewerage and water supply","State and Local","16"
"2022","Indiana","GO0089","Special District Governments - Multiple-function - Sewerage and water supply","State and Local","17"
"2025","Indiana","GO0089","Special District Governments - Multiple-function - Sewerage and water supply","State and Local","17"
"2026","Indiana","GO0089","Special District Governments - Multiple-function - Sewerage and water supply","State and Local","17"
"2012","Indiana","GO0090","Special District Governments  - Single-function - Soil and water conservation","State and Local","94"
"2017","Indiana","GO0090","Special District Governments  - Single-function - Soil and water conservation","State and Local","94"
"2022","Indiana","GO0090","Special District Governments  - Single-function - Soil and water conservation","State and Local","98"
"2025","Indiana","GO0090","Special District Governments  - Single-function - Soil and water conservation","State and Local","98"
"2026","Indiana","GO0090","Special District Governments  - Single-function - Soil and water conservation","State and Local","98"
"2012","Indiana","GO0091","Special District Governments  - Single-function - Solid waste management","State and Local","71"
"2017","Indiana","GO0091","Special District Governments  - Single-function - Solid waste management","State and Local","73"
"2022","Indiana","GO0091","Special District Governments  - Single-function - Solid waste management","State and Local","71"
"2025","Indiana","GO0091","Special District Governments  - Single-function - Solid waste management","State and Local","71"
"2026","Indiana","GO0091","Special District Governments  - Single-function - Solid waste management","State and Local","71"
"2012","Indiana","GO0092","Total multiple-function special district governments","State and Local","40"
"2017","Indiana","GO0092","Total multiple-function special district governments","State and Local","40"
"2022","Indiana","GO0092","Total multiple-function special district governments","State and Local","45"
"2025","Indiana","GO0092","Total multiple-function special district governments","State and Local","45"
"2026","Indiana","GO0092","Total multiple-function special district governments","State and Local","45"
"2012","Indiana","GO0093","Special District Governments  - Single-function - Water supply","State and Local","10"
"2017","Indiana","GO0093","Special District Governments  - Single-function - Water supply","State and Local","9"
"2022","Indiana","GO0093","Special District Governments  - Single-function - Water supply","State and Local","9"
"2025","Indiana","GO0093","Special District Governments  - Single-function - Water supply","State and Local","9"
"2026","Indiana","GO0093","Special District Governments  - Single-function - Water supply","State and Local","9"
"2012","Indiana","GO0095","Total single-function special district governments","State and Local","712"
"2017","Indiana","GO0095","Total single-function special district governments","State and Local","647"
"2022","Indiana","GO0095","Total single-function special district governments","State and Local","651"
"2025","Indiana","GO0095","Total single-function special district governments","State and Local","651"
"2026","Indiana","GO0095","Total single-function special district governments","State and Local","651"
"2012","Iowa","GO0009","Total Local Government Units - Special Purpose Governments - Special District Governments","State and Local","535"
"2017","Iowa","GO0009","Total Local Government Units - Special Purpose Governments - Special District Governments","State and Local","551"
"2022","Iowa","GO0009","Total Local Government Units - Special Purpose Governments - Special District Governments","State and Local","445"
"2025","Iowa","GO0009","Total Local Government Units - Special Purpose Governments - Special District Governments","State and Local","444"
"2026","Iowa","GO0009","Total Local Government Units - Special Purpose Governments - Special District Governments","State and Local","445"
"2012","Iowa","GO0070","Special District Governments  - Single-function - Air transportation","State and Local","3"
"2017","Iowa","GO0070","Special District Governments  - Single-function - Air transportation","State and Local","4"
"2022","Iowa","GO0070","Special District Governments  - Single-function - Air transportation","State and Local","4"
"2025","Iowa","GO0070","Special District Governments  - Single-function - Air transportation","State and Local","4"
"2026","Iowa","GO0070","Special District Governments  - Single-function - Air transportation","State and Local","4"
"2012","Iowa","GO0072","Special District Governments  - Single-function - Drainage and flood control","State and Local","142"
"2017","Iowa","GO0072","Special District Governments  - Single-function - Drainage and flood control","State and Local","139"
"2022","Iowa","GO0072","Special District Governments  - Single-function - Drainage and flood control","State and Local","25"
"2025","Iowa","GO0072","Special District Governments  - Single-function - Drainage and flood control","State and Local","25"
"2026","Iowa","GO0072","Special District Governments  - Single-function - Drainage and flood control","State and Local","25"
"2012","Iowa","GO0074","Special District Governments  - Single-function - Fire protection","State and Local","60"
"2017","Iowa","GO0074","Special District Governments  - Single-function - Fire protection","State and Local","60"
"2022","Iowa","GO0074","Special District Governments  - Single-function - Fire protection","State and Local","60"
"2025","Iowa","GO0074","Special District Governments  - Single-function - Fire protection","State and Local","60"
"2026","Iowa","GO0074","Special District Governments  - Single-function - Fire protection","State and Local","60"
"2012","Iowa","GO0075","Special District Governments  - Single-function - Health","State and Local","2"
"2017","Iowa","GO0075","Special District Governments  - Single-function - Health","State and Local","3"
"2022","Iowa","GO0075","Special District Governments  - Single-function - Health","State and Local","3"
"2025","Iowa","GO0075","Special District Governments  - Single-function - Health","State and Local","3"
"2026","Iowa","GO0075","Special District Governments  - Single-function - Health","State and Local","3"
"2012","Iowa","GO0076","Special District Governments  - Single-function - Highways","State and Local","3"
"2017","Iowa","GO0076","Special District Governments  - Single-function - Highways","State and Local","3"
"2022","Iowa","GO0076","Special District Governments  - Single-function - Highways","State and Local","3"
"2025","Iowa","GO0076","Special District Governments  - Single-function - Highways","State and Local","3"
"2026","Iowa","GO0076","Special District Governments  - Single-function - Highways","State and Local","3"
"2012","Iowa","GO0078","Special District Governments  - Single-function - Housing and community development","State and Local","28"
"2017","Iowa","GO0078","Special District Governments  - Single-function - Housing and community development","State and Local","27"
"2022","Iowa","GO0078","Special District Governments  - Single-function - Housing and community development","State and Local","27"
"2025","Iowa","GO0078","Special District Governments  - Single-function - Housing and community development","State and Local","27"
"2026","Iowa","GO0078","Special District Governments  - Single-function - Housing and community development","State and Local","27"
"2017","Iowa","GO0081","Special District Governments - Multiple-function - Natural resources and water supply","State and Local","19"
"2022","Iowa","GO0081","Special District Governments - Multiple-function - Natural resources and water supply","State and Local","25"
"2025","Iowa","GO0081","Special District Governments - Multiple-function - Natural resources and water supply","State and Local","24"
"2026","Iowa","GO0081","Special District Governments - Multiple-function - Natural resources and water supply","State and Local","25"
"2012","Iowa","GO0082","Special District Governments - Multiple-function - Other multiple function districts","State and Local","5"
"2017","Iowa","GO0082","Special District Governments - Multiple-function - Other multiple function districts","State and Local","6"
"2022","Iowa","GO0082","Special District Governments - Multiple-function - Other multiple function districts","State and Local","6"
"2025","Iowa","GO0082","Special District Governments - Multiple-function - Other multiple function districts","State and Local","6"
"2026","Iowa","GO0082","Special District Governments - Multiple-function - Other multiple function districts","State and Local","6"
"2012","Iowa","GO0084","Special District Governments  - Single-function - Other single function districts","State and Local","94"
"2017","Iowa","GO0084","Special District Governments  - Single-function - Other single function districts","State and Local","93"
"2022","Iowa","GO0084","Special District Governments  - Single-function - Other single function districts","State and Local","93"
"2025","Iowa","GO0084","Special District Governments  - Single-function - Other single function districts","State and Local","93"
"2026","Iowa","GO0084","Special District Governments  - Single-function - Other single function districts","State and Local","93"
"2012","Iowa","GO0085","Special District Governments  - Single-function - Other transportation","State and Local","1"
"2017","Iowa","GO0085","Special District Governments  - Single-function - Other transportation","State and Local","1"
"2022","Iowa","GO0085","Special District Governments  - Single-function - Other transportation","State and Local","1"
"2025","Iowa","GO0085","Special District Governments  - Single-function - Other transportation","State and Local","1"
"2026","Iowa","GO0085","Special District Governments  - Single-function - Other transportation","State and Local","1"
"2012","Iowa","GO0086","Special District Governments  - Single-function - Other utility districts","State and Local","7"
"2017","Iowa","GO0086","Special District Governments  - Single-function - Other utility districts","State and Local","7"
"2022","Iowa","GO0086","Special District Governments  - Single-function - Other utility districts","State and Local","8"
"2025","Iowa","GO0086","Special District Governments  - Single-function - Other utility districts","State and Local","8"
"2026","Iowa","GO0086","Special District Governments  - Single-function - Other utility districts","State and Local","8"
"2012","Iowa","GO0087","Special District Governments  - Single-function - Parks and recreation","State and Local","1"
"2017","Iowa","GO0087","Special District Governments  - Single-function - Parks and recreation","State and Local","1"
"2022","Iowa","GO0087","Special District Governments  - Single-function - Parks and recreation","State and Local","1"
"2025","Iowa","GO0087","Special District Governments  - Single-function - Parks and recreation","State and Local","1"
"2026","Iowa","GO0087","Special District Governments  - Single-function - Parks and recreation","State and Local","1"
"2012","Iowa","GO0088","Special District Governments  - Single-function - Sewerage","State and Local","34"
"2017","Iowa","GO0088","Special District Governments  - Single-function - Sewerage","State and Local","34"
"2022","Iowa","GO0088","Special District Governments  - Single-function - Sewerage","State and Local","34"
"2025","Iowa","GO0088","Special District Governments  - Single-function - Sewerage","State and Local","34"
"2026","Iowa","GO0088","Special District Governments  - Single-function - Sewerage","State and Local","34"
"2017","Iowa","GO0089","Special District Governments - Multiple-function - Sewerage and water supply","State and Local","1"
"2022","Iowa","GO0089","Special District Governments - Multiple-function - Sewerage and water supply","State and Local","1"
"2025","Iowa","GO0089","Special District Governments - Multiple-function - Sewerage and water supply","State and Local","1"
"2026","Iowa","GO0089","Special District Governments - Multiple-function - Sewerage and water supply","State and Local","1"
"2012","Iowa","GO0090","Special District Governments  - Single-function - Soil and water conservation","State and Local","99"
"2017","Iowa","GO0090","Special District Governments  - Single-function - Soil and water conservation","State and Local","99"
"2022","Iowa","GO0090","Special District Governments  - Single-function - Soil and water conservation","State and Local","99"
"2025","Iowa","GO0090","Special District Governments  - Single-function - Soil and water conservation","State and Local","99"
"2026","Iowa","GO0090","Special District Governments  - Single-function - Soil and water conservation","State and Local","99"
"2012","Iowa","GO0091","Special District Governments  - Single-function - Solid waste management","State and Local","39"
"2017","Iowa","GO0091","Special District Governments  - Single-function - Solid waste management","State and Local","38"
"2022","Iowa","GO0091","Special District Governments  - Single-function - Solid waste management","State and Local","38"
"2025","Iowa","GO0091","Special District Governments  - Single-function - Solid waste management","State and Local","38"
"2026","Iowa","GO0091","Special District Governments  - Single-function - Solid waste management","State and Local","38"
"2012","Iowa","GO0092","Total multiple-function special district governments","State and Local","5"
"2017","Iowa","GO0092","Total multiple-function special district governments","State and Local","26"
"2022","Iowa","GO0092","Total multiple-function special district governments","State and Local","32"
"2025","Iowa","GO0092","Total multiple-function special district governments","State and Local","31"
"2026","Iowa","GO0092","Total multiple-function special district governments","State and Local","32"
"2012","Iowa","GO0093","Special District Governments  - Single-function - Water supply","State and Local","17"
"2017","Iowa","GO0093","Special District Governments  - Single-function - Water supply","State and Local","16"
"2022","Iowa","GO0093","Special District Governments  - Single-function - Water supply","State and Local","17"
"2025","Iowa","GO0093","Special District Governments  - Single-function - Water supply","State and Local","17"
"2026","Iowa","GO0093","Special District Governments  - Single-function - Water supply","State and Local","17"
"2012","Iowa","GO0095","Total single-function special district governments","State and Local","530"
"2017","Iowa","GO0095","Total single-function special district governments","State and Local","525"
"2022","Iowa","GO0095","Total single-function special district governments","State and Local","413"
"2025","Iowa","GO0095","Total single-function special district governments","State and Local","413"
"2026","Iowa","GO0095","Total single-function special district governments","State and Local","413"
"2012","Kansas","GO0009","Total Local Government Units - Special Purpose Governments - Special District Governments","State and Local","1,523"
"2017","Kansas","GO0009","Total Local Government Units - Special Purpose Governments - Special District Governments","State and Local","1,493"
"2022","Kansas","GO0009","Total Local Government Units - Special Purpose Governments - Special District Governments","State and Local","1,468"
"2025","Kansas","GO0009","Total Local Government Units - Special Purpose Governments - Special District Governments","State and Local","1,466"
"2026","Kansas","GO0009","Total Local Government Units - Special Purpose Governments - Special District Governments","State and Local","1,465"
"2012","Kansas","GO0071","Special District Governments  - Single-function - Cemeteries","State and Local","680"
"2017","Kansas","GO0071","Special District Governments  - Single-function - Cemeteries","State and Local","678"
"2022","Kansas","GO0071","Special District Governments  - Single-function - Cemeteries","State and Local","675"
"2025","Kansas","GO0071","Special District Governments  - Single-function - Cemeteries","State and Local","675"
"2026","Kansas","GO0071","Special District Governments  - Single-function - Cemeteries","State and Local","675"
"2012","Kansas","GO0072","Special District Governments  - Single-function - Drainage and flood control","State and Local","143"
"2017","Kansas","GO0072","Special District Governments  - Single-function - Drainage and flood control","State and Local","137"
"2022","Kansas","GO0072","Special District Governments  - Single-function - Drainage and flood control","State and Local","131"
"2025","Kansas","GO0072","Special District Governments  - Single-function - Drainage and flood control","State and Local","131"
"2026","Kansas","GO0072","Special District Governments  - Single-function - Drainage and flood control","State and Local","131"
"2012","Kansas","GO0074","Special District Governments  - Single-function - Fire protection","State and Local","1"
"2017","Kansas","GO0074","Special District Governments  - Single-function - Fire protection","State and Local","1"
"2022","Kansas","GO0074","Special District Governments  - Single-function - Fire protection","State and Local","1"
"2025","Kansas","GO0074","Special District Governments  - Single-function - Fire protection","State and Local","1"
"2026","Kansas","GO0074","Special District Governments  - Single-function - Fire protection","State and Local","1"
"2012","Kansas","GO0076","Special District Governments  - Single-function - Highways","State and Local","3"
"2017","Kansas","GO0076","Special District Governments  - Single-function - Highways","State and Local","3"
"2022","Kansas","GO0076","Special District Governments  - Single-function - Highways","State and Local","3"
"2025","Kansas","GO0076","Special District Governments  - Single-function - Highways","State and Local","3"
"2026","Kansas","GO0076","Special District Governments  - Single-function - Highways","State and Local","3"
"2012","Kansas","GO0077","Special District Governments  - Single-function - Hospitals","State and Local","23"
"2017","Kansas","GO0077","Special District Governments  - Single-function - Hospitals","State and Local","22"
"2022","Kansas","GO0077","Special District Governments  - Single-function - Hospitals","State and Local","21"
"2025","Kansas","GO0077","Special District Governments  - Single-function - Hospitals","State and Local","21"
"2026","Kansas","GO0077","Special District Governments  - Single-function - Hospitals","State and Local","21"
"2012","Kansas","GO0078","Special District Governments  - Single-function - Housing and community development","State and Local","184"
"2017","Kansas","GO0078","Special District Governments  - Single-function - Housing and community development","State and Local","177"
"2022","Kansas","GO0078","Special District Governments  - Single-function - Housing and community development","State and Local","169"
"2025","Kansas","GO0078","Special District Governments  - Single-function - Housing and community development","State and Local","167"
"2026","Kansas","GO0078","Special District Governments  - Single-function - Housing and community development","State and Local","166"
"2012","Kansas","GO0079","Special District Governments  - Single-function - Industrial development and mortgage credit","State and Local","1"
"2017","Kansas","GO0079","Special District Governments  - Single-function - Industrial development and mortgage credit","State and Local","1"
"2012","Kansas","GO0080","Special District Governments  - Single-function - Libraries","State and Local","25"
"2017","Kansas","GO0080","Special District Governments  - Single-function - Libraries","State and Local","25"
"2022","Kansas","GO0080","Special District Governments  - Single-function - Libraries","State and Local","26"
"2025","Kansas","GO0080","Special District Governments  - Single-function - Libraries","State and Local","26"
"2026","Kansas","GO0080","Special District Governments  - Single-function - Libraries","State and Local","26"
"2012","Kansas","GO0081","Special District Governments - Multiple-function - Natural resources and water supply","State and Local","7"
"2017","Kansas","GO0081","Special District Governments - Multiple-function - Natural resources and water supply","State and Local","7"
"2022","Kansas","GO0081","Special District Governments - Multiple-function - Natural resources and water supply","State and Local","7"
"2025","Kansas","GO0081","Special District Governments - Multiple-function - Natural resources and water supply","State and Local","7"
"2026","Kansas","GO0081","Special District Governments - Multiple-function - Natural resources and water supply","State and Local","7"
"2012","Kansas","GO0082","Special District Governments - Multiple-function - Other multiple function districts","State and Local","11"
"2017","Kansas","GO0082","Special District Governments - Multiple-function - Other multiple function districts","State and Local","11"
"2022","Kansas","GO0082","Special District Governments - Multiple-function - Other multiple function districts","State and Local","11"
"2025","Kansas","GO0082","Special District Governments - Multiple-function - Other multiple function districts","State and Local","11"
"2026","Kansas","GO0082","Special District Governments - Multiple-function - Other multiple function districts","State and Local","11"
"2012","Kansas","GO0083","Special District Governments  - Single-function - Other natural resources","State and Local","9"
"2017","Kansas","GO0083","Special District Governments  - Single-function - Other natural resources","State and Local","9"
"2022","Kansas","GO0083","Special District Governments  - Single-function - Other natural resources","State and Local","9"
"2025","Kansas","GO0083","Special District Governments  - Single-function - Other natural resources","State and Local","9"
"2026","Kansas","GO0083","Special District Governments  - Single-function - Other natural resources","State and Local","9"
"2012","Kansas","GO0084","Special District Governments  - Single-function - Other single function districts","State and Local","3"
"2017","Kansas","GO0084","Special District Governments  - Single-function - Other single function districts","State and Local","2"
"2022","Kansas","GO0084","Special District Governments  - Single-function - Other single function districts","State and Local","2"
"2025","Kansas","GO0084","Special District Governments  - Single-function - Other single function districts","State and Local","2"
"2026","Kansas","GO0084","Special District Governments  - Single-function - Other single function districts","State and Local","2"
"2012","Kansas","GO0086","Special District Governments  - Single-function - Other utility districts","State and Local","2"
"2017","Kansas","GO0086","Special District Governments  - Single-function - Other utility districts","State and Local","3"
"2022","Kansas","GO0086","Special District Governments  - Single-function - Other utility districts","State and Local","3"
"2025","Kansas","GO0086","Special District Governments  - Single-function - Other utility districts","State and Local","3"
"2026","Kansas","GO0086","Special District Governments  - Single-function - Other utility districts","State and Local","3"
"2012","Kansas","GO0087","Special District Governments  - Single-function - Parks and recreation","State and Local","1"
"2017","Kansas","GO0087","Special District Governments  - Single-function - Parks and recreation","State and Local","2"
"2022","Kansas","GO0087","Special District Governments  - Single-function - Parks and recreation","State and Local","2"
"2025","Kansas","GO0087","Special District Governments  - Single-function - Parks and recreation","State and Local","2"
"2026","Kansas","GO0087","Special District Governments  - Single-function - Parks and recreation","State and Local","2"
"2012","Kansas","GO0088","Special District Governments  - Single-function - Sewerage","State and Local","13"
"2017","Kansas","GO0088","Special District Governments  - Single-function - Sewerage","State and Local","13"
"2022","Kansas","GO0088","Special District Governments  - Single-function - Sewerage","State and Local","13"
"2025","Kansas","GO0088","Special District Governments  - Single-function - Sewerage","State and Local","13"
"2026","Kansas","GO0088","Special District Governments  - Single-function - Sewerage","State and Local","13"
"2012","Kansas","GO0089","Special District Governments - Multiple-function - Sewerage and water supply","State and Local","3"
"2017","Kansas","GO0089","Special District Governments - Multiple-function - Sewerage and water supply","State and Local","3"
"2022","Kansas","GO0089","Special District Governments - Multiple-function - Sewerage and water supply","State and Local","3"
"2025","Kansas","GO0089","Special District Governments - Multiple-function - Sewerage and water supply","State and Local","3"
"2026","Kansas","GO0089","Special District Governments - Multiple-function - Sewerage and water supply","State and Local","3"
"2012","Kansas","GO0090","Special District Governments  - Single-function - Soil and water conservation","State and Local","110"
"2017","Kansas","GO0090","Special District Governments  - Single-function - Soil and water conservation","State and Local","110"
"2022","Kansas","GO0090","Special District Governments  - Single-function - Soil and water conservation","State and Local","109"
"2025","Kansas","GO0090","Special District Governments  - Single-function - Soil and water conservation","State and Local","109"
"2026","Kansas","GO0090","Special District Governments  - Single-function - Soil and water conservation","State and Local","109"
"2012","Kansas","GO0091","Special District Governments  - Single-function - Solid waste management","State and Local","1"
"2017","Kansas","GO0091","Special District Governments  - Single-function - Solid waste management","State and Local","1"
"2022","Kansas","GO0091","Special District Governments  - Single-function - Solid waste management","State and Local","1"
"2025","Kansas","GO0091","Special District Governments  - Single-function - Solid waste management","State and Local","1"
"2026","Kansas","GO0091","Special District Governments  - Single-function - Solid waste management","State and Local","1"
"2012","Kansas","GO0092","Total multiple-function special district governments","State and Local","21"
"2017","Kansas","GO0092","Total multiple-function special district governments","State and Local","21"
"2022","Kansas","GO0092","Total multiple-function special district governments","State and Local","21"
"2025","Kansas","GO0092","Total multiple-function special district governments","State and Local","21"
"2026","Kansas","GO0092","Total multiple-function special district governments","State and Local","21"
"2012","Kansas","GO0093","Special District Governments  - Single-function - Water supply","State and Local","300"
"2017","Kansas","GO0093","Special District Governments  - Single-function - Water supply","State and Local","285"
"2022","Kansas","GO0093","Special District Governments  - Single-function - Water supply","State and Local","279"
"2025","Kansas","GO0093","Special District Governments  - Single-function - Water supply","State and Local","279"
"2026","Kansas","GO0093","Special District Governments  - Single-function - Water supply","State and Local","279"
"2012","Kansas","GO0094","Special District Governments  - Single-function - Welfare","State and Local","3"
"2017","Kansas","GO0094","Special District Governments  - Single-function - Welfare","State and Local","3"
"2022","Kansas","GO0094","Special District Governments  - Single-function - Welfare","State and Local","3"
"2025","Kansas","GO0094","Special District Governments  - Single-function - Welfare","State and Local","3"
"2026","Kansas","GO0094","Special District Governments  - Single-function - Welfare","State and Local","3"
"2012","Kansas","GO0095","Total single-function special district governments","State and Local","1,502"
"2017","Kansas","GO0095","Total single-function special district governments","State and Local","1,472"
"2022","Kansas","GO0095","Total single-function special district governments","State and Local","1,447"
"2025","Kansas","GO0095","Total single-function special district governments","State and Local","1,445"
"2026","Kansas","GO0095","Total single-function special district governments","State and Local","1,444"
"2012","Kentucky","GO0009","Total Local Government Units - Special Purpose Governments - Special District Governments","State and Local","628"
"2017","Kentucky","GO0009","Total Local Government Units - Special Purpose Governments - Special District Governments","State and Local","614"
"2022","Kentucky","GO0009","Total Local Government Units - Special Purpose Governments - Special District Governments","State and Local","601"
"2025","Kentucky","GO0009","Total Local Government Units - Special Purpose Governments - Special District Governments","State and Local","591"
"2026","Kentucky","GO0009","Total Local Government Units - Special Purpose Governments - Special District Governments","State and Local","590"
"2012","Kentucky","GO0072","Special District Governments  - Single-function - Drainage and flood control","State and Local","5"
"2017","Kentucky","GO0072","Special District Governments  - Single-function - Drainage and flood control","State and Local","5"
"2022","Kentucky","GO0072","Special District Governments  - Single-function - Drainage and flood control","State and Local","5"
"2025","Kentucky","GO0072","Special District Governments  - Single-function - Drainage and flood control","State and Local","5"
"2026","Kentucky","GO0072","Special District Governments  - Single-function - Drainage and flood control","State and Local","5"
"2012","Kentucky","GO0074","Special District Governments  - Single-function - Fire protection","State and Local","155"
"2017","Kentucky","GO0074","Special District Governments  - Single-function - Fire protection","State and Local","151"
"2022","Kentucky","GO0074","Special District Governments  - Single-function - Fire protection","State and Local","144"
"2025","Kentucky","GO0074","Special District Governments  - Single-function - Fire protection","State and Local","140"
"2026","Kentucky","GO0074","Special District Governments  - Single-function - Fire protection","State and Local","140"
"2012","Kentucky","GO0075","Special District Governments  - Single-function - Health","State and Local","46"
"2017","Kentucky","GO0075","Special District Governments  - Single-function - Health","State and Local","44"
"2022","Kentucky","GO0075","Special District Governments  - Single-function - Health","State and Local","44"
"2025","Kentucky","GO0075","Special District Governments  - Single-function - Health","State and Local","43"
"2026","Kentucky","GO0075","Special District Governments  - Single-function - Health","State and Local","43"
"2012","Kentucky","GO0076","Special District Governments  - Single-function - Highways","State and Local","7"
"2017","Kentucky","GO0076","Special District Governments  - Single-function - Highways","State and Local","6"
"2022","Kentucky","GO0076","Special District Governments  - Single-function - Highways","State and Local","6"
"2025","Kentucky","GO0076","Special District Governments  - Single-function - Highways","State and Local","4"
"2026","Kentucky","GO0076","Special District Governments  - Single-function - Highways","State and Local","4"
"2012","Kentucky","GO0077","Special District Governments  - Single-function - Hospitals","State and Local","8"
"2017","Kentucky","GO0077","Special District Governments  - Single-function - Hospitals","State and Local","8"
"2022","Kentucky","GO0077","Special District Governments  - Single-function - Hospitals","State and Local","8"
"2025","Kentucky","GO0077","Special District Governments  - Single-function - Hospitals","State and Local","8"
"2026","Kentucky","GO0077","Special District Governments  - Single-function - Hospitals","State and Local","7"
"2012","Kentucky","GO0078","Special District Governments  - Single-function - Housing and community development","State and Local","18"
"2017","Kentucky","GO0078","Special District Governments  - Single-function - Housing and community development","State and Local","19"
"2022","Kentucky","GO0078","Special District Governments  - Single-function - Housing and community development","State and Local","19"
"2025","Kentucky","GO0078","Special District Governments  - Single-function - Housing and community development","State and Local","18"
"2026","Kentucky","GO0078","Special District Governments  - Single-function - Housing and community development","State and Local","18"
"2012","Kentucky","GO0079","Special District Governments  - Single-function - Industrial development and mortgage credit","State and Local","1"
"2017","Kentucky","GO0079","Special District Governments  - Single-function - Industrial development and mortgage credit","State and Local","1"
"2022","Kentucky","GO0079","Special District Governments  - Single-function - Industrial development and mortgage credit","State and Local","1"
"2025","Kentucky","GO0079","Special District Governments  - Single-function - Industrial development and mortgage credit","State and Local","1"
"2026","Kentucky","GO0079","Special District Governments  - Single-function - Industrial development and mortgage credit","State and Local","1"
"2012","Kentucky","GO0080","Special District Governments  - Single-function - Libraries","State and Local","107"
"2017","Kentucky","GO0080","Special District Governments  - Single-function - Libraries","State and Local","107"
"2022","Kentucky","GO0080","Special District Governments  - Single-function - Libraries","State and Local","108"
"2025","Kentucky","GO0080","Special District Governments  - Single-function - Libraries","State and Local","108"
"2026","Kentucky","GO0080","Special District Governments  - Single-function - Libraries","State and Local","108"
"2012","Kentucky","GO0082","Special District Governments - Multiple-function - Other multiple function districts","State and Local","4"
"2017","Kentucky","GO0082","Special District Governments - Multiple-function - Other multiple function districts","State and Local","4"
"2022","Kentucky","GO0082","Special District Governments - Multiple-function - Other multiple function districts","State and Local","5"
"2025","Kentucky","GO0082","Special District Governments - Multiple-function - Other multiple function districts","State and Local","5"
"2026","Kentucky","GO0082","Special District Governments - Multiple-function - Other multiple function districts","State and Local","5"
"2012","Kentucky","GO0083","Special District Governments  - Single-function - Other natural resources","State and Local","1"
"2017","Kentucky","GO0083","Special District Governments  - Single-function - Other natural resources","State and Local","1"
"2022","Kentucky","GO0083","Special District Governments  - Single-function - Other natural resources","State and Local","1"
"2025","Kentucky","GO0083","Special District Governments  - Single-function - Other natural resources","State and Local","1"
"2026","Kentucky","GO0083","Special District Governments  - Single-function - Other natural resources","State and Local","1"
"2012","Kentucky","GO0084","Special District Governments  - Single-function - Other single function districts","State and Local","2"
"2012","Kentucky","GO0085","Special District Governments  - Single-function - Other transportation","State and Local","9"
"2017","Kentucky","GO0085","Special District Governments  - Single-function - Other transportation","State and Local","9"
"2022","Kentucky","GO0085","Special District Governments  - Single-function - Other transportation","State and Local","8"
"2025","Kentucky","GO0085","Special District Governments  - Single-function - Other transportation","State and Local","7"
"2026","Kentucky","GO0085","Special District Governments  - Single-function - Other transportation","State and Local","7"
"2012","Kentucky","GO0086","Special District Governments  - Single-function - Other utility districts","State and Local","5"
"2017","Kentucky","GO0086","Special District Governments  - Single-function - Other utility districts","State and Local","5"
"2022","Kentucky","GO0086","Special District Governments  - Single-function - Other utility districts","State and Local","5"
"2025","Kentucky","GO0086","Special District Governments  - Single-function - Other utility districts","State and Local","5"
"2026","Kentucky","GO0086","Special District Governments  - Single-function - Other utility districts","State and Local","5"
"2012","Kentucky","GO0088","Special District Governments  - Single-function - Sewerage","State and Local","4"
"2017","Kentucky","GO0088","Special District Governments  - Single-function - Sewerage","State and Local","4"
"2022","Kentucky","GO0088","Special District Governments  - Single-function - Sewerage","State and Local","2"
"2025","Kentucky","GO0088","Special District Governments  - Single-function - Sewerage","State and Local","2"
"2026","Kentucky","GO0088","Special District Governments  - Single-function - Sewerage","State and Local","2"
"2012","Kentucky","GO0089","Special District Governments - Multiple-function - Sewerage and water supply","State and Local","9"
"2017","Kentucky","GO0089","Special District Governments - Multiple-function - Sewerage and water supply","State and Local","9"
"2022","Kentucky","GO0089","Special District Governments - Multiple-function - Sewerage and water supply","State and Local","9"
"2025","Kentucky","GO0089","Special District Governments - Multiple-function - Sewerage and water supply","State and Local","9"
"2026","Kentucky","GO0089","Special District Governments - Multiple-function - Sewerage and water supply","State and Local","9"
"2012","Kentucky","GO0090","Special District Governments  - Single-function - Soil and water conservation","State and Local","120"
"2017","Kentucky","GO0090","Special District Governments  - Single-function - Soil and water conservation","State and Local","120"
"2022","Kentucky","GO0090","Special District Governments  - Single-function - Soil and water conservation","State and Local","120"
"2025","Kentucky","GO0090","Special District Governments  - Single-function - Soil and water conservation","State and Local","120"
"2026","Kentucky","GO0090","Special District Governments  - Single-function - Soil and water conservation","State and Local","120"
"2012","Kentucky","GO0091","Special District Governments  - Single-function - Solid waste management","State and Local","7"
"2017","Kentucky","GO0091","Special District Governments  - Single-function - Solid waste management","State and Local","6"
"2022","Kentucky","GO0091","Special District Governments  - Single-function - Solid waste management","State and Local","7"
"2025","Kentucky","GO0091","Special District Governments  - Single-function - Solid waste management","State and Local","7"
"2026","Kentucky","GO0091","Special District Governments  - Single-function - Solid waste management","State and Local","7"
"2012","Kentucky","GO0092","Total multiple-function special district governments","State and Local","13"
"2017","Kentucky","GO0092","Total multiple-function special district governments","State and Local","13"
"2022","Kentucky","GO0092","Total multiple-function special district governments","State and Local","14"
"2025","Kentucky","GO0092","Total multiple-function special district governments","State and Local","14"
"2026","Kentucky","GO0092","Total multiple-function special district governments","State and Local","14"
"2012","Kentucky","GO0093","Special District Governments  - Single-function - Water supply","State and Local","120"
"2017","Kentucky","GO0093","Special District Governments  - Single-function - Water supply","State and Local","115"
"2022","Kentucky","GO0093","Special District Governments  - Single-function - Water supply","State and Local","109"
"2025","Kentucky","GO0093","Special District Governments  - Single-function - Water supply","State and Local","108"
"2026","Kentucky","GO0093","Special District Governments  - Single-function - Water supply","State and Local","108"
"2012","Kentucky","GO0095","Total single-function special district governments","State and Local","615"
"2017","Kentucky","GO0095","Total single-function special district governments","State and Local","601"
"2022","Kentucky","GO0095","Total single-function special district governments","State and Local","587"
"2025","Kentucky","GO0095","Total single-function special district governments","State and Local","577"
"2026","Kentucky","GO0095","Total single-function special district governments","State and Local","576"
"2012","Louisiana","GO0009","Total Local Government Units - Special Purpose Governments - Special District Governments","State and Local","96"
"2017","Louisiana","GO0009","Total Local Government Units - Special Purpose Governments - Special District Governments","State and Local","83"
"2022","Louisiana","GO0009","Total Local Government Units - Special Purpose Governments - Special District Governments","State and Local","101"
"2025","Louisiana","GO0009","Total Local Government Units - Special Purpose Governments - Special District Governments","State and Local","102"
"2026","Louisiana","GO0009","Total Local Government Units - Special Purpose Governments - Special District Governments","State and Local","102"
"2012","Louisiana","GO0070","Special District Governments  - Single-function - Air transportation","State and Local","3"
"2017","Louisiana","GO0070","Special District Governments  - Single-function - Air transportation","State and Local","2"
"2022","Louisiana","GO0070","Special District Governments  - Single-function - Air transportation","State and Local","2"
"2025","Louisiana","GO0070","Special District Governments  - Single-function - Air transportation","State and Local","2"
"2026","Louisiana","GO0070","Special District Governments  - Single-function - Air transportation","State and Local","3"
"2012","Louisiana","GO0072","Special District Governments  - Single-function - Drainage and flood control","State and Local","4"
"2017","Louisiana","GO0072","Special District Governments  - Single-function - Drainage and flood control","State and Local","2"
"2022","Louisiana","GO0072","Special District Governments  - Single-function - Drainage and flood control","State and Local","1"
"2025","Louisiana","GO0072","Special District Governments  - Single-function - Drainage and flood control","State and Local","2"
"2026","Louisiana","GO0072","Special District Governments  - Single-function - Drainage and flood control","State and Local","2"
"2012","Louisiana","GO0073","Special District Governments  - Single-function - Education","State and Local","1"
"2017","Louisiana","GO0073","Special District Governments  - Single-function - Education","State and Local","1"
"2022","Louisiana","GO0073","Special District Governments  - Single-function - Education","State and Local","1"
"2025","Louisiana","GO0073","Special District Governments  - Single-function - Education","State and Local","1"
"2026","Louisiana","GO0073","Special District Governments  - Single-function - Education","State and Local","1"
"2012","Louisiana","GO0074","Special District Governments  - Single-function - Fire protection","State and Local","2"
"2017","Louisiana","GO0074","Special District Governments  - Single-function - Fire protection","State and Local","2"
"2022","Louisiana","GO0074","Special District Governments  - Single-function - Fire protection","State and Local","1"
"2025","Louisiana","GO0074","Special District Governments  - Single-function - Fire protection","State and Local","1"
"2026","Louisiana","GO0074","Special District Governments  - Single-function - Fire protection","State and Local","1"
"2012","Louisiana","GO0076","Special District Governments  - Single-function - Highways","State and Local","5"
"2017","Louisiana","GO0076","Special District Governments  - Single-function - Highways","State and Local","4"
"2022","Louisiana","GO0076","Special District Governments  - Single-function - Highways","State and Local","4"
"2025","Louisiana","GO0076","Special District Governments  - Single-function - Highways","State and Local","4"
"2026","Louisiana","GO0076","Special District Governments  - Single-function - Highways","State and Local","4"
"2012","Louisiana","GO0077","Special District Governments  - Single-function - Hospitals","State and Local","2"
"2017","Louisiana","GO0077","Special District Governments  - Single-function - Hospitals","State and Local","2"
"2022","Louisiana","GO0077","Special District Governments  - Single-function - Hospitals","State and Local","2"
"2025","Louisiana","GO0077","Special District Governments  - Single-function - Hospitals","State and Local","2"
"2026","Louisiana","GO0077","Special District Governments  - Single-function - Hospitals","State and Local","2"
"2012","Louisiana","GO0079","Special District Governments  - Single-function - Industrial development and mortgage credit","State and Local","2"
"2017","Louisiana","GO0079","Special District Governments  - Single-function - Industrial development and mortgage credit","State and Local","2"
"2022","Louisiana","GO0079","Special District Governments  - Single-function - Industrial development and mortgage credit","State and Local","5"
"2025","Louisiana","GO0079","Special District Governments  - Single-function - Industrial development and mortgage credit","State and Local","5"
"2026","Louisiana","GO0079","Special District Governments  - Single-function - Industrial development and mortgage credit","State and Local","4"
"2012","Louisiana","GO0080","Special District Governments  - Single-function - Libraries","State and Local","1"
"2017","Louisiana","GO0080","Special District Governments  - Single-function - Libraries","State and Local","1"
"2022","Louisiana","GO0080","Special District Governments  - Single-function - Libraries","State and Local","1"
"2025","Louisiana","GO0080","Special District Governments  - Single-function - Libraries","State and Local","1"
"2026","Louisiana","GO0080","Special District Governments  - Single-function - Libraries","State and Local","1"
"2012","Louisiana","GO0081","Special District Governments - Multiple-function - Natural resources and water supply","State and Local","2"
"2017","Louisiana","GO0081","Special District Governments - Multiple-function - Natural resources and water supply","State and Local","1"
"2022","Louisiana","GO0081","Special District Governments - Multiple-function - Natural resources and water supply","State and Local","1"
"2025","Louisiana","GO0081","Special District Governments - Multiple-function - Natural resources and water supply","State and Local","1"
"2026","Louisiana","GO0081","Special District Governments - Multiple-function - Natural resources and water supply","State and Local","1"
"2012","Louisiana","GO0082","Special District Governments - Multiple-function - Other multiple function districts","State and Local","6"
"2017","Louisiana","GO0082","Special District Governments - Multiple-function - Other multiple function districts","State and Local","7"
"2022","Louisiana","GO0082","Special District Governments - Multiple-function - Other multiple function districts","State and Local","9"
"2025","Louisiana","GO0082","Special District Governments - Multiple-function - Other multiple function districts","State and Local","9"
"2026","Louisiana","GO0082","Special District Governments - Multiple-function - Other multiple function districts","State and Local","9"
"2012","Louisiana","GO0083","Special District Governments  - Single-function - Other natural resources","State and Local","4"
"2017","Louisiana","GO0083","Special District Governments  - Single-function - Other natural resources","State and Local","4"
"2022","Louisiana","GO0083","Special District Governments  - Single-function - Other natural resources","State and Local","3"
"2025","Louisiana","GO0083","Special District Governments  - Single-function - Other natural resources","State and Local","3"
"2026","Louisiana","GO0083","Special District Governments  - Single-function - Other natural resources","State and Local","3"
"2012","Louisiana","GO0084","Special District Governments  - Single-function - Other single function districts","State and Local","22"
"2017","Louisiana","GO0084","Special District Governments  - Single-function - Other single function districts","State and Local","19"
"2022","Louisiana","GO0084","Special District Governments  - Single-function - Other single function districts","State and Local","34"
"2025","Louisiana","GO0084","Special District Governments  - Single-function - Other single function districts","State and Local","35"
"2026","Louisiana","GO0084","Special District Governments  - Single-function - Other single function districts","State and Local","36"
"2012","Louisiana","GO0085","Special District Governments  - Single-function - Other transportation","State and Local","22"
"2017","Louisiana","GO0085","Special District Governments  - Single-function - Other transportation","State and Local","21"
"2022","Louisiana","GO0085","Special District Governments  - Single-function - Other transportation","State and Local","21"
"2025","Louisiana","GO0085","Special District Governments  - Single-function - Other transportation","State and Local","20"
"2026","Louisiana","GO0085","Special District Governments  - Single-function - Other transportation","State and Local","19"
"2012","Louisiana","GO0086","Special District Governments  - Single-function - Other utility districts","State and Local","4"
"2017","Louisiana","GO0086","Special District Governments  - Single-function - Other utility districts","State and Local","4"
"2022","Louisiana","GO0086","Special District Governments  - Single-function - Other utility districts","State and Local","4"
"2025","Louisiana","GO0086","Special District Governments  - Single-function - Other utility districts","State and Local","4"
"2026","Louisiana","GO0086","Special District Governments  - Single-function - Other utility districts","State and Local","4"
"2012","Louisiana","GO0087","Special District Governments  - Single-function - Parks and recreation","State and Local","6"
"2017","Louisiana","GO0087","Special District Governments  - Single-function - Parks and recreation","State and Local","4"
"2022","Louisiana","GO0087","Special District Governments  - Single-function - Parks and recreation","State and Local","5"
"2025","Louisiana","GO0087","Special District Governments  - Single-function - Parks and recreation","State and Local","5"
"2026","Louisiana","GO0087","Special District Governments  - Single-function - Parks and recreation","State and Local","5"
"2012","Louisiana","GO0090","Special District Governments  - Single-function - Soil and water conservation","State and Local","2"
"2017","Louisiana","GO0090","Special District Governments  - Single-function - Soil and water conservation","State and Local","2"
"2022","Louisiana","GO0090","Special District Governments  - Single-function - Soil and water conservation","State and Local","2"
"2025","Louisiana","GO0090","Special District Governments  - Single-function - Soil and water conservation","State and Local","2"
"2026","Louisiana","GO0090","Special District Governments  - Single-function - Soil and water conservation","State and Local","2"
"2012","Louisiana","GO0091","Special District Governments  - Single-function - Solid waste management","State and Local","4"
"2017","Louisiana","GO0091","Special District Governments  - Single-function - Solid waste management","State and Local","2"
"2022","Louisiana","GO0091","Special District Governments  - Single-function - Solid waste management","State and Local","2"
"2025","Louisiana","GO0091","Special District Governments  - Single-function - Solid waste management","State and Local","2"
"2026","Louisiana","GO0091","Special District Governments  - Single-function - Solid waste management","State and Local","2"
"2012","Louisiana","GO0092","Total multiple-function special district governments","State and Local","8"
"2017","Louisiana","GO0092","Total multiple-function special district governments","State and Local","8"
"2022","Louisiana","GO0092","Total multiple-function special district governments","State and Local","10"
"2025","Louisiana","GO0092","Total multiple-function special district governments","State and Local","10"
"2026","Louisiana","GO0092","Total multiple-function special district governments","State and Local","10"
"2012","Louisiana","GO0093","Special District Governments  - Single-function - Water supply","State and Local","4"
"2017","Louisiana","GO0093","Special District Governments  - Single-function - Water supply","State and Local","3"
"2022","Louisiana","GO0093","Special District Governments  - Single-function - Water supply","State and Local","2"
"2025","Louisiana","GO0093","Special District Governments  - Single-function - Water supply","State and Local","2"
"2026","Louisiana","GO0093","Special District Governments  - Single-function - Water supply","State and Local","2"
"2022","Louisiana","GO0094","Special District Governments  - Single-function - Welfare","State and Local","1"
"2025","Louisiana","GO0094","Special District Governments  - Single-function - Welfare","State and Local","1"
"2026","Louisiana","GO0094","Special District Governments  - Single-function - Welfare","State and Local","1"
"2012","Louisiana","GO0095","Total single-function special district governments","State and Local","88"
"2017","Louisiana","GO0095","Total single-function special district governments","State and Local","75"
"2022","Louisiana","GO0095","Total single-function special district governments","State and Local","91"
"2025","Louisiana","GO0095","Total single-function special district governments","State and Local","92"
"2026","Louisiana","GO0095","Total single-function special district governments","State and Local","92"
"2012","Maine","GO0009","Total Local Government Units - Special Purpose Governments - Special District Governments","State and Local","237"
"2017","Maine","GO0009","Total Local Government Units - Special Purpose Governments - Special District Governments","State and Local","232"
"2022","Maine","GO0009","Total Local Government Units - Special Purpose Governments - Special District Governments","State and Local","227"
"2025","Maine","GO0009","Total Local Government Units - Special Purpose Governments - Special District Governments","State and Local","227"
"2026","Maine","GO0009","Total Local Government Units - Special Purpose Governments - Special District Governments","State and Local","230"
"2012","Maine","GO0071","Special District Governments  - Single-function - Cemeteries","State and Local","3"
"2017","Maine","GO0071","Special District Governments  - Single-function - Cemeteries","State and Local","3"
"2022","Maine","GO0071","Special District Governments  - Single-function - Cemeteries","State and Local","3"
"2025","Maine","GO0071","Special District Governments  - Single-function - Cemeteries","State and Local","3"
"2026","Maine","GO0071","Special District Governments  - Single-function - Cemeteries","State and Local","3"
"2012","Maine","GO0075","Special District Governments  - Single-function - Health","State and Local","1"
"2017","Maine","GO0075","Special District Governments  - Single-function - Health","State and Local","1"
"2022","Maine","GO0075","Special District Governments  - Single-function - Health","State and Local","1"
"2025","Maine","GO0075","Special District Governments  - Single-function - Health","State and Local","1"
"2026","Maine","GO0075","Special District Governments  - Single-function - Health","State and Local","1"
"2012","Maine","GO0076","Special District Governments  - Single-function - Highways","State and Local","1"
"2017","Maine","GO0076","Special District Governments  - Single-function - Highways","State and Local","1"
"2022","Maine","GO0076","Special District Governments  - Single-function - Highways","State and Local","1"
"2025","Maine","GO0076","Special District Governments  - Single-function - Highways","State and Local","1"
"2026","Maine","GO0076","Special District Governments  - Single-function - Highways","State and Local","1"
"2012","Maine","GO0077","Special District Governments  - Single-function - Hospitals","State and Local","1"
"2017","Maine","GO0077","Special District Governments  - Single-function - Hospitals","State and Local","1"
"2012","Maine","GO0078","Special District Governments  - Single-function - Housing and community development","State and Local","32"
"2017","Maine","GO0078","Special District Governments  - Single-function - Housing and community development","State and Local","30"
"2022","Maine","GO0078","Special District Governments  - Single-function - Housing and community development","State and Local","30"
"2025","Maine","GO0078","Special District Governments  - Single-function - Housing and community development","State and Local","29"
"2026","Maine","GO0078","Special District Governments  - Single-function - Housing and community development","State and Local","29"
"2012","Maine","GO0079","Special District Governments  - Single-function - Industrial development and mortgage credit","State and Local","1"
"2017","Maine","GO0079","Special District Governments  - Single-function - Industrial development and mortgage credit","State and Local","1"
"2022","Maine","GO0079","Special District Governments  - Single-function - Industrial development and mortgage credit","State and Local","1"
"2025","Maine","GO0079","Special District Governments  - Single-function - Industrial development and mortgage credit","State and Local","1"
"2026","Maine","GO0079","Special District Governments  - Single-function - Industrial development and mortgage credit","State and Local","1"
"2012","Maine","GO0081","Special District Governments - Multiple-function - Natural resources and water supply","State and Local","3"
"2017","Maine","GO0081","Special District Governments - Multiple-function - Natural resources and water supply","State and Local","1"
"2022","Maine","GO0081","Special District Governments - Multiple-function - Natural resources and water supply","State and Local","1"
"2025","Maine","GO0081","Special District Governments - Multiple-function - Natural resources and water supply","State and Local","1"
"2026","Maine","GO0081","Special District Governments - Multiple-function - Natural resources and water supply","State and Local","3"
"2012","Maine","GO0082","Special District Governments - Multiple-function - Other multiple function districts","State and Local","8"
"2017","Maine","GO0082","Special District Governments - Multiple-function - Other multiple function districts","State and Local","9"
"2022","Maine","GO0082","Special District Governments - Multiple-function - Other multiple function districts","State and Local","9"
"2025","Maine","GO0082","Special District Governments - Multiple-function - Other multiple function districts","State and Local","9"
"2026","Maine","GO0082","Special District Governments - Multiple-function - Other multiple function districts","State and Local","9"
"2017","Maine","GO0083","Special District Governments  - Single-function - Other natural resources","State and Local","1"
"2022","Maine","GO0083","Special District Governments  - Single-function - Other natural resources","State and Local","1"
"2025","Maine","GO0083","Special District Governments  - Single-function - Other natural resources","State and Local","1"
"2026","Maine","GO0083","Special District Governments  - Single-function - Other natural resources","State and Local","1"
"2012","Maine","GO0084","Special District Governments  - Single-function - Other single function districts","State and Local","1"
"2017","Maine","GO0084","Special District Governments  - Single-function - Other single function districts","State and Local","1"
"2022","Maine","GO0084","Special District Governments  - Single-function - Other single function districts","State and Local","1"
"2025","Maine","GO0084","Special District Governments  - Single-function - Other single function districts","State and Local","1"
"2026","Maine","GO0084","Special District Governments  - Single-function - Other single function districts","State and Local","1"
"2012","Maine","GO0085","Special District Governments  - Single-function - Other transportation","State and Local","2"
"2017","Maine","GO0085","Special District Governments  - Single-function - Other transportation","State and Local","2"
"2022","Maine","GO0085","Special District Governments  - Single-function - Other transportation","State and Local","2"
"2025","Maine","GO0085","Special District Governments  - Single-function - Other transportation","State and Local","2"
"2026","Maine","GO0085","Special District Governments  - Single-function - Other transportation","State and Local","2"
"2012","Maine","GO0086","Special District Governments  - Single-function - Other utility districts","State and Local","7"
"2017","Maine","GO0086","Special District Governments  - Single-function - Other utility districts","State and Local","8"
"2022","Maine","GO0086","Special District Governments  - Single-function - Other utility districts","State and Local","7"
"2025","Maine","GO0086","Special District Governments  - Single-function - Other utility districts","State and Local","7"
"2026","Maine","GO0086","Special District Governments  - Single-function - Other utility districts","State and Local","7"
"2012","Maine","GO0088","Special District Governments  - Single-function - Sewerage","State and Local","43"
"2017","Maine","GO0088","Special District Governments  - Single-function - Sewerage","State and Local","41"
"2022","Maine","GO0088","Special District Governments  - Single-function - Sewerage","State and Local","39"
"2025","Maine","GO0088","Special District Governments  - Single-function - Sewerage","State and Local","39"
"2026","Maine","GO0088","Special District Governments  - Single-function - Sewerage","State and Local","39"
"2012","Maine","GO0089","Special District Governments - Multiple-function - Sewerage and water supply","State and Local","20"
"2017","Maine","GO0089","Special District Governments - Multiple-function - Sewerage and water supply","State and Local","22"
"2022","Maine","GO0089","Special District Governments - Multiple-function - Sewerage and water supply","State and Local","22"
"2025","Maine","GO0089","Special District Governments - Multiple-function - Sewerage and water supply","State and Local","23"
"2026","Maine","GO0089","Special District Governments - Multiple-function - Sewerage and water supply","State and Local","24"
"2012","Maine","GO0090","Special District Governments  - Single-function - Soil and water conservation","State and Local","16"
"2017","Maine","GO0090","Special District Governments  - Single-function - Soil and water conservation","State and Local","16"
"2022","Maine","GO0090","Special District Governments  - Single-function - Soil and water conservation","State and Local","16"
"2025","Maine","GO0090","Special District Governments  - Single-function - Soil and water conservation","State and Local","16"
"2026","Maine","GO0090","Special District Governments  - Single-function - Soil and water conservation","State and Local","16"
"2012","Maine","GO0091","Special District Governments  - Single-function - Solid waste management","State and Local","13"
"2017","Maine","GO0091","Special District Governments  - Single-function - Solid waste management","State and Local","12"
"2022","Maine","GO0091","Special District Governments  - Single-function - Solid waste management","State and Local","12"
"2025","Maine","GO0091","Special District Governments  - Single-function - Solid waste management","State and Local","12"
"2026","Maine","GO0091","Special District Governments  - Single-function - Solid waste management","State and Local","12"
"2012","Maine","GO0092","Total multiple-function special district governments","State and Local","31"
"2017","Maine","GO0092","Total multiple-function special district governments","State and Local","32"
"2022","Maine","GO0092","Total multiple-function special district governments","State and Local","32"
"2025","Maine","GO0092","Total multiple-function special district governments","State and Local","33"
"2026","Maine","GO0092","Total multiple-function special district governments","State and Local","36"
"2012","Maine","GO0093","Special District Governments  - Single-function - Water supply","State and Local","85"
"2017","Maine","GO0093","Special District Governments  - Single-function - Water supply","State and Local","82"
"2022","Maine","GO0093","Special District Governments  - Single-function - Water supply","State and Local","81"
"2025","Maine","GO0093","Special District Governments  - Single-function - Water supply","State and Local","81"
"2026","Maine","GO0093","Special District Governments  - Single-function - Water supply","State and Local","81"
"2012","Maine","GO0095","Total single-function special district governments","State and Local","206"
"2017","Maine","GO0095","Total single-function special district governments","State and Local","200"
"2022","Maine","GO0095","Total single-function special district governments","State and Local","195"
"2025","Maine","GO0095","Total single-function special district governments","State and Local","194"
"2026","Maine","GO0095","Total single-function special district governments","State and Local","194"
"2012","Maryland","GO0009","Total Local Government Units - Special Purpose Governments - Special District Governments","State and Local","167"
"2017","Maryland","GO0009","Total Local Government Units - Special Purpose Governments - Special District Governments","State and Local","164"
"2022","Maryland","GO0009","Total Local Government Units - Special Purpose Governments - Special District Governments","State and Local","162"
"2025","Maryland","GO0009","Total Local Government Units - Special Purpose Governments - Special District Governments","State and Local","161"
"2026","Maryland","GO0009","Total Local Government Units - Special Purpose Governments - Special District Governments","State and Local","161"
"2012","Maryland","GO0072","Special District Governments  - Single-function - Drainage and flood control","State and Local","105"
"2017","Maryland","GO0072","Special District Governments  - Single-function - Drainage and flood control","State and Local","104"
"2022","Maryland","GO0072","Special District Governments  - Single-function - Drainage and flood control","State and Local","104"
"2025","Maryland","GO0072","Special District Governments  - Single-function - Drainage and flood control","State and Local","103"
"2026","Maryland","GO0072","Special District Governments  - Single-function - Drainage and flood control","State and Local","103"
"2012","Maryland","GO0076","Special District Governments  - Single-function - Highways","State and Local","2"
"2017","Maryland","GO0076","Special District Governments  - Single-function - Highways","State and Local","1"
"2022","Maryland","GO0076","Special District Governments  - Single-function - Highways","State and Local","1"
"2025","Maryland","GO0076","Special District Governments  - Single-function - Highways","State and Local","1"
"2026","Maryland","GO0076","Special District Governments  - Single-function - Highways","State and Local","1"
"2012","Maryland","GO0078","Special District Governments  - Single-function - Housing and community development","State and Local","20"
"2017","Maryland","GO0078","Special District Governments  - Single-function - Housing and community development","State and Local","20"
"2022","Maryland","GO0078","Special District Governments  - Single-function - Housing and community development","State and Local","18"
"2025","Maryland","GO0078","Special District Governments  - Single-function - Housing and community development","State and Local","19"
"2026","Maryland","GO0078","Special District Governments  - Single-function - Housing and community development","State and Local","19"
"2012","Maryland","GO0080","Special District Governments  - Single-function - Libraries","State and Local","2"
"2017","Maryland","GO0080","Special District Governments  - Single-function - Libraries","State and Local","2"
"2022","Maryland","GO0080","Special District Governments  - Single-function - Libraries","State and Local","2"
"2025","Maryland","GO0080","Special District Governments  - Single-function - Libraries","State and Local","2"
"2026","Maryland","GO0080","Special District Governments  - Single-function - Libraries","State and Local","2"
"2012","Maryland","GO0082","Special District Governments - Multiple-function - Other multiple function districts","State and Local","8"
"2017","Maryland","GO0082","Special District Governments - Multiple-function - Other multiple function districts","State and Local","9"
"2022","Maryland","GO0082","Special District Governments - Multiple-function - Other multiple function districts","State and Local","9"
"2025","Maryland","GO0082","Special District Governments - Multiple-function - Other multiple function districts","State and Local","9"
"2026","Maryland","GO0082","Special District Governments - Multiple-function - Other multiple function districts","State and Local","9"
"2012","Maryland","GO0083","Special District Governments  - Single-function - Other natural resources","State and Local","1"
"2012","Maryland","GO0084","Special District Governments  - Single-function - Other single function districts","State and Local","3"
"2017","Maryland","GO0084","Special District Governments  - Single-function - Other single function districts","State and Local","2"
"2022","Maryland","GO0084","Special District Governments  - Single-function - Other single function districts","State and Local","2"
"2025","Maryland","GO0084","Special District Governments  - Single-function - Other single function districts","State and Local","2"
"2026","Maryland","GO0084","Special District Governments  - Single-function - Other single function districts","State and Local","2"
"2012","Maryland","GO0090","Special District Governments  - Single-function - Soil and water conservation","State and Local","24"
"2017","Maryland","GO0090","Special District Governments  - Single-function - Soil and water conservation","State and Local","24"
"2022","Maryland","GO0090","Special District Governments  - Single-function - Soil and water conservation","State and Local","24"
"2025","Maryland","GO0090","Special District Governments  - Single-function - Soil and water conservation","State and Local","23"
"2026","Maryland","GO0090","Special District Governments  - Single-function - Soil and water conservation","State and Local","23"
"2012","Maryland","GO0091","Special District Governments  - Single-function - Solid waste management","State and Local","1"
"2017","Maryland","GO0091","Special District Governments  - Single-function - Solid waste management","State and Local","1"
"2022","Maryland","GO0091","Special District Governments  - Single-function - Solid waste management","State and Local","1"
"2025","Maryland","GO0091","Special District Governments  - Single-function - Solid waste management","State and Local","1"
"2026","Maryland","GO0091","Special District Governments  - Single-function - Solid waste management","State and Local","1"
"2012","Maryland","GO0092","Total multiple-function special district governments","State and Local","8"
"2017","Maryland","GO0092","Total multiple-function special district governments","State and Local","9"
"2022","Maryland","GO0092","Total multiple-function special district governments","State and Local","9"
"2025","Maryland","GO0092","Total multiple-function special district governments","State and Local","9"
"2026","Maryland","GO0092","Total multiple-function special district governments","State and Local","9"
"2012","Maryland","GO0093","Special District Governments  - Single-function - Water supply","State and Local","1"
"2017","Maryland","GO0093","Special District Governments  - Single-function - Water supply","State and Local","1"
"2022","Maryland","GO0093","Special District Governments  - Single-function - Water supply","State and Local","1"
"2025","Maryland","GO0093","Special District Governments  - Single-function - Water supply","State and Local","1"
"2026","Maryland","GO0093","Special District Governments  - Single-function - Water supply","State and Local","1"
"2012","Maryland","GO0095","Total single-function special district governments","State and Local","159"
"2017","Maryland","GO0095","Total single-function special district governments","State and Local","155"
"2022","Maryland","GO0095","Total single-function special district governments","State and Local","153"
"2025","Maryland","GO0095","Total single-function special district governments","State and Local","152"
"2026","Maryland","GO0095","Total single-function special district governments","State and Local","152"
"2012","Massachusetts","GO0009","Total Local Government Units - Special Purpose Governments - Special District Governments","State and Local","417"
"2017","Massachusetts","GO0009","Total Local Government Units - Special Purpose Governments - Special District Governments","State and Local","417"
"2022","Massachusetts","GO0009","Total Local Government Units - Special Purpose Governments - Special District Governments","State and Local","415"
"2025","Massachusetts","GO0009","Total Local Government Units - Special Purpose Governments - Special District Governments","State and Local","415"
"2026","Massachusetts","GO0009","Total Local Government Units - Special Purpose Governments - Special District Governments","State and Local","415"
"2012","Massachusetts","GO0072","Special District Governments  - Single-function - Drainage and flood control","State and Local","3"
"2017","Massachusetts","GO0072","Special District Governments  - Single-function - Drainage and flood control","State and Local","3"
"2022","Massachusetts","GO0072","Special District Governments  - Single-function - Drainage and flood control","State and Local","3"
"2025","Massachusetts","GO0072","Special District Governments  - Single-function - Drainage and flood control","State and Local","3"
"2026","Massachusetts","GO0072","Special District Governments  - Single-function - Drainage and flood control","State and Local","3"
"2017","Massachusetts","GO0073","Special District Governments  - Single-function - Education","State and Local","1"
"2012","Massachusetts","GO0074","Special District Governments  - Single-function - Fire protection","State and Local","12"
"2017","Massachusetts","GO0074","Special District Governments  - Single-function - Fire protection","State and Local","11"
"2022","Massachusetts","GO0074","Special District Governments  - Single-function - Fire protection","State and Local","11"
"2025","Massachusetts","GO0074","Special District Governments  - Single-function - Fire protection","State and Local","11"
"2026","Massachusetts","GO0074","Special District Governments  - Single-function - Fire protection","State and Local","11"
"2012","Massachusetts","GO0076","Special District Governments  - Single-function - Highways","State and Local","5"
"2017","Massachusetts","GO0076","Special District Governments  - Single-function - Highways","State and Local","5"
"2022","Massachusetts","GO0076","Special District Governments  - Single-function - Highways","State and Local","5"
"2025","Massachusetts","GO0076","Special District Governments  - Single-function - Highways","State and Local","5"
"2026","Massachusetts","GO0076","Special District Governments  - Single-function - Highways","State and Local","5"
"2012","Massachusetts","GO0078","Special District Governments  - Single-function - Housing and community development","State and Local","251"
"2017","Massachusetts","GO0078","Special District Governments  - Single-function - Housing and community development","State and Local","250"
"2022","Massachusetts","GO0078","Special District Governments  - Single-function - Housing and community development","State and Local","250"
"2025","Massachusetts","GO0078","Special District Governments  - Single-function - Housing and community development","State and Local","250"
"2026","Massachusetts","GO0078","Special District Governments  - Single-function - Housing and community development","State and Local","250"
"2012","Massachusetts","GO0079","Special District Governments  - Single-function - Industrial development and mortgage credit","State and Local","1"
"2017","Massachusetts","GO0079","Special District Governments  - Single-function - Industrial development and mortgage credit","State and Local","1"
"2022","Massachusetts","GO0079","Special District Governments  - Single-function - Industrial development and mortgage credit","State and Local","1"
"2025","Massachusetts","GO0079","Special District Governments  - Single-function - Industrial development and mortgage credit","State and Local","1"
"2026","Massachusetts","GO0079","Special District Governments  - Single-function - Industrial development and mortgage credit","State and Local","1"
"2012","Massachusetts","GO0081","Special District Governments - Multiple-function - Natural resources and water supply","State and Local","1"
"2017","Massachusetts","GO0081","Special District Governments - Multiple-function - Natural resources and water supply","State and Local","1"
"2012","Massachusetts","GO0082","Special District Governments - Multiple-function - Other multiple function districts","State and Local","19"
"2017","Massachusetts","GO0082","Special District Governments - Multiple-function - Other multiple function districts","State and Local","24"
"2022","Massachusetts","GO0082","Special District Governments - Multiple-function - Other multiple function districts","State and Local","23"
"2025","Massachusetts","GO0082","Special District Governments - Multiple-function - Other multiple function districts","State and Local","23"
"2026","Massachusetts","GO0082","Special District Governments - Multiple-function - Other multiple function districts","State and Local","23"
"2012","Massachusetts","GO0083","Special District Governments  - Single-function - Other natural resources","State and Local","3"
"2017","Massachusetts","GO0083","Special District Governments  - Single-function - Other natural resources","State and Local","3"
"2022","Massachusetts","GO0083","Special District Governments  - Single-function - Other natural resources","State and Local","3"
"2025","Massachusetts","GO0083","Special District Governments  - Single-function - Other natural resources","State and Local","3"
"2026","Massachusetts","GO0083","Special District Governments  - Single-function - Other natural resources","State and Local","3"
"2012","Massachusetts","GO0084","Special District Governments  - Single-function - Other single function districts","State and Local","5"
"2017","Massachusetts","GO0084","Special District Governments  - Single-function - Other single function districts","State and Local","4"
"2022","Massachusetts","GO0084","Special District Governments  - Single-function - Other single function districts","State and Local","4"
"2025","Massachusetts","GO0084","Special District Governments  - Single-function - Other single function districts","State and Local","4"
"2026","Massachusetts","GO0084","Special District Governments  - Single-function - Other single function districts","State and Local","4"
"2012","Massachusetts","GO0086","Special District Governments  - Single-function - Other utility districts","State and Local","16"
"2017","Massachusetts","GO0086","Special District Governments  - Single-function - Other utility districts","State and Local","18"
"2022","Massachusetts","GO0086","Special District Governments  - Single-function - Other utility districts","State and Local","18"
"2025","Massachusetts","GO0086","Special District Governments  - Single-function - Other utility districts","State and Local","18"
"2026","Massachusetts","GO0086","Special District Governments  - Single-function - Other utility districts","State and Local","18"
"2012","Massachusetts","GO0087","Special District Governments  - Single-function - Parks and recreation","State and Local","1"
"2017","Massachusetts","GO0087","Special District Governments  - Single-function - Parks and recreation","State and Local","1"
"2022","Massachusetts","GO0087","Special District Governments  - Single-function - Parks and recreation","State and Local","1"
"2025","Massachusetts","GO0087","Special District Governments  - Single-function - Parks and recreation","State and Local","1"
"2026","Massachusetts","GO0087","Special District Governments  - Single-function - Parks and recreation","State and Local","1"
"2012","Massachusetts","GO0088","Special District Governments  - Single-function - Sewerage","State and Local","11"
"2017","Massachusetts","GO0088","Special District Governments  - Single-function - Sewerage","State and Local","9"
"2022","Massachusetts","GO0088","Special District Governments  - Single-function - Sewerage","State and Local","9"
"2025","Massachusetts","GO0088","Special District Governments  - Single-function - Sewerage","State and Local","9"
"2026","Massachusetts","GO0088","Special District Governments  - Single-function - Sewerage","State and Local","9"
"2012","Massachusetts","GO0089","Special District Governments - Multiple-function - Sewerage and water supply","State and Local","6"
"2017","Massachusetts","GO0089","Special District Governments - Multiple-function - Sewerage and water supply","State and Local","7"
"2022","Massachusetts","GO0089","Special District Governments - Multiple-function - Sewerage and water supply","State and Local","8"
"2025","Massachusetts","GO0089","Special District Governments - Multiple-function - Sewerage and water supply","State and Local","8"
"2026","Massachusetts","GO0089","Special District Governments - Multiple-function - Sewerage and water supply","State and Local","8"
"2012","Massachusetts","GO0090","Special District Governments  - Single-function - Soil and water conservation","State and Local","14"
"2017","Massachusetts","GO0090","Special District Governments  - Single-function - Soil and water conservation","State and Local","11"
"2022","Massachusetts","GO0090","Special District Governments  - Single-function - Soil and water conservation","State and Local","11"
"2025","Massachusetts","GO0090","Special District Governments  - Single-function - Soil and water conservation","State and Local","11"
"2026","Massachusetts","GO0090","Special District Governments  - Single-function - Soil and water conservation","State and Local","11"
"2012","Massachusetts","GO0091","Special District Governments  - Single-function - Solid waste management","State and Local","5"
"2017","Massachusetts","GO0091","Special District Governments  - Single-function - Solid waste management","State and Local","5"
"2022","Massachusetts","GO0091","Special District Governments  - Single-function - Solid waste management","State and Local","5"
"2025","Massachusetts","GO0091","Special District Governments  - Single-function - Solid waste management","State and Local","5"
"2026","Massachusetts","GO0091","Special District Governments  - Single-function - Solid waste management","State and Local","5"
"2012","Massachusetts","GO0092","Total multiple-function special district governments","State and Local","26"
"2017","Massachusetts","GO0092","Total multiple-function special district governments","State and Local","32"
"2022","Massachusetts","GO0092","Total multiple-function special district governments","State and Local","31"
"2025","Massachusetts","GO0092","Total multiple-function special district governments","State and Local","31"
"2026","Massachusetts","GO0092","Total multiple-function special district governments","State and Local","31"
"2012","Massachusetts","GO0093","Special District Governments  - Single-function - Water supply","State and Local","64"
"2017","Massachusetts","GO0093","Special District Governments  - Single-function - Water supply","State and Local","63"
"2022","Massachusetts","GO0093","Special District Governments  - Single-function - Water supply","State and Local","63"
"2025","Massachusetts","GO0093","Special District Governments  - Single-function - Water supply","State and Local","63"
"2026","Massachusetts","GO0093","Special District Governments  - Single-function - Water supply","State and Local","63"
"2012","Massachusetts","GO0095","Total single-function special district governments","State and Local","391"
"2017","Massachusetts","GO0095","Total single-function special district governments","State and Local","385"
"2022","Massachusetts","GO0095","Total single-function special district governments","State and Local","384"
"2025","Massachusetts","GO0095","Total single-function special district governments","State and Local","384"
"2026","Massachusetts","GO0095","Total single-function special district governments","State and Local","384"
"2012","Michigan","GO0009","Total Local Government Units - Special Purpose Governments - Special District Governments","State and Local","443"
"2017","Michigan","GO0009","Total Local Government Units - Special Purpose Governments - Special District Governments","State and Local","436"
"2022","Michigan","GO0009","Total Local Government Units - Special Purpose Governments - Special District Governments","State and Local","437"
"2025","Michigan","GO0009","Total Local Government Units - Special Purpose Governments - Special District Governments","State and Local","436"
"2026","Michigan","GO0009","Total Local Government Units - Special Purpose Governments - Special District Governments","State and Local","436"
"2012","Michigan","GO0070","Special District Governments  - Single-function - Air transportation","State and Local","21"
"2017","Michigan","GO0070","Special District Governments  - Single-function - Air transportation","State and Local","20"
"2022","Michigan","GO0070","Special District Governments  - Single-function - Air transportation","State and Local","19"
"2025","Michigan","GO0070","Special District Governments  - Single-function - Air transportation","State and Local","20"
"2026","Michigan","GO0070","Special District Governments  - Single-function - Air transportation","State and Local","20"
"2012","Michigan","GO0074","Special District Governments  - Single-function - Fire protection","State and Local","24"
"2017","Michigan","GO0074","Special District Governments  - Single-function - Fire protection","State and Local","24"
"2022","Michigan","GO0074","Special District Governments  - Single-function - Fire protection","State and Local","26"
"2025","Michigan","GO0074","Special District Governments  - Single-function - Fire protection","State and Local","26"
"2026","Michigan","GO0074","Special District Governments  - Single-function - Fire protection","State and Local","26"
"2012","Michigan","GO0075","Special District Governments  - Single-function - Health","State and Local","16"
"2017","Michigan","GO0075","Special District Governments  - Single-function - Health","State and Local","16"
"2022","Michigan","GO0075","Special District Governments  - Single-function - Health","State and Local","16"
"2025","Michigan","GO0075","Special District Governments  - Single-function - Health","State and Local","16"
"2026","Michigan","GO0075","Special District Governments  - Single-function - Health","State and Local","16"
"2012","Michigan","GO0076","Special District Governments  - Single-function - Highways","State and Local","2"
"2017","Michigan","GO0076","Special District Governments  - Single-function - Highways","State and Local","2"
"2022","Michigan","GO0076","Special District Governments  - Single-function - Highways","State and Local","2"
"2025","Michigan","GO0076","Special District Governments  - Single-function - Highways","State and Local","2"
"2026","Michigan","GO0076","Special District Governments  - Single-function - Highways","State and Local","2"
"2012","Michigan","GO0077","Special District Governments  - Single-function - Hospitals","State and Local","4"
"2017","Michigan","GO0077","Special District Governments  - Single-function - Hospitals","State and Local","4"
"2022","Michigan","GO0077","Special District Governments  - Single-function - Hospitals","State and Local","3"
"2025","Michigan","GO0077","Special District Governments  - Single-function - Hospitals","State and Local","3"
"2026","Michigan","GO0077","Special District Governments  - Single-function - Hospitals","State and Local","3"
"2012","Michigan","GO0080","Special District Governments  - Single-function - Libraries","State and Local","137"
"2017","Michigan","GO0080","Special District Governments  - Single-function - Libraries","State and Local","138"
"2022","Michigan","GO0080","Special District Governments  - Single-function - Libraries","State and Local","141"
"2025","Michigan","GO0080","Special District Governments  - Single-function - Libraries","State and Local","141"
"2026","Michigan","GO0080","Special District Governments  - Single-function - Libraries","State and Local","141"
"2012","Michigan","GO0082","Special District Governments - Multiple-function - Other multiple function districts","State and Local","4"
"2017","Michigan","GO0082","Special District Governments - Multiple-function - Other multiple function districts","State and Local","2"
"2022","Michigan","GO0082","Special District Governments - Multiple-function - Other multiple function districts","State and Local","3"
"2025","Michigan","GO0082","Special District Governments - Multiple-function - Other multiple function districts","State and Local","3"
"2026","Michigan","GO0082","Special District Governments - Multiple-function - Other multiple function districts","State and Local","3"
"2012","Michigan","GO0084","Special District Governments  - Single-function - Other single function districts","State and Local","26"
"2017","Michigan","GO0084","Special District Governments  - Single-function - Other single function districts","State and Local","22"
"2022","Michigan","GO0084","Special District Governments  - Single-function - Other single function districts","State and Local","21"
"2025","Michigan","GO0084","Special District Governments  - Single-function - Other single function districts","State and Local","19"
"2026","Michigan","GO0084","Special District Governments  - Single-function - Other single function districts","State and Local","19"
"2012","Michigan","GO0085","Special District Governments  - Single-function - Other transportation","State and Local","4"
"2017","Michigan","GO0085","Special District Governments  - Single-function - Other transportation","State and Local","4"
"2022","Michigan","GO0085","Special District Governments  - Single-function - Other transportation","State and Local","4"
"2025","Michigan","GO0085","Special District Governments  - Single-function - Other transportation","State and Local","4"
"2026","Michigan","GO0085","Special District Governments  - Single-function - Other transportation","State and Local","4"
"2012","Michigan","GO0086","Special District Governments  - Single-function - Other utility districts","State and Local","37"
"2017","Michigan","GO0086","Special District Governments  - Single-function - Other utility districts","State and Local","36"
"2022","Michigan","GO0086","Special District Governments  - Single-function - Other utility districts","State and Local","36"
"2025","Michigan","GO0086","Special District Governments  - Single-function - Other utility districts","State and Local","36"
"2026","Michigan","GO0086","Special District Governments  - Single-function - Other utility districts","State and Local","36"
"2012","Michigan","GO0087","Special District Governments  - Single-function - Parks and recreation","State and Local","7"
"2017","Michigan","GO0087","Special District Governments  - Single-function - Parks and recreation","State and Local","7"
"2022","Michigan","GO0087","Special District Governments  - Single-function - Parks and recreation","State and Local","7"
"2025","Michigan","GO0087","Special District Governments  - Single-function - Parks and recreation","State and Local","7"
"2026","Michigan","GO0087","Special District Governments  - Single-function - Parks and recreation","State and Local","7"
"2012","Michigan","GO0088","Special District Governments  - Single-function - Sewerage","State and Local","35"
"2017","Michigan","GO0088","Special District Governments  - Single-function - Sewerage","State and Local","36"
"2022","Michigan","GO0088","Special District Governments  - Single-function - Sewerage","State and Local","35"
"2025","Michigan","GO0088","Special District Governments  - Single-function - Sewerage","State and Local","35"
"2026","Michigan","GO0088","Special District Governments  - Single-function - Sewerage","State and Local","35"
"2012","Michigan","GO0089","Special District Governments - Multiple-function - Sewerage and water supply","State and Local","14"
"2017","Michigan","GO0089","Special District Governments - Multiple-function - Sewerage and water supply","State and Local","15"
"2022","Michigan","GO0089","Special District Governments - Multiple-function - Sewerage and water supply","State and Local","15"
"2025","Michigan","GO0089","Special District Governments - Multiple-function - Sewerage and water supply","State and Local","15"
"2026","Michigan","GO0089","Special District Governments - Multiple-function - Sewerage and water supply","State and Local","15"
"2012","Michigan","GO0090","Special District Governments  - Single-function - Soil and water conservation","State and Local","78"
"2017","Michigan","GO0090","Special District Governments  - Single-function - Soil and water conservation","State and Local","77"
"2022","Michigan","GO0090","Special District Governments  - Single-function - Soil and water conservation","State and Local","75"
"2025","Michigan","GO0090","Special District Governments  - Single-function - Soil and water conservation","State and Local","75"
"2026","Michigan","GO0090","Special District Governments  - Single-function - Soil and water conservation","State and Local","75"
"2012","Michigan","GO0091","Special District Governments  - Single-function - Solid waste management","State and Local","15"
"2017","Michigan","GO0091","Special District Governments  - Single-function - Solid waste management","State and Local","15"
"2022","Michigan","GO0091","Special District Governments  - Single-function - Solid waste management","State and Local","15"
"2025","Michigan","GO0091","Special District Governments  - Single-function - Solid waste management","State and Local","15"
"2026","Michigan","GO0091","Special District Governments  - Single-function - Solid waste management","State and Local","15"
"2012","Michigan","GO0092","Total multiple-function special district governments","State and Local","18"
"2017","Michigan","GO0092","Total multiple-function special district governments","State and Local","17"
"2022","Michigan","GO0092","Total multiple-function special district governments","State and Local","18"
"2025","Michigan","GO0092","Total multiple-function special district governments","State and Local","18"
"2026","Michigan","GO0092","Total multiple-function special district governments","State and Local","18"
"2012","Michigan","GO0093","Special District Governments  - Single-function - Water supply","State and Local","19"
"2017","Michigan","GO0093","Special District Governments  - Single-function - Water supply","State and Local","18"
"2022","Michigan","GO0093","Special District Governments  - Single-function - Water supply","State and Local","19"
"2025","Michigan","GO0093","Special District Governments  - Single-function - Water supply","State and Local","19"
"2026","Michigan","GO0093","Special District Governments  - Single-function - Water supply","State and Local","19"
"2012","Michigan","GO0095","Total single-function special district governments","State and Local","425"
"2017","Michigan","GO0095","Total single-function special district governments","State and Local","419"
"2022","Michigan","GO0095","Total single-function special district governments","State and Local","419"
"2025","Michigan","GO0095","Total single-function special district governments","State and Local","418"
"2026","Michigan","GO0095","Total single-function special district governments","State and Local","418"
"2012","Minnesota","GO0009","Total Local Government Units - Special Purpose Governments - Special District Governments","State and Local","610"
"2017","Minnesota","GO0009","Total Local Government Units - Special Purpose Governments - Special District Governments","State and Local","590"
"2022","Minnesota","GO0009","Total Local Government Units - Special Purpose Governments - Special District Governments","State and Local","579"
"2025","Minnesota","GO0009","Total Local Government Units - Special Purpose Governments - Special District Governments","State and Local","576"
"2026","Minnesota","GO0009","Total Local Government Units - Special Purpose Governments - Special District Governments","State and Local","575"
"2012","Minnesota","GO0070","Special District Governments  - Single-function - Air transportation","State and Local","5"
"2017","Minnesota","GO0070","Special District Governments  - Single-function - Air transportation","State and Local","5"
"2022","Minnesota","GO0070","Special District Governments  - Single-function - Air transportation","State and Local","5"
"2025","Minnesota","GO0070","Special District Governments  - Single-function - Air transportation","State and Local","6"
"2026","Minnesota","GO0070","Special District Governments  - Single-function - Air transportation","State and Local","6"
"2012","Minnesota","GO0072","Special District Governments  - Single-function - Drainage and flood control","State and Local","9"
"2017","Minnesota","GO0072","Special District Governments  - Single-function - Drainage and flood control","State and Local","9"
"2022","Minnesota","GO0072","Special District Governments  - Single-function - Drainage and flood control","State and Local","9"
"2025","Minnesota","GO0072","Special District Governments  - Single-function - Drainage and flood control","State and Local","9"
"2026","Minnesota","GO0072","Special District Governments  - Single-function - Drainage and flood control","State and Local","9"
"2012","Minnesota","GO0074","Special District Governments  - Single-function - Fire protection","State and Local","9"
"2017","Minnesota","GO0074","Special District Governments  - Single-function - Fire protection","State and Local","9"
"2022","Minnesota","GO0074","Special District Governments  - Single-function - Fire protection","State and Local","9"
"2025","Minnesota","GO0074","Special District Governments  - Single-function - Fire protection","State and Local","10"
"2026","Minnesota","GO0074","Special District Governments  - Single-function - Fire protection","State and Local","10"
"2012","Minnesota","GO0075","Special District Governments  - Single-function - Health","State and Local","100"
"2017","Minnesota","GO0075","Special District Governments  - Single-function - Health","State and Local","97"
"2022","Minnesota","GO0075","Special District Governments  - Single-function - Health","State and Local","94"
"2025","Minnesota","GO0075","Special District Governments  - Single-function - Health","State and Local","93"
"2026","Minnesota","GO0075","Special District Governments  - Single-function - Health","State and Local","93"
"2012","Minnesota","GO0077","Special District Governments  - Single-function - Hospitals","State and Local","18"
"2017","Minnesota","GO0077","Special District Governments  - Single-function - Hospitals","State and Local","17"
"2022","Minnesota","GO0077","Special District Governments  - Single-function - Hospitals","State and Local","14"
"2025","Minnesota","GO0077","Special District Governments  - Single-function - Hospitals","State and Local","12"
"2026","Minnesota","GO0077","Special District Governments  - Single-function - Hospitals","State and Local","11"
"2012","Minnesota","GO0078","Special District Governments  - Single-function - Housing and community development","State and Local","157"
"2017","Minnesota","GO0078","Special District Governments  - Single-function - Housing and community development","State and Local","153"
"2022","Minnesota","GO0078","Special District Governments  - Single-function - Housing and community development","State and Local","153"
"2025","Minnesota","GO0078","Special District Governments  - Single-function - Housing and community development","State and Local","152"
"2026","Minnesota","GO0078","Special District Governments  - Single-function - Housing and community development","State and Local","152"
"2012","Minnesota","GO0079","Special District Governments  - Single-function - Industrial development and mortgage credit","State and Local","2"
"2017","Minnesota","GO0079","Special District Governments  - Single-function - Industrial development and mortgage credit","State and Local","2"
"2022","Minnesota","GO0079","Special District Governments  - Single-function - Industrial development and mortgage credit","State and Local","2"
"2025","Minnesota","GO0079","Special District Governments  - Single-function - Industrial development and mortgage credit","State and Local","2"
"2026","Minnesota","GO0079","Special District Governments  - Single-function - Industrial development and mortgage credit","State and Local","2"
"2012","Minnesota","GO0080","Special District Governments  - Single-function - Libraries","State and Local","13"
"2017","Minnesota","GO0080","Special District Governments  - Single-function - Libraries","State and Local","13"
"2022","Minnesota","GO0080","Special District Governments  - Single-function - Libraries","State and Local","13"
"2025","Minnesota","GO0080","Special District Governments  - Single-function - Libraries","State and Local","13"
"2026","Minnesota","GO0080","Special District Governments  - Single-function - Libraries","State and Local","13"
"2012","Minnesota","GO0081","Special District Governments - Multiple-function - Natural resources and water supply","State and Local","10"
"2017","Minnesota","GO0081","Special District Governments - Multiple-function - Natural resources and water supply","State and Local","10"
"2022","Minnesota","GO0081","Special District Governments - Multiple-function - Natural resources and water supply","State and Local","9"
"2025","Minnesota","GO0081","Special District Governments - Multiple-function - Natural resources and water supply","State and Local","9"
"2026","Minnesota","GO0081","Special District Governments - Multiple-function - Natural resources and water supply","State and Local","9"
"2012","Minnesota","GO0082","Special District Governments - Multiple-function - Other multiple function districts","State and Local","21"
"2017","Minnesota","GO0082","Special District Governments - Multiple-function - Other multiple function districts","State and Local","20"
"2022","Minnesota","GO0082","Special District Governments - Multiple-function - Other multiple function districts","State and Local","19"
"2025","Minnesota","GO0082","Special District Governments - Multiple-function - Other multiple function districts","State and Local","19"
"2026","Minnesota","GO0082","Special District Governments - Multiple-function - Other multiple function districts","State and Local","19"
"2012","Minnesota","GO0083","Special District Governments  - Single-function - Other natural resources","State and Local","32"
"2017","Minnesota","GO0083","Special District Governments  - Single-function - Other natural resources","State and Local","32"
"2022","Minnesota","GO0083","Special District Governments  - Single-function - Other natural resources","State and Local","33"
"2025","Minnesota","GO0083","Special District Governments  - Single-function - Other natural resources","State and Local","33"
"2026","Minnesota","GO0083","Special District Governments  - Single-function - Other natural resources","State and Local","33"
"2012","Minnesota","GO0084","Special District Governments  - Single-function - Other single function districts","State and Local","50"
"2017","Minnesota","GO0084","Special District Governments  - Single-function - Other single function districts","State and Local","48"
"2022","Minnesota","GO0084","Special District Governments  - Single-function - Other single function districts","State and Local","48"
"2025","Minnesota","GO0084","Special District Governments  - Single-function - Other single function districts","State and Local","48"
"2026","Minnesota","GO0084","Special District Governments  - Single-function - Other single function districts","State and Local","48"
"2012","Minnesota","GO0086","Special District Governments  - Single-function - Other utility districts","State and Local","12"
"2017","Minnesota","GO0086","Special District Governments  - Single-function - Other utility districts","State and Local","12"
"2022","Minnesota","GO0086","Special District Governments  - Single-function - Other utility districts","State and Local","11"
"2025","Minnesota","GO0086","Special District Governments  - Single-function - Other utility districts","State and Local","11"
"2026","Minnesota","GO0086","Special District Governments  - Single-function - Other utility districts","State and Local","11"
"2012","Minnesota","GO0087","Special District Governments  - Single-function - Parks and recreation","State and Local","2"
"2017","Minnesota","GO0087","Special District Governments  - Single-function - Parks and recreation","State and Local","2"
"2022","Minnesota","GO0087","Special District Governments  - Single-function - Parks and recreation","State and Local","2"
"2025","Minnesota","GO0087","Special District Governments  - Single-function - Parks and recreation","State and Local","2"
"2026","Minnesota","GO0087","Special District Governments  - Single-function - Parks and recreation","State and Local","2"
"2012","Minnesota","GO0088","Special District Governments  - Single-function - Sewerage","State and Local","36"
"2017","Minnesota","GO0088","Special District Governments  - Single-function - Sewerage","State and Local","36"
"2022","Minnesota","GO0088","Special District Governments  - Single-function - Sewerage","State and Local","36"
"2025","Minnesota","GO0088","Special District Governments  - Single-function - Sewerage","State and Local","36"
"2026","Minnesota","GO0088","Special District Governments  - Single-function - Sewerage","State and Local","36"
"2012","Minnesota","GO0089","Special District Governments - Multiple-function - Sewerage and water supply","State and Local","5"
"2017","Minnesota","GO0089","Special District Governments - Multiple-function - Sewerage and water supply","State and Local","4"
"2022","Minnesota","GO0089","Special District Governments - Multiple-function - Sewerage and water supply","State and Local","4"
"2025","Minnesota","GO0089","Special District Governments - Multiple-function - Sewerage and water supply","State and Local","3"
"2026","Minnesota","GO0089","Special District Governments - Multiple-function - Sewerage and water supply","State and Local","3"
"2012","Minnesota","GO0090","Special District Governments  - Single-function - Soil and water conservation","State and Local","111"
"2017","Minnesota","GO0090","Special District Governments  - Single-function - Soil and water conservation","State and Local","103"
"2022","Minnesota","GO0090","Special District Governments  - Single-function - Soil and water conservation","State and Local","101"
"2025","Minnesota","GO0090","Special District Governments  - Single-function - Soil and water conservation","State and Local","101"
"2026","Minnesota","GO0090","Special District Governments  - Single-function - Soil and water conservation","State and Local","101"
"2012","Minnesota","GO0091","Special District Governments  - Single-function - Solid waste management","State and Local","11"
"2017","Minnesota","GO0091","Special District Governments  - Single-function - Solid waste management","State and Local","11"
"2022","Minnesota","GO0091","Special District Governments  - Single-function - Solid waste management","State and Local","10"
"2025","Minnesota","GO0091","Special District Governments  - Single-function - Solid waste management","State and Local","10"
"2026","Minnesota","GO0091","Special District Governments  - Single-function - Solid waste management","State and Local","10"
"2012","Minnesota","GO0092","Total multiple-function special district governments","State and Local","36"
"2017","Minnesota","GO0092","Total multiple-function special district governments","State and Local","34"
"2022","Minnesota","GO0092","Total multiple-function special district governments","State and Local","32"
"2025","Minnesota","GO0092","Total multiple-function special district governments","State and Local","31"
"2026","Minnesota","GO0092","Total multiple-function special district governments","State and Local","31"
"2012","Minnesota","GO0093","Special District Governments  - Single-function - Water supply","State and Local","7"
"2017","Minnesota","GO0093","Special District Governments  - Single-function - Water supply","State and Local","7"
"2022","Minnesota","GO0093","Special District Governments  - Single-function - Water supply","State and Local","7"
"2025","Minnesota","GO0093","Special District Governments  - Single-function - Water supply","State and Local","7"
"2026","Minnesota","GO0093","Special District Governments  - Single-function - Water supply","State and Local","7"
"2012","Minnesota","GO0095","Total single-function special district governments","State and Local","574"
"2017","Minnesota","GO0095","Total single-function special district governments","State and Local","556"
"2022","Minnesota","GO0095","Total single-function special district governments","State and Local","547"
"2025","Minnesota","GO0095","Total single-function special district governments","State and Local","545"
"2026","Minnesota","GO0095","Total single-function special district governments","State and Local","544"
"2012","Mississippi","GO0009","Total Local Government Units - Special Purpose Governments - Special District Governments","State and Local","439"
"2017","Mississippi","GO0009","Total Local Government Units - Special Purpose Governments - Special District Governments","State and Local","432"
"2022","Mississippi","GO0009","Total Local Government Units - Special Purpose Governments - Special District Governments","State and Local","437"
"2025","Mississippi","GO0009","Total Local Government Units - Special Purpose Governments - Special District Governments","State and Local","435"
"2026","Mississippi","GO0009","Total Local Government Units - Special Purpose Governments - Special District Governments","State and Local","435"
"2012","Mississippi","GO0070","Special District Governments  - Single-function - Air transportation","State and Local","24"
"2017","Mississippi","GO0070","Special District Governments  - Single-function - Air transportation","State and Local","24"
"2022","Mississippi","GO0070","Special District Governments  - Single-function - Air transportation","State and Local","24"
"2025","Mississippi","GO0070","Special District Governments  - Single-function - Air transportation","State and Local","24"
"2026","Mississippi","GO0070","Special District Governments  - Single-function - Air transportation","State and Local","24"
"2012","Mississippi","GO0072","Special District Governments  - Single-function - Drainage and flood control","State and Local","156"
"2017","Mississippi","GO0072","Special District Governments  - Single-function - Drainage and flood control","State and Local","152"
"2022","Mississippi","GO0072","Special District Governments  - Single-function - Drainage and flood control","State and Local","151"
"2025","Mississippi","GO0072","Special District Governments  - Single-function - Drainage and flood control","State and Local","150"
"2026","Mississippi","GO0072","Special District Governments  - Single-function - Drainage and flood control","State and Local","150"
"2012","Mississippi","GO0074","Special District Governments  - Single-function - Fire protection","State and Local","30"
"2017","Mississippi","GO0074","Special District Governments  - Single-function - Fire protection","State and Local","30"
"2022","Mississippi","GO0074","Special District Governments  - Single-function - Fire protection","State and Local","29"
"2025","Mississippi","GO0074","Special District Governments  - Single-function - Fire protection","State and Local","28"
"2026","Mississippi","GO0074","Special District Governments  - Single-function - Fire protection","State and Local","28"
"2012","Mississippi","GO0075","Special District Governments  - Single-function - Health","State and Local","2"
"2017","Mississippi","GO0075","Special District Governments  - Single-function - Health","State and Local","2"
"2022","Mississippi","GO0075","Special District Governments  - Single-function - Health","State and Local","2"
"2025","Mississippi","GO0075","Special District Governments  - Single-function - Health","State and Local","2"
"2026","Mississippi","GO0075","Special District Governments  - Single-function - Health","State and Local","2"
"2012","Mississippi","GO0076","Special District Governments  - Single-function - Highways","State and Local","4"
"2017","Mississippi","GO0076","Special District Governments  - Single-function - Highways","State and Local","4"
"2022","Mississippi","GO0076","Special District Governments  - Single-function - Highways","State and Local","4"
"2025","Mississippi","GO0076","Special District Governments  - Single-function - Highways","State and Local","4"
"2026","Mississippi","GO0076","Special District Governments  - Single-function - Highways","State and Local","4"
"2012","Mississippi","GO0078","Special District Governments  - Single-function - Housing and community development","State and Local","55"
"2017","Mississippi","GO0078","Special District Governments  - Single-function - Housing and community development","State and Local","52"
"2022","Mississippi","GO0078","Special District Governments  - Single-function - Housing and community development","State and Local","52"
"2025","Mississippi","GO0078","Special District Governments  - Single-function - Housing and community development","State and Local","52"
"2026","Mississippi","GO0078","Special District Governments  - Single-function - Housing and community development","State and Local","52"
"2012","Mississippi","GO0080","Special District Governments  - Single-function - Libraries","State and Local","30"
"2017","Mississippi","GO0080","Special District Governments  - Single-function - Libraries","State and Local","30"
"2022","Mississippi","GO0080","Special District Governments  - Single-function - Libraries","State and Local","30"
"2025","Mississippi","GO0080","Special District Governments  - Single-function - Libraries","State and Local","30"
"2026","Mississippi","GO0080","Special District Governments  - Single-function - Libraries","State and Local","30"
"2012","Mississippi","GO0082","Special District Governments - Multiple-function - Other multiple function districts","State and Local","13"
"2017","Mississippi","GO0082","Special District Governments - Multiple-function - Other multiple function districts","State and Local","14"
"2022","Mississippi","GO0082","Special District Governments - Multiple-function - Other multiple function districts","State and Local","15"
"2025","Mississippi","GO0082","Special District Governments - Multiple-function - Other multiple function districts","State and Local","15"
"2026","Mississippi","GO0082","Special District Governments - Multiple-function - Other multiple function districts","State and Local","15"
"2012","Mississippi","GO0084","Special District Governments  - Single-function - Other single function districts","State and Local","1"
"2017","Mississippi","GO0084","Special District Governments  - Single-function - Other single function districts","State and Local","1"
"2022","Mississippi","GO0084","Special District Governments  - Single-function - Other single function districts","State and Local","5"
"2025","Mississippi","GO0084","Special District Governments  - Single-function - Other single function districts","State and Local","5"
"2026","Mississippi","GO0084","Special District Governments  - Single-function - Other single function districts","State and Local","5"
"2012","Mississippi","GO0085","Special District Governments  - Single-function - Other transportation","State and Local","2"
"2017","Mississippi","GO0085","Special District Governments  - Single-function - Other transportation","State and Local","2"
"2022","Mississippi","GO0085","Special District Governments  - Single-function - Other transportation","State and Local","2"
"2025","Mississippi","GO0085","Special District Governments  - Single-function - Other transportation","State and Local","2"
"2026","Mississippi","GO0085","Special District Governments  - Single-function - Other transportation","State and Local","2"
"2012","Mississippi","GO0086","Special District Governments  - Single-function - Other utility districts","State and Local","9"
"2017","Mississippi","GO0086","Special District Governments  - Single-function - Other utility districts","State and Local","9"
"2022","Mississippi","GO0086","Special District Governments  - Single-function - Other utility districts","State and Local","9"
"2025","Mississippi","GO0086","Special District Governments  - Single-function - Other utility districts","State and Local","9"
"2026","Mississippi","GO0086","Special District Governments  - Single-function - Other utility districts","State and Local","9"
"2012","Mississippi","GO0087","Special District Governments  - Single-function - Parks and recreation","State and Local","2"
"2017","Mississippi","GO0087","Special District Governments  - Single-function - Parks and recreation","State and Local","2"
"2022","Mississippi","GO0087","Special District Governments  - Single-function - Parks and recreation","State and Local","2"
"2025","Mississippi","GO0087","Special District Governments  - Single-function - Parks and recreation","State and Local","2"
"2026","Mississippi","GO0087","Special District Governments  - Single-function - Parks and recreation","State and Local","2"
"2012","Mississippi","GO0088","Special District Governments  - Single-function - Sewerage","State and Local","4"
"2017","Mississippi","GO0088","Special District Governments  - Single-function - Sewerage","State and Local","4"
"2022","Mississippi","GO0088","Special District Governments  - Single-function - Sewerage","State and Local","6"
"2025","Mississippi","GO0088","Special District Governments  - Single-function - Sewerage","State and Local","6"
"2026","Mississippi","GO0088","Special District Governments  - Single-function - Sewerage","State and Local","6"
"2012","Mississippi","GO0089","Special District Governments - Multiple-function - Sewerage and water supply","State and Local","13"
"2017","Mississippi","GO0089","Special District Governments - Multiple-function - Sewerage and water supply","State and Local","11"
"2022","Mississippi","GO0089","Special District Governments - Multiple-function - Sewerage and water supply","State and Local","11"
"2025","Mississippi","GO0089","Special District Governments - Multiple-function - Sewerage and water supply","State and Local","11"
"2026","Mississippi","GO0089","Special District Governments - Multiple-function - Sewerage and water supply","State and Local","11"
"2012","Mississippi","GO0090","Special District Governments  - Single-function - Soil and water conservation","State and Local","81"
"2017","Mississippi","GO0090","Special District Governments  - Single-function - Soil and water conservation","State and Local","81"
"2022","Mississippi","GO0090","Special District Governments  - Single-function - Soil and water conservation","State and Local","81"
"2025","Mississippi","GO0090","Special District Governments  - Single-function - Soil and water conservation","State and Local","81"
"2026","Mississippi","GO0090","Special District Governments  - Single-function - Soil and water conservation","State and Local","81"
"2012","Mississippi","GO0091","Special District Governments  - Single-function - Solid waste management","State and Local","4"
"2017","Mississippi","GO0091","Special District Governments  - Single-function - Solid waste management","State and Local","5"
"2022","Mississippi","GO0091","Special District Governments  - Single-function - Solid waste management","State and Local","5"
"2025","Mississippi","GO0091","Special District Governments  - Single-function - Solid waste management","State and Local","5"
"2026","Mississippi","GO0091","Special District Governments  - Single-function - Solid waste management","State and Local","5"
"2012","Mississippi","GO0092","Total multiple-function special district governments","State and Local","26"
"2017","Mississippi","GO0092","Total multiple-function special district governments","State and Local","25"
"2022","Mississippi","GO0092","Total multiple-function special district governments","State and Local","26"
"2025","Mississippi","GO0092","Total multiple-function special district governments","State and Local","26"
"2026","Mississippi","GO0092","Total multiple-function special district governments","State and Local","26"
"2012","Mississippi","GO0093","Special District Governments  - Single-function - Water supply","State and Local","9"
"2017","Mississippi","GO0093","Special District Governments  - Single-function - Water supply","State and Local","9"
"2022","Mississippi","GO0093","Special District Governments  - Single-function - Water supply","State and Local","9"
"2025","Mississippi","GO0093","Special District Governments  - Single-function - Water supply","State and Local","9"
"2026","Mississippi","GO0093","Special District Governments  - Single-function - Water supply","State and Local","9"
"2012","Mississippi","GO0095","Total single-function special district governments","State and Local","413"
"2017","Mississippi","GO0095","Total single-function special district governments","State and Local","407"
"2022","Mississippi","GO0095","Total single-function special district governments","State and Local","411"
"2025","Mississippi","GO0095","Total single-function special district governments","State and Local","409"
"2026","Mississippi","GO0095","Total single-function special district governments","State and Local","409"
"2012","Missouri","GO0009","Total Local Government Units - Special Purpose Governments - Special District Governments","State and Local","1,854"
"2017","Missouri","GO0009","Total Local Government Units - Special Purpose Governments - Special District Governments","State and Local","1,897"
"2022","Missouri","GO0009","Total Local Government Units - Special Purpose Governments - Special District Governments","State and Local","1,927"
"2025","Missouri","GO0009","Total Local Government Units - Special Purpose Governments - Special District Governments","State and Local","1,941"
"2026","Missouri","GO0009","Total Local Government Units - Special Purpose Governments - Special District Governments","State and Local","1,951"
"2012","Missouri","GO0070","Special District Governments  - Single-function - Air transportation","State and Local","2"
"2017","Missouri","GO0070","Special District Governments  - Single-function - Air transportation","State and Local","2"
"2022","Missouri","GO0070","Special District Governments  - Single-function - Air transportation","State and Local","2"
"2025","Missouri","GO0070","Special District Governments  - Single-function - Air transportation","State and Local","2"
"2026","Missouri","GO0070","Special District Governments  - Single-function - Air transportation","State and Local","2"
"2012","Missouri","GO0072","Special District Governments  - Single-function - Drainage and flood control","State and Local","191"
"2017","Missouri","GO0072","Special District Governments  - Single-function - Drainage and flood control","State and Local","187"
"2022","Missouri","GO0072","Special District Governments  - Single-function - Drainage and flood control","State and Local","185"
"2025","Missouri","GO0072","Special District Governments  - Single-function - Drainage and flood control","State and Local","183"
"2026","Missouri","GO0072","Special District Governments  - Single-function - Drainage and flood control","State and Local","184"
"2012","Missouri","GO0074","Special District Governments  - Single-function - Fire protection","State and Local","375"
"2017","Missouri","GO0074","Special District Governments  - Single-function - Fire protection","State and Local","401"
"2022","Missouri","GO0074","Special District Governments  - Single-function - Fire protection","State and Local","415"
"2025","Missouri","GO0074","Special District Governments  - Single-function - Fire protection","State and Local","424"
"2026","Missouri","GO0074","Special District Governments  - Single-function - Fire protection","State and Local","427"
"2012","Missouri","GO0075","Special District Governments  - Single-function - Health","State and Local","115"
"2017","Missouri","GO0075","Special District Governments  - Single-function - Health","State and Local","116"
"2022","Missouri","GO0075","Special District Governments  - Single-function - Health","State and Local","116"
"2025","Missouri","GO0075","Special District Governments  - Single-function - Health","State and Local","116"
"2026","Missouri","GO0075","Special District Governments  - Single-function - Health","State and Local","115"
"2012","Missouri","GO0076","Special District Governments  - Single-function - Highways","State and Local","431"
"2017","Missouri","GO0076","Special District Governments  - Single-function - Highways","State and Local","438"
"2022","Missouri","GO0076","Special District Governments  - Single-function - Highways","State and Local","468"
"2025","Missouri","GO0076","Special District Governments  - Single-function - Highways","State and Local","474"
"2026","Missouri","GO0076","Special District Governments  - Single-function - Highways","State and Local","479"
"2012","Missouri","GO0077","Special District Governments  - Single-function - Hospitals","State and Local","14"
"2017","Missouri","GO0077","Special District Governments  - Single-function - Hospitals","State and Local","13"
"2022","Missouri","GO0077","Special District Governments  - Single-function - Hospitals","State and Local","14"
"2025","Missouri","GO0077","Special District Governments  - Single-function - Hospitals","State and Local","13"
"2026","Missouri","GO0077","Special District Governments  - Single-function - Hospitals","State and Local","13"
"2012","Missouri","GO0078","Special District Governments  - Single-function - Housing and community development","State and Local","125"
"2017","Missouri","GO0078","Special District Governments  - Single-function - Housing and community development","State and Local","135"
"2022","Missouri","GO0078","Special District Governments  - Single-function - Housing and community development","State and Local","131"
"2025","Missouri","GO0078","Special District Governments  - Single-function - Housing and community development","State and Local","131"
"2026","Missouri","GO0078","Special District Governments  - Single-function - Housing and community development","State and Local","131"
"2012","Missouri","GO0080","Special District Governments  - Single-function - Libraries","State and Local","136"
"2017","Missouri","GO0080","Special District Governments  - Single-function - Libraries","State and Local","128"
"2022","Missouri","GO0080","Special District Governments  - Single-function - Libraries","State and Local","115"
"2025","Missouri","GO0080","Special District Governments  - Single-function - Libraries","State and Local","117"
"2026","Missouri","GO0080","Special District Governments  - Single-function - Libraries","State and Local","115"
"2012","Missouri","GO0082","Special District Governments - Multiple-function - Other multiple function districts","State and Local","13"
"2017","Missouri","GO0082","Special District Governments - Multiple-function - Other multiple function districts","State and Local","11"
"2022","Missouri","GO0082","Special District Governments - Multiple-function - Other multiple function districts","State and Local","10"
"2025","Missouri","GO0082","Special District Governments - Multiple-function - Other multiple function districts","State and Local","10"
"2026","Missouri","GO0082","Special District Governments - Multiple-function - Other multiple function districts","State and Local","10"
"2012","Missouri","GO0083","Special District Governments  - Single-function - Other natural resources","State and Local","22"
"2017","Missouri","GO0083","Special District Governments  - Single-function - Other natural resources","State and Local","22"
"2022","Missouri","GO0083","Special District Governments  - Single-function - Other natural resources","State and Local","22"
"2025","Missouri","GO0083","Special District Governments  - Single-function - Other natural resources","State and Local","22"
"2026","Missouri","GO0083","Special District Governments  - Single-function - Other natural resources","State and Local","22"
"2012","Missouri","GO0084","Special District Governments  - Single-function - Other single function districts","State and Local","4"
"2017","Missouri","GO0084","Special District Governments  - Single-function - Other single function districts","State and Local","3"
"2022","Missouri","GO0084","Special District Governments  - Single-function - Other single function districts","State and Local","3"
"2025","Missouri","GO0084","Special District Governments  - Single-function - Other single function districts","State and Local","3"
"2026","Missouri","GO0084","Special District Governments  - Single-function - Other single function districts","State and Local","3"
"2012","Missouri","GO0085","Special District Governments  - Single-function - Other transportation","State and Local","2"
"2017","Missouri","GO0085","Special District Governments  - Single-function - Other transportation","State and Local","2"
"2022","Missouri","GO0085","Special District Governments  - Single-function - Other transportation","State and Local","3"
"2025","Missouri","GO0085","Special District Governments  - Single-function - Other transportation","State and Local","3"
"2026","Missouri","GO0085","Special District Governments  - Single-function - Other transportation","State and Local","3"
"2012","Missouri","GO0086","Special District Governments  - Single-function - Other utility districts","State and Local","4"
"2017","Missouri","GO0086","Special District Governments  - Single-function - Other utility districts","State and Local","5"
"2022","Missouri","GO0086","Special District Governments  - Single-function - Other utility districts","State and Local","8"
"2025","Missouri","GO0086","Special District Governments  - Single-function - Other utility districts","State and Local","8"
"2026","Missouri","GO0086","Special District Governments  - Single-function - Other utility districts","State and Local","8"
"2012","Missouri","GO0087","Special District Governments  - Single-function - Parks and recreation","State and Local","9"
"2017","Missouri","GO0087","Special District Governments  - Single-function - Parks and recreation","State and Local","9"
"2022","Missouri","GO0087","Special District Governments  - Single-function - Parks and recreation","State and Local","10"
"2025","Missouri","GO0087","Special District Governments  - Single-function - Parks and recreation","State and Local","10"
"2026","Missouri","GO0087","Special District Governments  - Single-function - Parks and recreation","State and Local","10"
"2012","Missouri","GO0088","Special District Governments  - Single-function - Sewerage","State and Local","24"
"2017","Missouri","GO0088","Special District Governments  - Single-function - Sewerage","State and Local","27"
"2022","Missouri","GO0088","Special District Governments  - Single-function - Sewerage","State and Local","27"
"2025","Missouri","GO0088","Special District Governments  - Single-function - Sewerage","State and Local","27"
"2026","Missouri","GO0088","Special District Governments  - Single-function - Sewerage","State and Local","29"
"2012","Missouri","GO0089","Special District Governments - Multiple-function - Sewerage and water supply","State and Local","4"
"2017","Missouri","GO0089","Special District Governments - Multiple-function - Sewerage and water supply","State and Local","5"
"2022","Missouri","GO0089","Special District Governments - Multiple-function - Sewerage and water supply","State and Local","5"
"2025","Missouri","GO0089","Special District Governments - Multiple-function - Sewerage and water supply","State and Local","5"
"2026","Missouri","GO0089","Special District Governments - Multiple-function - Sewerage and water supply","State and Local","7"
"2012","Missouri","GO0090","Special District Governments  - Single-function - Soil and water conservation","State and Local","116"
"2017","Missouri","GO0090","Special District Governments  - Single-function - Soil and water conservation","State and Local","114"
"2022","Missouri","GO0090","Special District Governments  - Single-function - Soil and water conservation","State and Local","114"
"2025","Missouri","GO0090","Special District Governments  - Single-function - Soil and water conservation","State and Local","114"
"2026","Missouri","GO0090","Special District Governments  - Single-function - Soil and water conservation","State and Local","114"
"2012","Missouri","GO0092","Total multiple-function special district governments","State and Local","17"
"2017","Missouri","GO0092","Total multiple-function special district governments","State and Local","16"
"2022","Missouri","GO0092","Total multiple-function special district governments","State and Local","15"
"2025","Missouri","GO0092","Total multiple-function special district governments","State and Local","15"
"2026","Missouri","GO0092","Total multiple-function special district governments","State and Local","17"
"2012","Missouri","GO0093","Special District Governments  - Single-function - Water supply","State and Local","236"
"2017","Missouri","GO0093","Special District Governments  - Single-function - Water supply","State and Local","248"
"2022","Missouri","GO0093","Special District Governments  - Single-function - Water supply","State and Local","248"
"2025","Missouri","GO0093","Special District Governments  - Single-function - Water supply","State and Local","249"
"2026","Missouri","GO0093","Special District Governments  - Single-function - Water supply","State and Local","249"
"2012","Missouri","GO0094","Special District Governments  - Single-function - Welfare","State and Local","31"
"2017","Missouri","GO0094","Special District Governments  - Single-function - Welfare","State and Local","31"
"2022","Missouri","GO0094","Special District Governments  - Single-function - Welfare","State and Local","31"
"2025","Missouri","GO0094","Special District Governments  - Single-function - Welfare","State and Local","30"
"2026","Missouri","GO0094","Special District Governments  - Single-function - Welfare","State and Local","30"
"2012","Missouri","GO0095","Total single-function special district governments","State and Local","1,837"
"2017","Missouri","GO0095","Total single-function special district governments","State and Local","1,881"
"2022","Missouri","GO0095","Total single-function special district governments","State and Local","1,912"
"2025","Missouri","GO0095","Total single-function special district governments","State and Local","1,926"
"2026","Missouri","GO0095","Total single-function special district governments","State and Local","1,934"
"2012","Montana","GO0009","Total Local Government Units - Special Purpose Governments - Special District Governments","State and Local","763"
"2017","Montana","GO0009","Total Local Government Units - Special Purpose Governments - Special District Governments","State and Local","730"
"2022","Montana","GO0009","Total Local Government Units - Special Purpose Governments - Special District Governments","State and Local","736"
"2025","Montana","GO0009","Total Local Government Units - Special Purpose Governments - Special District Governments","State and Local","740"
"2026","Montana","GO0009","Total Local Government Units - Special Purpose Governments - Special District Governments","State and Local","740"
"2012","Montana","GO0070","Special District Governments  - Single-function - Air transportation","State and Local","7"
"2017","Montana","GO0070","Special District Governments  - Single-function - Air transportation","State and Local","7"
"2022","Montana","GO0070","Special District Governments  - Single-function - Air transportation","State and Local","8"
"2025","Montana","GO0070","Special District Governments  - Single-function - Air transportation","State and Local","8"
"2026","Montana","GO0070","Special District Governments  - Single-function - Air transportation","State and Local","8"
"2012","Montana","GO0071","Special District Governments  - Single-function - Cemeteries","State and Local","88"
"2017","Montana","GO0071","Special District Governments  - Single-function - Cemeteries","State and Local","83"
"2022","Montana","GO0071","Special District Governments  - Single-function - Cemeteries","State and Local","82"
"2025","Montana","GO0071","Special District Governments  - Single-function - Cemeteries","State and Local","83"
"2026","Montana","GO0071","Special District Governments  - Single-function - Cemeteries","State and Local","83"
"2012","Montana","GO0072","Special District Governments  - Single-function - Drainage and flood control","State and Local","21"
"2017","Montana","GO0072","Special District Governments  - Single-function - Drainage and flood control","State and Local","21"
"2022","Montana","GO0072","Special District Governments  - Single-function - Drainage and flood control","State and Local","20"
"2025","Montana","GO0072","Special District Governments  - Single-function - Drainage and flood control","State and Local","21"
"2026","Montana","GO0072","Special District Governments  - Single-function - Drainage and flood control","State and Local","21"
"2012","Montana","GO0074","Special District Governments  - Single-function - Fire protection","State and Local","219"
"2017","Montana","GO0074","Special District Governments  - Single-function - Fire protection","State and Local","214"
"2022","Montana","GO0074","Special District Governments  - Single-function - Fire protection","State and Local","217"
"2025","Montana","GO0074","Special District Governments  - Single-function - Fire protection","State and Local","218"
"2026","Montana","GO0074","Special District Governments  - Single-function - Fire protection","State and Local","218"
"2012","Montana","GO0075","Special District Governments  - Single-function - Health","State and Local","4"
"2017","Montana","GO0075","Special District Governments  - Single-function - Health","State and Local","4"
"2022","Montana","GO0075","Special District Governments  - Single-function - Health","State and Local","4"
"2025","Montana","GO0075","Special District Governments  - Single-function - Health","State and Local","4"
"2026","Montana","GO0075","Special District Governments  - Single-function - Health","State and Local","4"
"2012","Montana","GO0077","Special District Governments  - Single-function - Hospitals","State and Local","15"
"2017","Montana","GO0077","Special District Governments  - Single-function - Hospitals","State and Local","15"
"2022","Montana","GO0077","Special District Governments  - Single-function - Hospitals","State and Local","16"
"2025","Montana","GO0077","Special District Governments  - Single-function - Hospitals","State and Local","16"
"2026","Montana","GO0077","Special District Governments  - Single-function - Hospitals","State and Local","16"
"2012","Montana","GO0078","Special District Governments  - Single-function - Housing and community development","State and Local","13"
"2017","Montana","GO0078","Special District Governments  - Single-function - Housing and community development","State and Local","13"
"2022","Montana","GO0078","Special District Governments  - Single-function - Housing and community development","State and Local","13"
"2025","Montana","GO0078","Special District Governments  - Single-function - Housing and community development","State and Local","13"
"2026","Montana","GO0078","Special District Governments  - Single-function - Housing and community development","State and Local","13"
"2012","Montana","GO0079","Special District Governments  - Single-function - Industrial development and mortgage credit","State and Local","1"
"2017","Montana","GO0079","Special District Governments  - Single-function - Industrial development and mortgage credit","State and Local","1"
"2022","Montana","GO0079","Special District Governments  - Single-function - Industrial development and mortgage credit","State and Local","1"
"2025","Montana","GO0079","Special District Governments  - Single-function - Industrial development and mortgage credit","State and Local","1"
"2026","Montana","GO0079","Special District Governments  - Single-function - Industrial development and mortgage credit","State and Local","1"
"2012","Montana","GO0080","Special District Governments  - Single-function - Libraries","State and Local","3"
"2017","Montana","GO0080","Special District Governments  - Single-function - Libraries","State and Local","3"
"2022","Montana","GO0080","Special District Governments  - Single-function - Libraries","State and Local","3"
"2025","Montana","GO0080","Special District Governments  - Single-function - Libraries","State and Local","3"
"2026","Montana","GO0080","Special District Governments  - Single-function - Libraries","State and Local","3"
"2012","Montana","GO0081","Special District Governments - Multiple-function - Natural resources and water supply","State and Local","1"
"2017","Montana","GO0081","Special District Governments - Multiple-function - Natural resources and water supply","State and Local","1"
"2022","Montana","GO0081","Special District Governments - Multiple-function - Natural resources and water supply","State and Local","1"
"2025","Montana","GO0081","Special District Governments - Multiple-function - Natural resources and water supply","State and Local","1"
"2026","Montana","GO0081","Special District Governments - Multiple-function - Natural resources and water supply","State and Local","1"
"2012","Montana","GO0082","Special District Governments - Multiple-function - Other multiple function districts","State and Local","3"
"2017","Montana","GO0082","Special District Governments - Multiple-function - Other multiple function districts","State and Local","3"
"2022","Montana","GO0082","Special District Governments - Multiple-function - Other multiple function districts","State and Local","4"
"2025","Montana","GO0082","Special District Governments - Multiple-function - Other multiple function districts","State and Local","4"
"2026","Montana","GO0082","Special District Governments - Multiple-function - Other multiple function districts","State and Local","4"
"2012","Montana","GO0083","Special District Governments  - Single-function - Other natural resources","State and Local","58"
"2017","Montana","GO0083","Special District Governments  - Single-function - Other natural resources","State and Local","56"
"2022","Montana","GO0083","Special District Governments  - Single-function - Other natural resources","State and Local","57"
"2025","Montana","GO0083","Special District Governments  - Single-function - Other natural resources","State and Local","56"
"2026","Montana","GO0083","Special District Governments  - Single-function - Other natural resources","State and Local","56"
"2012","Montana","GO0084","Special District Governments  - Single-function - Other single function districts","State and Local","67"
"2017","Montana","GO0084","Special District Governments  - Single-function - Other single function districts","State and Local","59"
"2022","Montana","GO0084","Special District Governments  - Single-function - Other single function districts","State and Local","58"
"2025","Montana","GO0084","Special District Governments  - Single-function - Other single function districts","State and Local","58"
"2026","Montana","GO0084","Special District Governments  - Single-function - Other single function districts","State and Local","58"
"2012","Montana","GO0085","Special District Governments  - Single-function - Other transportation","State and Local","1"
"2017","Montana","GO0085","Special District Governments  - Single-function - Other transportation","State and Local","1"
"2022","Montana","GO0085","Special District Governments  - Single-function - Other transportation","State and Local","1"
"2025","Montana","GO0085","Special District Governments  - Single-function - Other transportation","State and Local","1"
"2026","Montana","GO0085","Special District Governments  - Single-function - Other transportation","State and Local","1"
"2012","Montana","GO0086","Special District Governments  - Single-function - Other utility districts","State and Local","5"
"2017","Montana","GO0086","Special District Governments  - Single-function - Other utility districts","State and Local","5"
"2022","Montana","GO0086","Special District Governments  - Single-function - Other utility districts","State and Local","6"
"2025","Montana","GO0086","Special District Governments  - Single-function - Other utility districts","State and Local","6"
"2026","Montana","GO0086","Special District Governments  - Single-function - Other utility districts","State and Local","6"
"2012","Montana","GO0087","Special District Governments  - Single-function - Parks and recreation","State and Local","12"
"2017","Montana","GO0087","Special District Governments  - Single-function - Parks and recreation","State and Local","12"
"2022","Montana","GO0087","Special District Governments  - Single-function - Parks and recreation","State and Local","13"
"2025","Montana","GO0087","Special District Governments  - Single-function - Parks and recreation","State and Local","13"
"2026","Montana","GO0087","Special District Governments  - Single-function - Parks and recreation","State and Local","13"
"2012","Montana","GO0088","Special District Governments  - Single-function - Sewerage","State and Local","33"
"2017","Montana","GO0088","Special District Governments  - Single-function - Sewerage","State and Local","31"
"2022","Montana","GO0088","Special District Governments  - Single-function - Sewerage","State and Local","28"
"2025","Montana","GO0088","Special District Governments  - Single-function - Sewerage","State and Local","28"
"2026","Montana","GO0088","Special District Governments  - Single-function - Sewerage","State and Local","28"
"2012","Montana","GO0089","Special District Governments - Multiple-function - Sewerage and water supply","State and Local","73"
"2017","Montana","GO0089","Special District Governments - Multiple-function - Sewerage and water supply","State and Local","70"
"2022","Montana","GO0089","Special District Governments - Multiple-function - Sewerage and water supply","State and Local","73"
"2025","Montana","GO0089","Special District Governments - Multiple-function - Sewerage and water supply","State and Local","74"
"2026","Montana","GO0089","Special District Governments - Multiple-function - Sewerage and water supply","State and Local","74"
"2012","Montana","GO0090","Special District Governments  - Single-function - Soil and water conservation","State and Local","55"
"2017","Montana","GO0090","Special District Governments  - Single-function - Soil and water conservation","State and Local","55"
"2022","Montana","GO0090","Special District Governments  - Single-function - Soil and water conservation","State and Local","55"
"2025","Montana","GO0090","Special District Governments  - Single-function - Soil and water conservation","State and Local","55"
"2026","Montana","GO0090","Special District Governments  - Single-function - Soil and water conservation","State and Local","55"
"2012","Montana","GO0091","Special District Governments  - Single-function - Solid waste management","State and Local","19"
"2017","Montana","GO0091","Special District Governments  - Single-function - Solid waste management","State and Local","15"
"2022","Montana","GO0091","Special District Governments  - Single-function - Solid waste management","State and Local","15"
"2025","Montana","GO0091","Special District Governments  - Single-function - Solid waste management","State and Local","15"
"2026","Montana","GO0091","Special District Governments  - Single-function - Solid waste management","State and Local","15"
"2012","Montana","GO0092","Total multiple-function special district governments","State and Local","77"
"2017","Montana","GO0092","Total multiple-function special district governments","State and Local","74"
"2022","Montana","GO0092","Total multiple-function special district governments","State and Local","78"
"2025","Montana","GO0092","Total multiple-function special district governments","State and Local","79"
"2026","Montana","GO0092","Total multiple-function special district governments","State and Local","79"
"2012","Montana","GO0093","Special District Governments  - Single-function - Water supply","State and Local","64"
"2017","Montana","GO0093","Special District Governments  - Single-function - Water supply","State and Local","60"
"2022","Montana","GO0093","Special District Governments  - Single-function - Water supply","State and Local","60"
"2025","Montana","GO0093","Special District Governments  - Single-function - Water supply","State and Local","61"
"2026","Montana","GO0093","Special District Governments  - Single-function - Water supply","State and Local","61"
"2012","Montana","GO0094","Special District Governments  - Single-function - Welfare","State and Local","1"
"2017","Montana","GO0094","Special District Governments  - Single-function - Welfare","State and Local","1"
"2022","Montana","GO0094","Special District Governments  - Single-function - Welfare","State and Local","1"
"2025","Montana","GO0094","Special District Governments  - Single-function - Welfare","State and Local","1"
"2026","Montana","GO0094","Special District Governments  - Single-function - Welfare","State and Local","1"
"2012","Montana","GO0095","Total single-function special district governments","State and Local","686"
"2017","Montana","GO0095","Total single-function special district governments","State and Local","656"
"2022","Montana","GO0095","Total single-function special district governments","State and Local","658"
"2025","Montana","GO0095","Total single-function special district governments","State and Local","661"
"2026","Montana","GO0095","Total single-function special district governments","State and Local","661"
"2012","Nebraska","GO0009","Total Local Government Units - Special Purpose Governments - Special District Governments","State and Local","1,269"
"2017","Nebraska","GO0009","Total Local Government Units - Special Purpose Governments - Special District Governments","State and Local","1,281"
"2022","Nebraska","GO0009","Total Local Government Units - Special Purpose Governments - Special District Governments","State and Local","1,303"
"2025","Nebraska","GO0009","Total Local Government Units - Special Purpose Governments - Special District Governments","State and Local","1,334"
"2026","Nebraska","GO0009","Total Local Government Units - Special Purpose Governments - Special District Governments","State and Local","1,340"
"2012","Nebraska","GO0070","Special District Governments  - Single-function - Air transportation","State and Local","57"
"2017","Nebraska","GO0070","Special District Governments  - Single-function - Air transportation","State and Local","57"
"2022","Nebraska","GO0070","Special District Governments  - Single-function - Air transportation","State and Local","57"
"2025","Nebraska","GO0070","Special District Governments  - Single-function - Air transportation","State and Local","56"
"2026","Nebraska","GO0070","Special District Governments  - Single-function - Air transportation","State and Local","56"
"2012","Nebraska","GO0071","Special District Governments  - Single-function - Cemeteries","State and Local","87"
"2017","Nebraska","GO0071","Special District Governments  - Single-function - Cemeteries","State and Local","89"
"2022","Nebraska","GO0071","Special District Governments  - Single-function - Cemeteries","State and Local","90"
"2025","Nebraska","GO0071","Special District Governments  - Single-function - Cemeteries","State and Local","93"
"2026","Nebraska","GO0071","Special District Governments  - Single-function - Cemeteries","State and Local","93"
"2012","Nebraska","GO0072","Special District Governments  - Single-function - Drainage and flood control","State and Local","37"
"2017","Nebraska","GO0072","Special District Governments  - Single-function - Drainage and flood control","State and Local","37"
"2022","Nebraska","GO0072","Special District Governments  - Single-function - Drainage and flood control","State and Local","36"
"2025","Nebraska","GO0072","Special District Governments  - Single-function - Drainage and flood control","State and Local","36"
"2026","Nebraska","GO0072","Special District Governments  - Single-function - Drainage and flood control","State and Local","36"
"2017","Nebraska","GO0073","Special District Governments  - Single-function - Education","State and Local","1"
"2022","Nebraska","GO0073","Special District Governments  - Single-function - Education","State and Local","2"
"2025","Nebraska","GO0073","Special District Governments  - Single-function - Education","State and Local","2"
"2026","Nebraska","GO0073","Special District Governments  - Single-function - Education","State and Local","2"
"2012","Nebraska","GO0074","Special District Governments  - Single-function - Fire protection","State and Local","414"
"2017","Nebraska","GO0074","Special District Governments  - Single-function - Fire protection","State and Local","413"
"2022","Nebraska","GO0074","Special District Governments  - Single-function - Fire protection","State and Local","412"
"2025","Nebraska","GO0074","Special District Governments  - Single-function - Fire protection","State and Local","412"
"2026","Nebraska","GO0074","Special District Governments  - Single-function - Fire protection","State and Local","412"
"2012","Nebraska","GO0076","Special District Governments  - Single-function - Highways","State and Local","21"
"2017","Nebraska","GO0076","Special District Governments  - Single-function - Highways","State and Local","16"
"2022","Nebraska","GO0076","Special District Governments  - Single-function - Highways","State and Local","15"
"2025","Nebraska","GO0076","Special District Governments  - Single-function - Highways","State and Local","16"
"2026","Nebraska","GO0076","Special District Governments  - Single-function - Highways","State and Local","16"
"2012","Nebraska","GO0077","Special District Governments  - Single-function - Hospitals","State and Local","24"
"2017","Nebraska","GO0077","Special District Governments  - Single-function - Hospitals","State and Local","21"
"2022","Nebraska","GO0077","Special District Governments  - Single-function - Hospitals","State and Local","24"
"2025","Nebraska","GO0077","Special District Governments  - Single-function - Hospitals","State and Local","24"
"2026","Nebraska","GO0077","Special District Governments  - Single-function - Hospitals","State and Local","24"
"2012","Nebraska","GO0078","Special District Governments  - Single-function - Housing and community development","State and Local","166"
"2017","Nebraska","GO0078","Special District Governments  - Single-function - Housing and community development","State and Local","163"
"2022","Nebraska","GO0078","Special District Governments  - Single-function - Housing and community development","State and Local","159"
"2025","Nebraska","GO0078","Special District Governments  - Single-function - Housing and community development","State and Local","159"
"2026","Nebraska","GO0078","Special District Governments  - Single-function - Housing and community development","State and Local","159"
"2012","Nebraska","GO0081","Special District Governments - Multiple-function - Natural resources and water supply","State and Local","1"
"2017","Nebraska","GO0081","Special District Governments - Multiple-function - Natural resources and water supply","State and Local","1"
"2012","Nebraska","GO0082","Special District Governments - Multiple-function - Other multiple function districts","State and Local","324"
"2017","Nebraska","GO0082","Special District Governments - Multiple-function - Other multiple function districts","State and Local","355"
"2022","Nebraska","GO0082","Special District Governments - Multiple-function - Other multiple function districts","State and Local","375"
"2025","Nebraska","GO0082","Special District Governments - Multiple-function - Other multiple function districts","State and Local","403"
"2026","Nebraska","GO0082","Special District Governments - Multiple-function - Other multiple function districts","State and Local","409"
"2012","Nebraska","GO0083","Special District Governments  - Single-function - Other natural resources","State and Local","45"
"2017","Nebraska","GO0083","Special District Governments  - Single-function - Other natural resources","State and Local","48"
"2022","Nebraska","GO0083","Special District Governments  - Single-function - Other natural resources","State and Local","50"
"2025","Nebraska","GO0083","Special District Governments  - Single-function - Other natural resources","State and Local","50"
"2026","Nebraska","GO0083","Special District Governments  - Single-function - Other natural resources","State and Local","50"
"2012","Nebraska","GO0084","Special District Governments  - Single-function - Other single function districts","State and Local","6"
"2017","Nebraska","GO0084","Special District Governments  - Single-function - Other single function districts","State and Local","5"
"2022","Nebraska","GO0084","Special District Governments  - Single-function - Other single function districts","State and Local","6"
"2025","Nebraska","GO0084","Special District Governments  - Single-function - Other single function districts","State and Local","6"
"2026","Nebraska","GO0084","Special District Governments  - Single-function - Other single function districts","State and Local","6"
"2012","Nebraska","GO0086","Special District Governments  - Single-function - Other utility districts","State and Local","33"
"2017","Nebraska","GO0086","Special District Governments  - Single-function - Other utility districts","State and Local","32"
"2022","Nebraska","GO0086","Special District Governments  - Single-function - Other utility districts","State and Local","32"
"2025","Nebraska","GO0086","Special District Governments  - Single-function - Other utility districts","State and Local","32"
"2026","Nebraska","GO0086","Special District Governments  - Single-function - Other utility districts","State and Local","32"
"2012","Nebraska","GO0087","Special District Governments  - Single-function - Parks and recreation","State and Local","1"
"2017","Nebraska","GO0087","Special District Governments  - Single-function - Parks and recreation","State and Local","1"
"2022","Nebraska","GO0087","Special District Governments  - Single-function - Parks and recreation","State and Local","4"
"2025","Nebraska","GO0087","Special District Governments  - Single-function - Parks and recreation","State and Local","4"
"2026","Nebraska","GO0087","Special District Governments  - Single-function - Parks and recreation","State and Local","4"
"2012","Nebraska","GO0088","Special District Governments  - Single-function - Sewerage","State and Local","14"
"2017","Nebraska","GO0088","Special District Governments  - Single-function - Sewerage","State and Local","11"
"2022","Nebraska","GO0088","Special District Governments  - Single-function - Sewerage","State and Local","11"
"2025","Nebraska","GO0088","Special District Governments  - Single-function - Sewerage","State and Local","11"
"2026","Nebraska","GO0088","Special District Governments  - Single-function - Sewerage","State and Local","11"
"2012","Nebraska","GO0089","Special District Governments - Multiple-function - Sewerage and water supply","State and Local","11"
"2017","Nebraska","GO0089","Special District Governments - Multiple-function - Sewerage and water supply","State and Local","3"
"2022","Nebraska","GO0089","Special District Governments - Multiple-function - Sewerage and water supply","State and Local","2"
"2025","Nebraska","GO0089","Special District Governments - Multiple-function - Sewerage and water supply","State and Local","2"
"2026","Nebraska","GO0089","Special District Governments - Multiple-function - Sewerage and water supply","State and Local","2"
"2012","Nebraska","GO0090","Special District Governments  - Single-function - Soil and water conservation","State and Local","2"
"2017","Nebraska","GO0090","Special District Governments  - Single-function - Soil and water conservation","State and Local","2"
"2022","Nebraska","GO0090","Special District Governments  - Single-function - Soil and water conservation","State and Local","2"
"2025","Nebraska","GO0090","Special District Governments  - Single-function - Soil and water conservation","State and Local","2"
"2026","Nebraska","GO0090","Special District Governments  - Single-function - Soil and water conservation","State and Local","2"
"2012","Nebraska","GO0091","Special District Governments  - Single-function - Solid waste management","State and Local","3"
"2017","Nebraska","GO0091","Special District Governments  - Single-function - Solid waste management","State and Local","3"
"2022","Nebraska","GO0091","Special District Governments  - Single-function - Solid waste management","State and Local","4"
"2025","Nebraska","GO0091","Special District Governments  - Single-function - Solid waste management","State and Local","4"
"2026","Nebraska","GO0091","Special District Governments  - Single-function - Solid waste management","State and Local","4"
"2012","Nebraska","GO0092","Total multiple-function special district governments","State and Local","336"
"2017","Nebraska","GO0092","Total multiple-function special district governments","State and Local","359"
"2022","Nebraska","GO0092","Total multiple-function special district governments","State and Local","377"
"2025","Nebraska","GO0092","Total multiple-function special district governments","State and Local","405"
"2026","Nebraska","GO0092","Total multiple-function special district governments","State and Local","411"
"2012","Nebraska","GO0093","Special District Governments  - Single-function - Water supply","State and Local","21"
"2017","Nebraska","GO0093","Special District Governments  - Single-function - Water supply","State and Local","21"
"2022","Nebraska","GO0093","Special District Governments  - Single-function - Water supply","State and Local","21"
"2025","Nebraska","GO0093","Special District Governments  - Single-function - Water supply","State and Local","21"
"2026","Nebraska","GO0093","Special District Governments  - Single-function - Water supply","State and Local","21"
"2012","Nebraska","GO0094","Special District Governments  - Single-function - Welfare","State and Local","2"
"2017","Nebraska","GO0094","Special District Governments  - Single-function - Welfare","State and Local","2"
"2022","Nebraska","GO0094","Special District Governments  - Single-function - Welfare","State and Local","1"
"2025","Nebraska","GO0094","Special District Governments  - Single-function - Welfare","State and Local","1"
"2026","Nebraska","GO0094","Special District Governments  - Single-function - Welfare","State and Local","1"
"2012","Nebraska","GO0095","Total single-function special district governments","State and Local","933"
"2017","Nebraska","GO0095","Total single-function special district governments","State and Local","922"
"2022","Nebraska","GO0095","Total single-function special district governments","State and Local","926"
"2025","Nebraska","GO0095","Total single-function special district governments","State and Local","929"
"2026","Nebraska","GO0095","Total single-function special district governments","State and Local","929"
"2012","Nevada","GO0009","Total Local Government Units - Special Purpose Governments - Special District Governments","State and Local","139"
"2017","Nevada","GO0009","Total Local Government Units - Special Purpose Governments - Special District Governments","State and Local","137"
"2022","Nevada","GO0009","Total Local Government Units - Special Purpose Governments - Special District Governments","State and Local","135"
"2025","Nevada","GO0009","Total Local Government Units - Special Purpose Governments - Special District Governments","State and Local","134"
"2026","Nevada","GO0009","Total Local Government Units - Special Purpose Governments - Special District Governments","State and Local","134"
"2012","Nevada","GO0070","Special District Governments  - Single-function - Air transportation","State and Local","1"
"2017","Nevada","GO0070","Special District Governments  - Single-function - Air transportation","State and Local","1"
"2022","Nevada","GO0070","Special District Governments  - Single-function - Air transportation","State and Local","1"
"2025","Nevada","GO0070","Special District Governments  - Single-function - Air transportation","State and Local","1"
"2026","Nevada","GO0070","Special District Governments  - Single-function - Air transportation","State and Local","1"
"2012","Nevada","GO0072","Special District Governments  - Single-function - Drainage and flood control","State and Local","2"
"2017","Nevada","GO0072","Special District Governments  - Single-function - Drainage and flood control","State and Local","2"
"2022","Nevada","GO0072","Special District Governments  - Single-function - Drainage and flood control","State and Local","2"
"2025","Nevada","GO0072","Special District Governments  - Single-function - Drainage and flood control","State and Local","2"
"2026","Nevada","GO0072","Special District Governments  - Single-function - Drainage and flood control","State and Local","2"
"2012","Nevada","GO0074","Special District Governments  - Single-function - Fire protection","State and Local","15"
"2017","Nevada","GO0074","Special District Governments  - Single-function - Fire protection","State and Local","15"
"2022","Nevada","GO0074","Special District Governments  - Single-function - Fire protection","State and Local","15"
"2025","Nevada","GO0074","Special District Governments  - Single-function - Fire protection","State and Local","15"
"2026","Nevada","GO0074","Special District Governments  - Single-function - Fire protection","State and Local","15"
"2012","Nevada","GO0075","Special District Governments  - Single-function - Health","State and Local","2"
"2017","Nevada","GO0075","Special District Governments  - Single-function - Health","State and Local","2"
"2022","Nevada","GO0075","Special District Governments  - Single-function - Health","State and Local","2"
"2025","Nevada","GO0075","Special District Governments  - Single-function - Health","State and Local","2"
"2026","Nevada","GO0075","Special District Governments  - Single-function - Health","State and Local","2"
"2012","Nevada","GO0076","Special District Governments  - Single-function - Highways","State and Local","8"
"2017","Nevada","GO0076","Special District Governments  - Single-function - Highways","State and Local","8"
"2022","Nevada","GO0076","Special District Governments  - Single-function - Highways","State and Local","8"
"2025","Nevada","GO0076","Special District Governments  - Single-function - Highways","State and Local","8"
"2026","Nevada","GO0076","Special District Governments  - Single-function - Highways","State and Local","8"
"2012","Nevada","GO0078","Special District Governments  - Single-function - Housing and community development","State and Local","3"
"2017","Nevada","GO0078","Special District Governments  - Single-function - Housing and community development","State and Local","3"
"2022","Nevada","GO0078","Special District Governments  - Single-function - Housing and community development","State and Local","2"
"2025","Nevada","GO0078","Special District Governments  - Single-function - Housing and community development","State and Local","2"
"2026","Nevada","GO0078","Special District Governments  - Single-function - Housing and community development","State and Local","2"
"2012","Nevada","GO0080","Special District Governments  - Single-function - Libraries","State and Local","9"
"2017","Nevada","GO0080","Special District Governments  - Single-function - Libraries","State and Local","9"
"2022","Nevada","GO0080","Special District Governments  - Single-function - Libraries","State and Local","9"
"2025","Nevada","GO0080","Special District Governments  - Single-function - Libraries","State and Local","9"
"2026","Nevada","GO0080","Special District Governments  - Single-function - Libraries","State and Local","9"
"2012","Nevada","GO0081","Special District Governments - Multiple-function - Natural resources and water supply","State and Local","1"
"2017","Nevada","GO0081","Special District Governments - Multiple-function - Natural resources and water supply","State and Local","1"
"2022","Nevada","GO0081","Special District Governments - Multiple-function - Natural resources and water supply","State and Local","1"
"2025","Nevada","GO0081","Special District Governments - Multiple-function - Natural resources and water supply","State and Local","1"
"2026","Nevada","GO0081","Special District Governments - Multiple-function - Natural resources and water supply","State and Local","1"
"2012","Nevada","GO0082","Special District Governments - Multiple-function - Other multiple function districts","State and Local","14"
"2017","Nevada","GO0082","Special District Governments - Multiple-function - Other multiple function districts","State and Local","14"
"2022","Nevada","GO0082","Special District Governments - Multiple-function - Other multiple function districts","State and Local","14"
"2025","Nevada","GO0082","Special District Governments - Multiple-function - Other multiple function districts","State and Local","14"
"2026","Nevada","GO0082","Special District Governments - Multiple-function - Other multiple function districts","State and Local","14"
"2012","Nevada","GO0083","Special District Governments  - Single-function - Other natural resources","State and Local","7"
"2017","Nevada","GO0083","Special District Governments  - Single-function - Other natural resources","State and Local","7"
"2022","Nevada","GO0083","Special District Governments  - Single-function - Other natural resources","State and Local","7"
"2025","Nevada","GO0083","Special District Governments  - Single-function - Other natural resources","State and Local","7"
"2026","Nevada","GO0083","Special District Governments  - Single-function - Other natural resources","State and Local","7"
"2012","Nevada","GO0084","Special District Governments  - Single-function - Other single function districts","State and Local","15"
"2017","Nevada","GO0084","Special District Governments  - Single-function - Other single function districts","State and Local","13"
"2022","Nevada","GO0084","Special District Governments  - Single-function - Other single function districts","State and Local","13"
"2025","Nevada","GO0084","Special District Governments  - Single-function - Other single function districts","State and Local","12"
"2026","Nevada","GO0084","Special District Governments  - Single-function - Other single function districts","State and Local","12"
"2012","Nevada","GO0086","Special District Governments  - Single-function - Other utility districts","State and Local","4"
"2017","Nevada","GO0086","Special District Governments  - Single-function - Other utility districts","State and Local","5"
"2022","Nevada","GO0086","Special District Governments  - Single-function - Other utility districts","State and Local","4"
"2025","Nevada","GO0086","Special District Governments  - Single-function - Other utility districts","State and Local","4"
"2026","Nevada","GO0086","Special District Governments  - Single-function - Other utility districts","State and Local","4"
"2012","Nevada","GO0087","Special District Governments  - Single-function - Parks and recreation","State and Local","7"
"2017","Nevada","GO0087","Special District Governments  - Single-function - Parks and recreation","State and Local","6"
"2022","Nevada","GO0087","Special District Governments  - Single-function - Parks and recreation","State and Local","6"
"2025","Nevada","GO0087","Special District Governments  - Single-function - Parks and recreation","State and Local","6"
"2026","Nevada","GO0087","Special District Governments  - Single-function - Parks and recreation","State and Local","6"
"2012","Nevada","GO0088","Special District Governments  - Single-function - Sewerage","State and Local","6"
"2017","Nevada","GO0088","Special District Governments  - Single-function - Sewerage","State and Local","6"
"2022","Nevada","GO0088","Special District Governments  - Single-function - Sewerage","State and Local","6"
"2025","Nevada","GO0088","Special District Governments  - Single-function - Sewerage","State and Local","6"
"2026","Nevada","GO0088","Special District Governments  - Single-function - Sewerage","State and Local","6"
"2012","Nevada","GO0089","Special District Governments - Multiple-function - Sewerage and water supply","State and Local","7"
"2017","Nevada","GO0089","Special District Governments - Multiple-function - Sewerage and water supply","State and Local","7"
"2022","Nevada","GO0089","Special District Governments - Multiple-function - Sewerage and water supply","State and Local","7"
"2025","Nevada","GO0089","Special District Governments - Multiple-function - Sewerage and water supply","State and Local","7"
"2026","Nevada","GO0089","Special District Governments - Multiple-function - Sewerage and water supply","State and Local","7"
"2012","Nevada","GO0090","Special District Governments  - Single-function - Soil and water conservation","State and Local","25"
"2017","Nevada","GO0090","Special District Governments  - Single-function - Soil and water conservation","State and Local","25"
"2022","Nevada","GO0090","Special District Governments  - Single-function - Soil and water conservation","State and Local","25"
"2025","Nevada","GO0090","Special District Governments  - Single-function - Soil and water conservation","State and Local","25"
"2026","Nevada","GO0090","Special District Governments  - Single-function - Soil and water conservation","State and Local","25"
"2012","Nevada","GO0092","Total multiple-function special district governments","State and Local","22"
"2017","Nevada","GO0092","Total multiple-function special district governments","State and Local","22"
"2022","Nevada","GO0092","Total multiple-function special district governments","State and Local","22"
"2025","Nevada","GO0092","Total multiple-function special district governments","State and Local","22"
"2026","Nevada","GO0092","Total multiple-function special district governments","State and Local","22"
"2012","Nevada","GO0093","Special District Governments  - Single-function - Water supply","State and Local","13"
"2017","Nevada","GO0093","Special District Governments  - Single-function - Water supply","State and Local","13"
"2022","Nevada","GO0093","Special District Governments  - Single-function - Water supply","State and Local","13"
"2025","Nevada","GO0093","Special District Governments  - Single-function - Water supply","State and Local","13"
"2026","Nevada","GO0093","Special District Governments  - Single-function - Water supply","State and Local","13"
"2012","Nevada","GO0095","Total single-function special district governments","State and Local","117"
"2017","Nevada","GO0095","Total single-function special district governments","State and Local","115"
"2022","Nevada","GO0095","Total single-function special district governments","State and Local","113"
"2025","Nevada","GO0095","Total single-function special district governments","State and Local","112"
"2026","Nevada","GO0095","Total single-function special district governments","State and Local","112"
"2012","New Hampshire","GO0009","Total Local Government Units - Special Purpose Governments - Special District Governments","State and Local","131"
"2017","New Hampshire","GO0009","Total Local Government Units - Special Purpose Governments - Special District Governments","State and Local","129"
"2022","New Hampshire","GO0009","Total Local Government Units - Special Purpose Governments - Special District Governments","State and Local","128"
"2025","New Hampshire","GO0009","Total Local Government Units - Special Purpose Governments - Special District Governments","State and Local","121"
"2026","New Hampshire","GO0009","Total Local Government Units - Special Purpose Governments - Special District Governments","State and Local","121"
"2012","New Hampshire","GO0072","Special District Governments  - Single-function - Drainage and flood control","State and Local","1"
"2017","New Hampshire","GO0072","Special District Governments  - Single-function - Drainage and flood control","State and Local","1"
"2022","New Hampshire","GO0072","Special District Governments  - Single-function - Drainage and flood control","State and Local","1"
"2025","New Hampshire","GO0072","Special District Governments  - Single-function - Drainage and flood control","State and Local","1"
"2026","New Hampshire","GO0072","Special District Governments  - Single-function - Drainage and flood control","State and Local","1"
"2012","New Hampshire","GO0074","Special District Governments  - Single-function - Fire protection","State and Local","14"
"2017","New Hampshire","GO0074","Special District Governments  - Single-function - Fire protection","State and Local","14"
"2022","New Hampshire","GO0074","Special District Governments  - Single-function - Fire protection","State and Local","14"
"2025","New Hampshire","GO0074","Special District Governments  - Single-function - Fire protection","State and Local","11"
"2026","New Hampshire","GO0074","Special District Governments  - Single-function - Fire protection","State and Local","11"
"2012","New Hampshire","GO0076","Special District Governments  - Single-function - Highways","State and Local","6"
"2017","New Hampshire","GO0076","Special District Governments  - Single-function - Highways","State and Local","5"
"2022","New Hampshire","GO0076","Special District Governments  - Single-function - Highways","State and Local","5"
"2025","New Hampshire","GO0076","Special District Governments  - Single-function - Highways","State and Local","3"
"2026","New Hampshire","GO0076","Special District Governments  - Single-function - Highways","State and Local","3"
"2012","New Hampshire","GO0078","Special District Governments  - Single-function - Housing and community development","State and Local","21"
"2017","New Hampshire","GO0078","Special District Governments  - Single-function - Housing and community development","State and Local","21"
"2022","New Hampshire","GO0078","Special District Governments  - Single-function - Housing and community development","State and Local","21"
"2025","New Hampshire","GO0078","Special District Governments  - Single-function - Housing and community development","State and Local","21"
"2026","New Hampshire","GO0078","Special District Governments  - Single-function - Housing and community development","State and Local","21"
"2012","New Hampshire","GO0082","Special District Governments - Multiple-function - Other multiple function districts","State and Local","21"
"2017","New Hampshire","GO0082","Special District Governments - Multiple-function - Other multiple function districts","State and Local","21"
"2022","New Hampshire","GO0082","Special District Governments - Multiple-function - Other multiple function districts","State and Local","20"
"2025","New Hampshire","GO0082","Special District Governments - Multiple-function - Other multiple function districts","State and Local","19"
"2026","New Hampshire","GO0082","Special District Governments - Multiple-function - Other multiple function districts","State and Local","19"
"2012","New Hampshire","GO0084","Special District Governments  - Single-function - Other single function districts","State and Local","5"
"2017","New Hampshire","GO0084","Special District Governments  - Single-function - Other single function districts","State and Local","4"
"2022","New Hampshire","GO0084","Special District Governments  - Single-function - Other single function districts","State and Local","4"
"2025","New Hampshire","GO0084","Special District Governments  - Single-function - Other single function districts","State and Local","4"
"2026","New Hampshire","GO0084","Special District Governments  - Single-function - Other single function districts","State and Local","4"
"2012","New Hampshire","GO0086","Special District Governments  - Single-function - Other utility districts","State and Local","2"
"2017","New Hampshire","GO0086","Special District Governments  - Single-function - Other utility districts","State and Local","2"
"2022","New Hampshire","GO0086","Special District Governments  - Single-function - Other utility districts","State and Local","2"
"2025","New Hampshire","GO0086","Special District Governments  - Single-function - Other utility districts","State and Local","2"
"2026","New Hampshire","GO0086","Special District Governments  - Single-function - Other utility districts","State and Local","2"
"2012","New Hampshire","GO0087","Special District Governments  - Single-function - Parks and recreation","State and Local","2"
"2017","New Hampshire","GO0087","Special District Governments  - Single-function - Parks and recreation","State and Local","2"
"2022","New Hampshire","GO0087","Special District Governments  - Single-function - Parks and recreation","State and Local","2"
"2025","New Hampshire","GO0087","Special District Governments  - Single-function - Parks and recreation","State and Local","2"
"2026","New Hampshire","GO0087","Special District Governments  - Single-function - Parks and recreation","State and Local","2"
"2012","New Hampshire","GO0088","Special District Governments  - Single-function - Sewerage","State and Local","3"
"2017","New Hampshire","GO0088","Special District Governments  - Single-function - Sewerage","State and Local","3"
"2022","New Hampshire","GO0088","Special District Governments  - Single-function - Sewerage","State and Local","3"
"2025","New Hampshire","GO0088","Special District Governments  - Single-function - Sewerage","State and Local","3"
"2026","New Hampshire","GO0088","Special District Governments  - Single-function - Sewerage","State and Local","3"
"2012","New Hampshire","GO0089","Special District Governments - Multiple-function - Sewerage and water supply","State and Local","6"
"2017","New Hampshire","GO0089","Special District Governments - Multiple-function - Sewerage and water supply","State and Local","6"
"2022","New Hampshire","GO0089","Special District Governments - Multiple-function - Sewerage and water supply","State and Local","6"
"2025","New Hampshire","GO0089","Special District Governments - Multiple-function - Sewerage and water supply","State and Local","6"
"2026","New Hampshire","GO0089","Special District Governments - Multiple-function - Sewerage and water supply","State and Local","6"
"2012","New Hampshire","GO0090","Special District Governments  - Single-function - Soil and water conservation","State and Local","10"
"2017","New Hampshire","GO0090","Special District Governments  - Single-function - Soil and water conservation","State and Local","10"
"2022","New Hampshire","GO0090","Special District Governments  - Single-function - Soil and water conservation","State and Local","10"
"2025","New Hampshire","GO0090","Special District Governments  - Single-function - Soil and water conservation","State and Local","10"
"2026","New Hampshire","GO0090","Special District Governments  - Single-function - Soil and water conservation","State and Local","10"
"2012","New Hampshire","GO0091","Special District Governments  - Single-function - Solid waste management","State and Local","6"
"2017","New Hampshire","GO0091","Special District Governments  - Single-function - Solid waste management","State and Local","6"
"2022","New Hampshire","GO0091","Special District Governments  - Single-function - Solid waste management","State and Local","6"
"2025","New Hampshire","GO0091","Special District Governments  - Single-function - Solid waste management","State and Local","5"
"2026","New Hampshire","GO0091","Special District Governments  - Single-function - Solid waste management","State and Local","5"
"2012","New Hampshire","GO0092","Total multiple-function special district governments","State and Local","27"
"2017","New Hampshire","GO0092","Total multiple-function special district governments","State and Local","27"
"2022","New Hampshire","GO0092","Total multiple-function special district governments","State and Local","26"
"2025","New Hampshire","GO0092","Total multiple-function special district governments","State and Local","25"
"2026","New Hampshire","GO0092","Total multiple-function special district governments","State and Local","25"
"2012","New Hampshire","GO0093","Special District Governments  - Single-function - Water supply","State and Local","34"
"2017","New Hampshire","GO0093","Special District Governments  - Single-function - Water supply","State and Local","34"
"2022","New Hampshire","GO0093","Special District Governments  - Single-function - Water supply","State and Local","34"
"2025","New Hampshire","GO0093","Special District Governments  - Single-function - Water supply","State and Local","34"
"2026","New Hampshire","GO0093","Special District Governments  - Single-function - Water supply","State and Local","34"
"2012","New Hampshire","GO0095","Total single-function special district governments","State and Local","104"
"2017","New Hampshire","GO0095","Total single-function special district governments","State and Local","102"
"2022","New Hampshire","GO0095","Total single-function special district governments","State and Local","102"
"2025","New Hampshire","GO0095","Total single-function special district governments","State and Local","96"
"2026","New Hampshire","GO0095","Total single-function special district governments","State and Local","96"
"2012","New Jersey","GO0009","Total Local Government Units - Special Purpose Governments - Special District Governments","State and Local","234"
"2017","New Jersey","GO0009","Total Local Government Units - Special Purpose Governments - Special District Governments","State and Local","233"
"2022","New Jersey","GO0009","Total Local Government Units - Special Purpose Governments - Special District Governments","State and Local","222"
"2025","New Jersey","GO0009","Total Local Government Units - Special Purpose Governments - Special District Governments","State and Local","220"
"2026","New Jersey","GO0009","Total Local Government Units - Special Purpose Governments - Special District Governments","State and Local","220"
"2012","New Jersey","GO0074","Special District Governments  - Single-function - Fire protection","State and Local","184"
"2017","New Jersey","GO0074","Special District Governments  - Single-function - Fire protection","State and Local","183"
"2022","New Jersey","GO0074","Special District Governments  - Single-function - Fire protection","State and Local","172"
"2025","New Jersey","GO0074","Special District Governments  - Single-function - Fire protection","State and Local","170"
"2026","New Jersey","GO0074","Special District Governments  - Single-function - Fire protection","State and Local","170"
"2012","New Jersey","GO0076","Special District Governments  - Single-function - Highways","State and Local","1"
"2017","New Jersey","GO0076","Special District Governments  - Single-function - Highways","State and Local","1"
"2022","New Jersey","GO0076","Special District Governments  - Single-function - Highways","State and Local","1"
"2025","New Jersey","GO0076","Special District Governments  - Single-function - Highways","State and Local","1"
"2026","New Jersey","GO0076","Special District Governments  - Single-function - Highways","State and Local","1"
"2012","New Jersey","GO0082","Special District Governments - Multiple-function - Other multiple function districts","State and Local","1"
"2017","New Jersey","GO0082","Special District Governments - Multiple-function - Other multiple function districts","State and Local","1"
"2022","New Jersey","GO0082","Special District Governments - Multiple-function - Other multiple function districts","State and Local","1"
"2025","New Jersey","GO0082","Special District Governments - Multiple-function - Other multiple function districts","State and Local","1"
"2026","New Jersey","GO0082","Special District Governments - Multiple-function - Other multiple function districts","State and Local","1"
"2017","New Jersey","GO0086","Special District Governments  - Single-function - Other utility districts","State and Local","1"
"2022","New Jersey","GO0086","Special District Governments  - Single-function - Other utility districts","State and Local","1"
"2025","New Jersey","GO0086","Special District Governments  - Single-function - Other utility districts","State and Local","1"
"2026","New Jersey","GO0086","Special District Governments  - Single-function - Other utility districts","State and Local","1"
"2012","New Jersey","GO0088","Special District Governments  - Single-function - Sewerage","State and Local","28"
"2017","New Jersey","GO0088","Special District Governments  - Single-function - Sewerage","State and Local","27"
"2022","New Jersey","GO0088","Special District Governments  - Single-function - Sewerage","State and Local","28"
"2025","New Jersey","GO0088","Special District Governments  - Single-function - Sewerage","State and Local","28"
"2026","New Jersey","GO0088","Special District Governments  - Single-function - Sewerage","State and Local","28"
"2012","New Jersey","GO0090","Special District Governments  - Single-function - Soil and water conservation","State and Local","15"
"2017","New Jersey","GO0090","Special District Governments  - Single-function - Soil and water conservation","State and Local","15"
"2022","New Jersey","GO0090","Special District Governments  - Single-function - Soil and water conservation","State and Local","14"
"2025","New Jersey","GO0090","Special District Governments  - Single-function - Soil and water conservation","State and Local","14"
"2026","New Jersey","GO0090","Special District Governments  - Single-function - Soil and water conservation","State and Local","14"
"2012","New Jersey","GO0091","Special District Governments  - Single-function - Solid waste management","State and Local","1"
"2017","New Jersey","GO0091","Special District Governments  - Single-function - Solid waste management","State and Local","1"
"2022","New Jersey","GO0091","Special District Governments  - Single-function - Solid waste management","State and Local","1"
"2025","New Jersey","GO0091","Special District Governments  - Single-function - Solid waste management","State and Local","1"
"2026","New Jersey","GO0091","Special District Governments  - Single-function - Solid waste management","State and Local","1"
"2012","New Jersey","GO0092","Total multiple-function special district governments","State and Local","1"
"2017","New Jersey","GO0092","Total multiple-function special district governments","State and Local","1"
"2022","New Jersey","GO0092","Total multiple-function special district governments","State and Local","1"
"2025","New Jersey","GO0092","Total multiple-function special district governments","State and Local","1"
"2026","New Jersey","GO0092","Total multiple-function special district governments","State and Local","1"
"2012","New Jersey","GO0093","Special District Governments  - Single-function - Water supply","State and Local","4"
"2017","New Jersey","GO0093","Special District Governments  - Single-function - Water supply","State and Local","4"
"2022","New Jersey","GO0093","Special District Governments  - Single-function - Water supply","State and Local","4"
"2025","New Jersey","GO0093","Special District Governments  - Single-function - Water supply","State and Local","4"
"2026","New Jersey","GO0093","Special District Governments  - Single-function - Water supply","State and Local","4"
"2012","New Jersey","GO0095","Total single-function special district governments","State and Local","233"
"2017","New Jersey","GO0095","Total single-function special district governments","State and Local","232"
"2022","New Jersey","GO0095","Total single-function special district governments","State and Local","221"
"2025","New Jersey","GO0095","Total single-function special district governments","State and Local","219"
"2026","New Jersey","GO0095","Total single-function special district governments","State and Local","219"
"2012","New Mexico","GO0009","Total Local Government Units - Special Purpose Governments - Special District Governments","State and Local","631"
"2017","New Mexico","GO0009","Total Local Government Units - Special Purpose Governments - Special District Governments","State and Local","779"
"2022","New Mexico","GO0009","Total Local Government Units - Special Purpose Governments - Special District Governments","State and Local","769"
"2025","New Mexico","GO0009","Total Local Government Units - Special Purpose Governments - Special District Governments","State and Local","766"
"2026","New Mexico","GO0009","Total Local Government Units - Special Purpose Governments - Special District Governments","State and Local","775"
"2012","New Mexico","GO0072","Special District Governments  - Single-function - Drainage and flood control","State and Local","389"
"2017","New Mexico","GO0072","Special District Governments  - Single-function - Drainage and flood control","State and Local","386"
"2022","New Mexico","GO0072","Special District Governments  - Single-function - Drainage and flood control","State and Local","382"
"2025","New Mexico","GO0072","Special District Governments  - Single-function - Drainage and flood control","State and Local","381"
"2026","New Mexico","GO0072","Special District Governments  - Single-function - Drainage and flood control","State and Local","381"
"2012","New Mexico","GO0075","Special District Governments  - Single-function - Health","State and Local","1"
"2017","New Mexico","GO0075","Special District Governments  - Single-function - Health","State and Local","1"
"2022","New Mexico","GO0075","Special District Governments  - Single-function - Health","State and Local","1"
"2025","New Mexico","GO0075","Special District Governments  - Single-function - Health","State and Local","1"
"2026","New Mexico","GO0075","Special District Governments  - Single-function - Health","State and Local","1"
"2012","New Mexico","GO0077","Special District Governments  - Single-function - Hospitals","State and Local","4"
"2017","New Mexico","GO0077","Special District Governments  - Single-function - Hospitals","State and Local","4"
"2022","New Mexico","GO0077","Special District Governments  - Single-function - Hospitals","State and Local","4"
"2025","New Mexico","GO0077","Special District Governments  - Single-function - Hospitals","State and Local","4"
"2026","New Mexico","GO0077","Special District Governments  - Single-function - Hospitals","State and Local","4"
"2012","New Mexico","GO0078","Special District Governments  - Single-function - Housing and community development","State and Local","4"
"2012","New Mexico","GO0081","Special District Governments - Multiple-function - Natural resources and water supply","State and Local","2"
"2017","New Mexico","GO0081","Special District Governments - Multiple-function - Natural resources and water supply","State and Local","2"
"2022","New Mexico","GO0081","Special District Governments - Multiple-function - Natural resources and water supply","State and Local","2"
"2025","New Mexico","GO0081","Special District Governments - Multiple-function - Natural resources and water supply","State and Local","2"
"2026","New Mexico","GO0081","Special District Governments - Multiple-function - Natural resources and water supply","State and Local","2"
"2012","New Mexico","GO0082","Special District Governments - Multiple-function - Other multiple function districts","State and Local","12"
"2017","New Mexico","GO0082","Special District Governments - Multiple-function - Other multiple function districts","State and Local","11"
"2022","New Mexico","GO0082","Special District Governments - Multiple-function - Other multiple function districts","State and Local","11"
"2025","New Mexico","GO0082","Special District Governments - Multiple-function - Other multiple function districts","State and Local","11"
"2026","New Mexico","GO0082","Special District Governments - Multiple-function - Other multiple function districts","State and Local","11"
"2012","New Mexico","GO0083","Special District Governments  - Single-function - Other natural resources","State and Local","127"
"2017","New Mexico","GO0083","Special District Governments  - Single-function - Other natural resources","State and Local","127"
"2022","New Mexico","GO0083","Special District Governments  - Single-function - Other natural resources","State and Local","127"
"2025","New Mexico","GO0083","Special District Governments  - Single-function - Other natural resources","State and Local","126"
"2026","New Mexico","GO0083","Special District Governments  - Single-function - Other natural resources","State and Local","126"
"2012","New Mexico","GO0084","Special District Governments  - Single-function - Other single function districts","State and Local","12"
"2017","New Mexico","GO0084","Special District Governments  - Single-function - Other single function districts","State and Local","12"
"2022","New Mexico","GO0084","Special District Governments  - Single-function - Other single function districts","State and Local","12"
"2025","New Mexico","GO0084","Special District Governments  - Single-function - Other single function districts","State and Local","12"
"2026","New Mexico","GO0084","Special District Governments  - Single-function - Other single function districts","State and Local","12"
"2012","New Mexico","GO0086","Special District Governments  - Single-function - Other utility districts","State and Local","3"
"2017","New Mexico","GO0086","Special District Governments  - Single-function - Other utility districts","State and Local","3"
"2022","New Mexico","GO0086","Special District Governments  - Single-function - Other utility districts","State and Local","4"
"2025","New Mexico","GO0086","Special District Governments  - Single-function - Other utility districts","State and Local","4"
"2026","New Mexico","GO0086","Special District Governments  - Single-function - Other utility districts","State and Local","4"
"2012","New Mexico","GO0088","Special District Governments  - Single-function - Sewerage","State and Local","1"
"2017","New Mexico","GO0088","Special District Governments  - Single-function - Sewerage","State and Local","1"
"2022","New Mexico","GO0088","Special District Governments  - Single-function - Sewerage","State and Local","1"
"2025","New Mexico","GO0088","Special District Governments  - Single-function - Sewerage","State and Local","1"
"2026","New Mexico","GO0088","Special District Governments  - Single-function - Sewerage","State and Local","1"
"2012","New Mexico","GO0089","Special District Governments - Multiple-function - Sewerage and water supply","State and Local","11"
"2017","New Mexico","GO0089","Special District Governments - Multiple-function - Sewerage and water supply","State and Local","11"
"2022","New Mexico","GO0089","Special District Governments - Multiple-function - Sewerage and water supply","State and Local","12"
"2025","New Mexico","GO0089","Special District Governments - Multiple-function - Sewerage and water supply","State and Local","12"
"2026","New Mexico","GO0089","Special District Governments - Multiple-function - Sewerage and water supply","State and Local","12"
"2012","New Mexico","GO0090","Special District Governments  - Single-function - Soil and water conservation","State and Local","48"
"2017","New Mexico","GO0090","Special District Governments  - Single-function - Soil and water conservation","State and Local","48"
"2022","New Mexico","GO0090","Special District Governments  - Single-function - Soil and water conservation","State and Local","48"
"2025","New Mexico","GO0090","Special District Governments  - Single-function - Soil and water conservation","State and Local","48"
"2026","New Mexico","GO0090","Special District Governments  - Single-function - Soil and water conservation","State and Local","48"
"2012","New Mexico","GO0091","Special District Governments  - Single-function - Solid waste management","State and Local","8"
"2017","New Mexico","GO0091","Special District Governments  - Single-function - Solid waste management","State and Local","8"
"2022","New Mexico","GO0091","Special District Governments  - Single-function - Solid waste management","State and Local","8"
"2025","New Mexico","GO0091","Special District Governments  - Single-function - Solid waste management","State and Local","8"
"2026","New Mexico","GO0091","Special District Governments  - Single-function - Solid waste management","State and Local","8"
"2012","New Mexico","GO0092","Total multiple-function special district governments","State and Local","25"
"2017","New Mexico","GO0092","Total multiple-function special district governments","State and Local","24"
"2022","New Mexico","GO0092","Total multiple-function special district governments","State and Local","25"
"2025","New Mexico","GO0092","Total multiple-function special district governments","State and Local","25"
"2026","New Mexico","GO0092","Total multiple-function special district governments","State and Local","25"
"2012","New Mexico","GO0093","Special District Governments  - Single-function - Water supply","State and Local","9"
"2017","New Mexico","GO0093","Special District Governments  - Single-function - Water supply","State and Local","165"
"2022","New Mexico","GO0093","Special District Governments  - Single-function - Water supply","State and Local","157"
"2025","New Mexico","GO0093","Special District Governments  - Single-function - Water supply","State and Local","156"
"2026","New Mexico","GO0093","Special District Governments  - Single-function - Water supply","State and Local","165"
"2012","New Mexico","GO0095","Total single-function special district governments","State and Local","606"
"2017","New Mexico","GO0095","Total single-function special district governments","State and Local","755"
"2022","New Mexico","GO0095","Total single-function special district governments","State and Local","744"
"2025","New Mexico","GO0095","Total single-function special district governments","State and Local","741"
"2026","New Mexico","GO0095","Total single-function special district governments","State and Local","750"
"2012","New York","GO0009","Total Local Government Units - Special Purpose Governments - Special District Governments","State and Local","1,174"
"2017","New York","GO0009","Total Local Government Units - Special Purpose Governments - Special District Governments","State and Local","1,185"
"2022","New York","GO0009","Total Local Government Units - Special Purpose Governments - Special District Governments","State and Local","1,189"
"2025","New York","GO0009","Total Local Government Units - Special Purpose Governments - Special District Governments","State and Local","1,193"
"2026","New York","GO0009","Total Local Government Units - Special Purpose Governments - Special District Governments","State and Local","1,204"
"2012","New York","GO0074","Special District Governments  - Single-function - Fire protection","State and Local","876"
"2017","New York","GO0074","Special District Governments  - Single-function - Fire protection","State and Local","885"
"2022","New York","GO0074","Special District Governments  - Single-function - Fire protection","State and Local","890"
"2025","New York","GO0074","Special District Governments  - Single-function - Fire protection","State and Local","894"
"2026","New York","GO0074","Special District Governments  - Single-function - Fire protection","State and Local","905"
"2012","New York","GO0075","Special District Governments  - Single-function - Health","State and Local","49"
"2017","New York","GO0075","Special District Governments  - Single-function - Health","State and Local","43"
"2022","New York","GO0075","Special District Governments  - Single-function - Health","State and Local","38"
"2025","New York","GO0075","Special District Governments  - Single-function - Health","State and Local","38"
"2026","New York","GO0075","Special District Governments  - Single-function - Health","State and Local","38"
"2012","New York","GO0076","Special District Governments  - Single-function - Highways","State and Local","1"
"2017","New York","GO0076","Special District Governments  - Single-function - Highways","State and Local","1"
"2022","New York","GO0076","Special District Governments  - Single-function - Highways","State and Local","1"
"2025","New York","GO0076","Special District Governments  - Single-function - Highways","State and Local","1"
"2026","New York","GO0076","Special District Governments  - Single-function - Highways","State and Local","1"
"2012","New York","GO0080","Special District Governments  - Single-function - Libraries","State and Local","218"
"2017","New York","GO0080","Special District Governments  - Single-function - Libraries","State and Local","228"
"2022","New York","GO0080","Special District Governments  - Single-function - Libraries","State and Local","231"
"2025","New York","GO0080","Special District Governments  - Single-function - Libraries","State and Local","232"
"2026","New York","GO0080","Special District Governments  - Single-function - Libraries","State and Local","232"
"2012","New York","GO0081","Special District Governments - Multiple-function - Natural resources and water supply","State and Local","1"
"2017","New York","GO0081","Special District Governments - Multiple-function - Natural resources and water supply","State and Local","1"
"2022","New York","GO0081","Special District Governments - Multiple-function - Natural resources and water supply","State and Local","1"
"2025","New York","GO0081","Special District Governments - Multiple-function - Natural resources and water supply","State and Local","1"
"2026","New York","GO0081","Special District Governments - Multiple-function - Natural resources and water supply","State and Local","1"
"2012","New York","GO0082","Special District Governments - Multiple-function - Other multiple function districts","State and Local","7"
"2017","New York","GO0082","Special District Governments - Multiple-function - Other multiple function districts","State and Local","7"
"2022","New York","GO0082","Special District Governments - Multiple-function - Other multiple function districts","State and Local","7"
"2025","New York","GO0082","Special District Governments - Multiple-function - Other multiple function districts","State and Local","7"
"2026","New York","GO0082","Special District Governments - Multiple-function - Other multiple function districts","State and Local","7"
"2012","New York","GO0083","Special District Governments  - Single-function - Other natural resources","State and Local","3"
"2017","New York","GO0083","Special District Governments  - Single-function - Other natural resources","State and Local","1"
"2022","New York","GO0083","Special District Governments  - Single-function - Other natural resources","State and Local","1"
"2025","New York","GO0083","Special District Governments  - Single-function - Other natural resources","State and Local","1"
"2026","New York","GO0083","Special District Governments  - Single-function - Other natural resources","State and Local","1"
"2012","New York","GO0084","Special District Governments  - Single-function - Other single function districts","State and Local","4"
"2017","New York","GO0084","Special District Governments  - Single-function - Other single function districts","State and Local","6"
"2022","New York","GO0084","Special District Governments  - Single-function - Other single function districts","State and Local","7"
"2025","New York","GO0084","Special District Governments  - Single-function - Other single function districts","State and Local","6"
"2026","New York","GO0084","Special District Governments  - Single-function - Other single function districts","State and Local","6"
"2012","New York","GO0087","Special District Governments  - Single-function - Parks and recreation","State and Local","2"
"2017","New York","GO0087","Special District Governments  - Single-function - Parks and recreation","State and Local","2"
"2022","New York","GO0087","Special District Governments  - Single-function - Parks and recreation","State and Local","2"
"2025","New York","GO0087","Special District Governments  - Single-function - Parks and recreation","State and Local","2"
"2026","New York","GO0087","Special District Governments  - Single-function - Parks and recreation","State and Local","2"
"2012","New York","GO0089","Special District Governments - Multiple-function - Sewerage and water supply","State and Local","1"
"2017","New York","GO0089","Special District Governments - Multiple-function - Sewerage and water supply","State and Local","1"
"2022","New York","GO0089","Special District Governments - Multiple-function - Sewerage and water supply","State and Local","1"
"2025","New York","GO0089","Special District Governments - Multiple-function - Sewerage and water supply","State and Local","1"
"2026","New York","GO0089","Special District Governments - Multiple-function - Sewerage and water supply","State and Local","1"
"2012","New York","GO0091","Special District Governments  - Single-function - Solid waste management","State and Local","7"
"2017","New York","GO0091","Special District Governments  - Single-function - Solid waste management","State and Local","5"
"2022","New York","GO0091","Special District Governments  - Single-function - Solid waste management","State and Local","5"
"2025","New York","GO0091","Special District Governments  - Single-function - Solid waste management","State and Local","5"
"2026","New York","GO0091","Special District Governments  - Single-function - Solid waste management","State and Local","5"
"2012","New York","GO0092","Total multiple-function special district governments","State and Local","9"
"2017","New York","GO0092","Total multiple-function special district governments","State and Local","9"
"2022","New York","GO0092","Total multiple-function special district governments","State and Local","9"
"2025","New York","GO0092","Total multiple-function special district governments","State and Local","9"
"2026","New York","GO0092","Total multiple-function special district governments","State and Local","9"
"2012","New York","GO0093","Special District Governments  - Single-function - Water supply","State and Local","5"
"2017","New York","GO0093","Special District Governments  - Single-function - Water supply","State and Local","5"
"2022","New York","GO0093","Special District Governments  - Single-function - Water supply","State and Local","5"
"2025","New York","GO0093","Special District Governments  - Single-function - Water supply","State and Local","5"
"2026","New York","GO0093","Special District Governments  - Single-function - Water supply","State and Local","5"
"2012","New York","GO0095","Total single-function special district governments","State and Local","1,165"
"2017","New York","GO0095","Total single-function special district governments","State and Local","1,176"
"2022","New York","GO0095","Total single-function special district governments","State and Local","1,180"
"2025","New York","GO0095","Total single-function special district governments","State and Local","1,184"
"2026","New York","GO0095","Total single-function special district governments","State and Local","1,195"
"2012","North Carolina","GO0009","Total Local Government Units - Special Purpose Governments - Special District Governments","State and Local","320"
"2017","North Carolina","GO0009","Total Local Government Units - Special Purpose Governments - Special District Governments","State and Local","318"
"2022","North Carolina","GO0009","Total Local Government Units - Special Purpose Governments - Special District Governments","State and Local","313"
"2025","North Carolina","GO0009","Total Local Government Units - Special Purpose Governments - Special District Governments","State and Local","309"
"2026","North Carolina","GO0009","Total Local Government Units - Special Purpose Governments - Special District Governments","State and Local","235"
"2012","North Carolina","GO0070","Special District Governments  - Single-function - Air transportation","State and Local","16"
"2017","North Carolina","GO0070","Special District Governments  - Single-function - Air transportation","State and Local","16"
"2022","North Carolina","GO0070","Special District Governments  - Single-function - Air transportation","State and Local","16"
"2025","North Carolina","GO0070","Special District Governments  - Single-function - Air transportation","State and Local","17"
"2026","North Carolina","GO0070","Special District Governments  - Single-function - Air transportation","State and Local","17"
"2012","North Carolina","GO0072","Special District Governments  - Single-function - Drainage and flood control","State and Local","42"
"2017","North Carolina","GO0072","Special District Governments  - Single-function - Drainage and flood control","State and Local","41"
"2022","North Carolina","GO0072","Special District Governments  - Single-function - Drainage and flood control","State and Local","41"
"2025","North Carolina","GO0072","Special District Governments  - Single-function - Drainage and flood control","State and Local","41"
"2026","North Carolina","GO0072","Special District Governments  - Single-function - Drainage and flood control","State and Local","40"
"2012","North Carolina","GO0075","Special District Governments  - Single-function - Health","State and Local","1"
"2017","North Carolina","GO0075","Special District Governments  - Single-function - Health","State and Local","9"
"2022","North Carolina","GO0075","Special District Governments  - Single-function - Health","State and Local","7"
"2025","North Carolina","GO0075","Special District Governments  - Single-function - Health","State and Local","5"
"2026","North Carolina","GO0075","Special District Governments  - Single-function - Health","State and Local","5"
"2012","North Carolina","GO0077","Special District Governments  - Single-function - Hospitals","State and Local","4"
"2017","North Carolina","GO0077","Special District Governments  - Single-function - Hospitals","State and Local","3"
"2022","North Carolina","GO0077","Special District Governments  - Single-function - Hospitals","State and Local","3"
"2025","North Carolina","GO0077","Special District Governments  - Single-function - Hospitals","State and Local","3"
"2026","North Carolina","GO0077","Special District Governments  - Single-function - Hospitals","State and Local","3"
"2012","North Carolina","GO0078","Special District Governments  - Single-function - Housing and community development","State and Local","95"
"2017","North Carolina","GO0078","Special District Governments  - Single-function - Housing and community development","State and Local","93"
"2022","North Carolina","GO0078","Special District Governments  - Single-function - Housing and community development","State and Local","93"
"2025","North Carolina","GO0078","Special District Governments  - Single-function - Housing and community development","State and Local","93"
"2026","North Carolina","GO0078","Special District Governments  - Single-function - Housing and community development","State and Local","93"
"2012","North Carolina","GO0079","Special District Governments  - Single-function - Industrial development and mortgage credit","State and Local","1"
"2012","North Carolina","GO0082","Special District Governments - Multiple-function - Other multiple function districts","State and Local","4"
"2017","North Carolina","GO0082","Special District Governments - Multiple-function - Other multiple function districts","State and Local","4"
"2022","North Carolina","GO0082","Special District Governments - Multiple-function - Other multiple function districts","State and Local","4"
"2025","North Carolina","GO0082","Special District Governments - Multiple-function - Other multiple function districts","State and Local","4"
"2026","North Carolina","GO0082","Special District Governments - Multiple-function - Other multiple function districts","State and Local","4"
"2012","North Carolina","GO0084","Special District Governments  - Single-function - Other single function districts","State and Local","1"
"2012","North Carolina","GO0086","Special District Governments  - Single-function - Other utility districts","State and Local","10"
"2017","North Carolina","GO0086","Special District Governments  - Single-function - Other utility districts","State and Local","9"
"2022","North Carolina","GO0086","Special District Governments  - Single-function - Other utility districts","State and Local","9"
"2025","North Carolina","GO0086","Special District Governments  - Single-function - Other utility districts","State and Local","9"
"2026","North Carolina","GO0086","Special District Governments  - Single-function - Other utility districts","State and Local","9"
"2012","North Carolina","GO0087","Special District Governments  - Single-function - Parks and recreation","State and Local","1"
"2017","North Carolina","GO0087","Special District Governments  - Single-function - Parks and recreation","State and Local","1"
"2022","North Carolina","GO0087","Special District Governments  - Single-function - Parks and recreation","State and Local","1"
"2025","North Carolina","GO0087","Special District Governments  - Single-function - Parks and recreation","State and Local","1"
"2026","North Carolina","GO0087","Special District Governments  - Single-function - Parks and recreation","State and Local","1"
"2012","North Carolina","GO0088","Special District Governments  - Single-function - Sewerage","State and Local","9"
"2017","North Carolina","GO0088","Special District Governments  - Single-function - Sewerage","State and Local","8"
"2022","North Carolina","GO0088","Special District Governments  - Single-function - Sewerage","State and Local","8"
"2025","North Carolina","GO0088","Special District Governments  - Single-function - Sewerage","State and Local","8"
"2026","North Carolina","GO0088","Special District Governments  - Single-function - Sewerage","State and Local","8"
"2012","North Carolina","GO0089","Special District Governments - Multiple-function - Sewerage and water supply","State and Local","14"
"2017","North Carolina","GO0089","Special District Governments - Multiple-function - Sewerage and water supply","State and Local","13"
"2022","North Carolina","GO0089","Special District Governments - Multiple-function - Sewerage and water supply","State and Local","12"
"2025","North Carolina","GO0089","Special District Governments - Multiple-function - Sewerage and water supply","State and Local","12"
"2026","North Carolina","GO0089","Special District Governments - Multiple-function - Sewerage and water supply","State and Local","12"
"2012","North Carolina","GO0090","Special District Governments  - Single-function - Soil and water conservation","State and Local","96"
"2017","North Carolina","GO0090","Special District Governments  - Single-function - Soil and water conservation","State and Local","95"
"2022","North Carolina","GO0090","Special District Governments  - Single-function - Soil and water conservation","State and Local","93"
"2025","North Carolina","GO0090","Special District Governments  - Single-function - Soil and water conservation","State and Local","90"
"2026","North Carolina","GO0090","Special District Governments  - Single-function - Soil and water conservation","State and Local","17"
"2012","North Carolina","GO0091","Special District Governments  - Single-function - Solid waste management","State and Local","3"
"2017","North Carolina","GO0091","Special District Governments  - Single-function - Solid waste management","State and Local","3"
"2022","North Carolina","GO0091","Special District Governments  - Single-function - Solid waste management","State and Local","3"
"2025","North Carolina","GO0091","Special District Governments  - Single-function - Solid waste management","State and Local","3"
"2026","North Carolina","GO0091","Special District Governments  - Single-function - Solid waste management","State and Local","3"
"2012","North Carolina","GO0092","Total multiple-function special district governments","State and Local","18"
"2017","North Carolina","GO0092","Total multiple-function special district governments","State and Local","17"
"2022","North Carolina","GO0092","Total multiple-function special district governments","State and Local","16"
"2025","North Carolina","GO0092","Total multiple-function special district governments","State and Local","16"
"2026","North Carolina","GO0092","Total multiple-function special district governments","State and Local","16"
"2012","North Carolina","GO0093","Special District Governments  - Single-function - Water supply","State and Local","23"
"2017","North Carolina","GO0093","Special District Governments  - Single-function - Water supply","State and Local","23"
"2022","North Carolina","GO0093","Special District Governments  - Single-function - Water supply","State and Local","23"
"2025","North Carolina","GO0093","Special District Governments  - Single-function - Water supply","State and Local","23"
"2026","North Carolina","GO0093","Special District Governments  - Single-function - Water supply","State and Local","23"
"2012","North Carolina","GO0095","Total single-function special district governments","State and Local","302"
"2017","North Carolina","GO0095","Total single-function special district governments","State and Local","301"
"2022","North Carolina","GO0095","Total single-function special district governments","State and Local","297"
"2025","North Carolina","GO0095","Total single-function special district governments","State and Local","293"
"2026","North Carolina","GO0095","Total single-function special district governments","State and Local","219"
"2012","North Dakota","GO0009","Total Local Government Units - Special Purpose Governments - Special District Governments","State and Local","779"
"2017","North Dakota","GO0009","Total Local Government Units - Special Purpose Governments - Special District Governments","State and Local","767"
"2022","North Dakota","GO0009","Total Local Government Units - Special Purpose Governments - Special District Governments","State and Local","683"
"2025","North Dakota","GO0009","Total Local Government Units - Special Purpose Governments - Special District Governments","State and Local","660"
"2026","North Dakota","GO0009","Total Local Government Units - Special Purpose Governments - Special District Governments","State and Local","660"
"2012","North Dakota","GO0070","Special District Governments  - Single-function - Air transportation","State and Local","75"
"2017","North Dakota","GO0070","Special District Governments  - Single-function - Air transportation","State and Local","75"
"2022","North Dakota","GO0070","Special District Governments  - Single-function - Air transportation","State and Local","23"
"2025","North Dakota","GO0070","Special District Governments  - Single-function - Air transportation","State and Local","7"
"2026","North Dakota","GO0070","Special District Governments  - Single-function - Air transportation","State and Local","7"
"2012","North Dakota","GO0072","Special District Governments  - Single-function - Drainage and flood control","State and Local","5"
"2017","North Dakota","GO0072","Special District Governments  - Single-function - Drainage and flood control","State and Local","3"
"2022","North Dakota","GO0072","Special District Governments  - Single-function - Drainage and flood control","State and Local","3"
"2025","North Dakota","GO0072","Special District Governments  - Single-function - Drainage and flood control","State and Local","3"
"2026","North Dakota","GO0072","Special District Governments  - Single-function - Drainage and flood control","State and Local","3"
"2012","North Dakota","GO0074","Special District Governments  - Single-function - Fire protection","State and Local","279"
"2017","North Dakota","GO0074","Special District Governments  - Single-function - Fire protection","State and Local","275"
"2022","North Dakota","GO0074","Special District Governments  - Single-function - Fire protection","State and Local","274"
"2025","North Dakota","GO0074","Special District Governments  - Single-function - Fire protection","State and Local","274"
"2026","North Dakota","GO0074","Special District Governments  - Single-function - Fire protection","State and Local","274"
"2012","North Dakota","GO0075","Special District Governments  - Single-function - Health","State and Local","41"
"2017","North Dakota","GO0075","Special District Governments  - Single-function - Health","State and Local","41"
"2022","North Dakota","GO0075","Special District Governments  - Single-function - Health","State and Local","40"
"2025","North Dakota","GO0075","Special District Governments  - Single-function - Health","State and Local","39"
"2026","North Dakota","GO0075","Special District Governments  - Single-function - Health","State and Local","39"
"2012","North Dakota","GO0077","Special District Governments  - Single-function - Hospitals","State and Local","2"
"2017","North Dakota","GO0077","Special District Governments  - Single-function - Hospitals","State and Local","2"
"2022","North Dakota","GO0077","Special District Governments  - Single-function - Hospitals","State and Local","2"
"2025","North Dakota","GO0077","Special District Governments  - Single-function - Hospitals","State and Local","2"
"2026","North Dakota","GO0077","Special District Governments  - Single-function - Hospitals","State and Local","2"
"2012","North Dakota","GO0078","Special District Governments  - Single-function - Housing and community development","State and Local","38"
"2017","North Dakota","GO0078","Special District Governments  - Single-function - Housing and community development","State and Local","38"
"2022","North Dakota","GO0078","Special District Governments  - Single-function - Housing and community development","State and Local","15"
"2025","North Dakota","GO0078","Special District Governments  - Single-function - Housing and community development","State and Local","16"
"2026","North Dakota","GO0078","Special District Governments  - Single-function - Housing and community development","State and Local","16"
"2012","North Dakota","GO0082","Special District Governments - Multiple-function - Other multiple function districts","State and Local","3"
"2017","North Dakota","GO0082","Special District Governments - Multiple-function - Other multiple function districts","State and Local","3"
"2022","North Dakota","GO0082","Special District Governments - Multiple-function - Other multiple function districts","State and Local","2"
"2025","North Dakota","GO0082","Special District Governments - Multiple-function - Other multiple function districts","State and Local","2"
"2026","North Dakota","GO0082","Special District Governments - Multiple-function - Other multiple function districts","State and Local","2"
"2012","North Dakota","GO0083","Special District Governments  - Single-function - Other natural resources","State and Local","17"
"2017","North Dakota","GO0083","Special District Governments  - Single-function - Other natural resources","State and Local","16"
"2022","North Dakota","GO0083","Special District Governments  - Single-function - Other natural resources","State and Local","15"
"2025","North Dakota","GO0083","Special District Governments  - Single-function - Other natural resources","State and Local","15"
"2026","North Dakota","GO0083","Special District Governments  - Single-function - Other natural resources","State and Local","15"
"2012","North Dakota","GO0085","Special District Governments  - Single-function - Other transportation","State and Local","1"
"2017","North Dakota","GO0085","Special District Governments  - Single-function - Other transportation","State and Local","1"
"2012","North Dakota","GO0086","Special District Governments  - Single-function - Other utility districts","State and Local","1"
"2017","North Dakota","GO0086","Special District Governments  - Single-function - Other utility districts","State and Local","1"
"2022","North Dakota","GO0086","Special District Governments  - Single-function - Other utility districts","State and Local","1"
"2025","North Dakota","GO0086","Special District Governments  - Single-function - Other utility districts","State and Local","1"
"2026","North Dakota","GO0086","Special District Governments  - Single-function - Other utility districts","State and Local","1"
"2012","North Dakota","GO0087","Special District Governments  - Single-function - Parks and recreation","State and Local","240"
"2017","North Dakota","GO0087","Special District Governments  - Single-function - Parks and recreation","State and Local","237"
"2022","North Dakota","GO0087","Special District Governments  - Single-function - Parks and recreation","State and Local","234"
"2025","North Dakota","GO0087","Special District Governments  - Single-function - Parks and recreation","State and Local","227"
"2026","North Dakota","GO0087","Special District Governments  - Single-function - Parks and recreation","State and Local","227"
"2012","North Dakota","GO0090","Special District Governments  - Single-function - Soil and water conservation","State and Local","56"
"2017","North Dakota","GO0090","Special District Governments  - Single-function - Soil and water conservation","State and Local","55"
"2022","North Dakota","GO0090","Special District Governments  - Single-function - Soil and water conservation","State and Local","54"
"2025","North Dakota","GO0090","Special District Governments  - Single-function - Soil and water conservation","State and Local","54"
"2026","North Dakota","GO0090","Special District Governments  - Single-function - Soil and water conservation","State and Local","54"
"2012","North Dakota","GO0092","Total multiple-function special district governments","State and Local","3"
"2017","North Dakota","GO0092","Total multiple-function special district governments","State and Local","3"
"2022","North Dakota","GO0092","Total multiple-function special district governments","State and Local","2"
"2025","North Dakota","GO0092","Total multiple-function special district governments","State and Local","2"
"2026","North Dakota","GO0092","Total multiple-function special district governments","State and Local","2"
"2012","North Dakota","GO0093","Special District Governments  - Single-function - Water supply","State and Local","21"
"2017","North Dakota","GO0093","Special District Governments  - Single-function - Water supply","State and Local","20"
"2022","North Dakota","GO0093","Special District Governments  - Single-function - Water supply","State and Local","20"
"2025","North Dakota","GO0093","Special District Governments  - Single-function - Water supply","State and Local","20"
"2026","North Dakota","GO0093","Special District Governments  - Single-function - Water supply","State and Local","20"
"2012","North Dakota","GO0095","Total single-function special district governments","State and Local","776"
"2017","North Dakota","GO0095","Total single-function special district governments","State and Local","764"
"2022","North Dakota","GO0095","Total single-function special district governments","State and Local","681"
"2025","North Dakota","GO0095","Total single-function special district governments","State and Local","658"
"2026","North Dakota","GO0095","Total single-function special district governments","State and Local","658"
"2012","Ohio","GO0009","Total Local Government Units - Special Purpose Governments - Special District Governments","State and Local","841"
"2017","Ohio","GO0009","Total Local Government Units - Special Purpose Governments - Special District Governments","State and Local","904"
"2022","Ohio","GO0009","Total Local Government Units - Special Purpose Governments - Special District Governments","State and Local","952"
"2025","Ohio","GO0009","Total Local Government Units - Special Purpose Governments - Special District Governments","State and Local","981"
"2026","Ohio","GO0009","Total Local Government Units - Special Purpose Governments - Special District Governments","State and Local","993"
"2012","Ohio","GO0070","Special District Governments  - Single-function - Air transportation","State and Local","48"
"2017","Ohio","GO0070","Special District Governments  - Single-function - Air transportation","State and Local","49"
"2022","Ohio","GO0070","Special District Governments  - Single-function - Air transportation","State and Local","48"
"2025","Ohio","GO0070","Special District Governments  - Single-function - Air transportation","State and Local","46"
"2026","Ohio","GO0070","Special District Governments  - Single-function - Air transportation","State and Local","46"
"2012","Ohio","GO0072","Special District Governments  - Single-function - Drainage and flood control","State and Local","13"
"2017","Ohio","GO0072","Special District Governments  - Single-function - Drainage and flood control","State and Local","12"
"2022","Ohio","GO0072","Special District Governments  - Single-function - Drainage and flood control","State and Local","12"
"2025","Ohio","GO0072","Special District Governments  - Single-function - Drainage and flood control","State and Local","13"
"2026","Ohio","GO0072","Special District Governments  - Single-function - Drainage and flood control","State and Local","12"
"2012","Ohio","GO0073","Special District Governments  - Single-function - Education","State and Local","39"
"2017","Ohio","GO0073","Special District Governments  - Single-function - Education","State and Local","40"
"2022","Ohio","GO0073","Special District Governments  - Single-function - Education","State and Local","40"
"2025","Ohio","GO0073","Special District Governments  - Single-function - Education","State and Local","38"
"2026","Ohio","GO0073","Special District Governments  - Single-function - Education","State and Local","39"
"2012","Ohio","GO0074","Special District Governments  - Single-function - Fire protection","State and Local","100"
"2017","Ohio","GO0074","Special District Governments  - Single-function - Fire protection","State and Local","116"
"2022","Ohio","GO0074","Special District Governments  - Single-function - Fire protection","State and Local","120"
"2025","Ohio","GO0074","Special District Governments  - Single-function - Fire protection","State and Local","126"
"2026","Ohio","GO0074","Special District Governments  - Single-function - Fire protection","State and Local","127"
"2012","Ohio","GO0075","Special District Governments  - Single-function - Health","State and Local","59"
"2017","Ohio","GO0075","Special District Governments  - Single-function - Health","State and Local","64"
"2022","Ohio","GO0075","Special District Governments  - Single-function - Health","State and Local","65"
"2025","Ohio","GO0075","Special District Governments  - Single-function - Health","State and Local","67"
"2026","Ohio","GO0075","Special District Governments  - Single-function - Health","State and Local","67"
"2012","Ohio","GO0076","Special District Governments  - Single-function - Highways","State and Local","9"
"2017","Ohio","GO0076","Special District Governments  - Single-function - Highways","State and Local","19"
"2022","Ohio","GO0076","Special District Governments  - Single-function - Highways","State and Local","50"
"2025","Ohio","GO0076","Special District Governments  - Single-function - Highways","State and Local","54"
"2026","Ohio","GO0076","Special District Governments  - Single-function - Highways","State and Local","54"
"2012","Ohio","GO0077","Special District Governments  - Single-function - Hospitals","State and Local","5"
"2017","Ohio","GO0077","Special District Governments  - Single-function - Hospitals","State and Local","5"
"2022","Ohio","GO0077","Special District Governments  - Single-function - Hospitals","State and Local","5"
"2025","Ohio","GO0077","Special District Governments  - Single-function - Hospitals","State and Local","4"
"2026","Ohio","GO0077","Special District Governments  - Single-function - Hospitals","State and Local","4"
"2012","Ohio","GO0078","Special District Governments  - Single-function - Housing and community development","State and Local","78"
"2017","Ohio","GO0078","Special District Governments  - Single-function - Housing and community development","State and Local","81"
"2022","Ohio","GO0078","Special District Governments  - Single-function - Housing and community development","State and Local","81"
"2025","Ohio","GO0078","Special District Governments  - Single-function - Housing and community development","State and Local","81"
"2026","Ohio","GO0078","Special District Governments  - Single-function - Housing and community development","State and Local","81"
"2012","Ohio","GO0079","Special District Governments  - Single-function - Industrial development and mortgage credit","State and Local","9"
"2017","Ohio","GO0079","Special District Governments  - Single-function - Industrial development and mortgage credit","State and Local","10"
"2022","Ohio","GO0079","Special District Governments  - Single-function - Industrial development and mortgage credit","State and Local","11"
"2025","Ohio","GO0079","Special District Governments  - Single-function - Industrial development and mortgage credit","State and Local","11"
"2026","Ohio","GO0079","Special District Governments  - Single-function - Industrial development and mortgage credit","State and Local","11"
"2012","Ohio","GO0080","Special District Governments  - Single-function - Libraries","State and Local","82"
"2017","Ohio","GO0080","Special District Governments  - Single-function - Libraries","State and Local","82"
"2022","Ohio","GO0080","Special District Governments  - Single-function - Libraries","State and Local","82"
"2025","Ohio","GO0080","Special District Governments  - Single-function - Libraries","State and Local","82"
"2026","Ohio","GO0080","Special District Governments  - Single-function - Libraries","State and Local","82"
"2012","Ohio","GO0081","Special District Governments - Multiple-function - Natural resources and water supply","State and Local","2"
"2017","Ohio","GO0081","Special District Governments - Multiple-function - Natural resources and water supply","State and Local","2"
"2022","Ohio","GO0081","Special District Governments - Multiple-function - Natural resources and water supply","State and Local","2"
"2025","Ohio","GO0081","Special District Governments - Multiple-function - Natural resources and water supply","State and Local","2"
"2026","Ohio","GO0081","Special District Governments - Multiple-function - Natural resources and water supply","State and Local","2"
"2012","Ohio","GO0082","Special District Governments - Multiple-function - Other multiple function districts","State and Local","16"
"2017","Ohio","GO0082","Special District Governments - Multiple-function - Other multiple function districts","State and Local","29"
"2022","Ohio","GO0082","Special District Governments - Multiple-function - Other multiple function districts","State and Local","47"
"2025","Ohio","GO0082","Special District Governments - Multiple-function - Other multiple function districts","State and Local","65"
"2026","Ohio","GO0082","Special District Governments - Multiple-function - Other multiple function districts","State and Local","75"
"2012","Ohio","GO0083","Special District Governments  - Single-function - Other natural resources","State and Local","4"
"2017","Ohio","GO0083","Special District Governments  - Single-function - Other natural resources","State and Local","4"
"2022","Ohio","GO0083","Special District Governments  - Single-function - Other natural resources","State and Local","4"
"2025","Ohio","GO0083","Special District Governments  - Single-function - Other natural resources","State and Local","4"
"2026","Ohio","GO0083","Special District Governments  - Single-function - Other natural resources","State and Local","4"
"2012","Ohio","GO0084","Special District Governments  - Single-function - Other single function districts","State and Local","42"
"2017","Ohio","GO0084","Special District Governments  - Single-function - Other single function districts","State and Local","53"
"2022","Ohio","GO0084","Special District Governments  - Single-function - Other single function districts","State and Local","49"
"2025","Ohio","GO0084","Special District Governments  - Single-function - Other single function districts","State and Local","47"
"2026","Ohio","GO0084","Special District Governments  - Single-function - Other single function districts","State and Local","49"
"2012","Ohio","GO0085","Special District Governments  - Single-function - Other transportation","State and Local","8"
"2017","Ohio","GO0085","Special District Governments  - Single-function - Other transportation","State and Local","8"
"2022","Ohio","GO0085","Special District Governments  - Single-function - Other transportation","State and Local","7"
"2025","Ohio","GO0085","Special District Governments  - Single-function - Other transportation","State and Local","7"
"2026","Ohio","GO0085","Special District Governments  - Single-function - Other transportation","State and Local","7"
"2012","Ohio","GO0086","Special District Governments  - Single-function - Other utility districts","State and Local","19"
"2017","Ohio","GO0086","Special District Governments  - Single-function - Other utility districts","State and Local","18"
"2022","Ohio","GO0086","Special District Governments  - Single-function - Other utility districts","State and Local","18"
"2025","Ohio","GO0086","Special District Governments  - Single-function - Other utility districts","State and Local","18"
"2026","Ohio","GO0086","Special District Governments  - Single-function - Other utility districts","State and Local","18"
"2012","Ohio","GO0087","Special District Governments  - Single-function - Parks and recreation","State and Local","126"
"2017","Ohio","GO0087","Special District Governments  - Single-function - Parks and recreation","State and Local","131"
"2022","Ohio","GO0087","Special District Governments  - Single-function - Parks and recreation","State and Local","132"
"2025","Ohio","GO0087","Special District Governments  - Single-function - Parks and recreation","State and Local","135"
"2026","Ohio","GO0087","Special District Governments  - Single-function - Parks and recreation","State and Local","135"
"2012","Ohio","GO0088","Special District Governments  - Single-function - Sewerage","State and Local","18"
"2017","Ohio","GO0088","Special District Governments  - Single-function - Sewerage","State and Local","17"
"2022","Ohio","GO0088","Special District Governments  - Single-function - Sewerage","State and Local","17"
"2025","Ohio","GO0088","Special District Governments  - Single-function - Sewerage","State and Local","20"
"2026","Ohio","GO0088","Special District Governments  - Single-function - Sewerage","State and Local","20"
"2012","Ohio","GO0089","Special District Governments - Multiple-function - Sewerage and water supply","State and Local","18"
"2017","Ohio","GO0089","Special District Governments - Multiple-function - Sewerage and water supply","State and Local","20"
"2022","Ohio","GO0089","Special District Governments - Multiple-function - Sewerage and water supply","State and Local","20"
"2025","Ohio","GO0089","Special District Governments - Multiple-function - Sewerage and water supply","State and Local","21"
"2026","Ohio","GO0089","Special District Governments - Multiple-function - Sewerage and water supply","State and Local","20"
"2012","Ohio","GO0090","Special District Governments  - Single-function - Soil and water conservation","State and Local","87"
"2017","Ohio","GO0090","Special District Governments  - Single-function - Soil and water conservation","State and Local","87"
"2022","Ohio","GO0090","Special District Governments  - Single-function - Soil and water conservation","State and Local","87"
"2025","Ohio","GO0090","Special District Governments  - Single-function - Soil and water conservation","State and Local","87"
"2026","Ohio","GO0090","Special District Governments  - Single-function - Soil and water conservation","State and Local","87"
"2012","Ohio","GO0091","Special District Governments  - Single-function - Solid waste management","State and Local","22"
"2017","Ohio","GO0091","Special District Governments  - Single-function - Solid waste management","State and Local","21"
"2022","Ohio","GO0091","Special District Governments  - Single-function - Solid waste management","State and Local","21"
"2025","Ohio","GO0091","Special District Governments  - Single-function - Solid waste management","State and Local","21"
"2026","Ohio","GO0091","Special District Governments  - Single-function - Solid waste management","State and Local","21"
"2012","Ohio","GO0092","Total multiple-function special district governments","State and Local","36"
"2017","Ohio","GO0092","Total multiple-function special district governments","State and Local","51"
"2022","Ohio","GO0092","Total multiple-function special district governments","State and Local","69"
"2025","Ohio","GO0092","Total multiple-function special district governments","State and Local","88"
"2026","Ohio","GO0092","Total multiple-function special district governments","State and Local","97"
"2012","Ohio","GO0093","Special District Governments  - Single-function - Water supply","State and Local","37"
"2017","Ohio","GO0093","Special District Governments  - Single-function - Water supply","State and Local","36"
"2022","Ohio","GO0093","Special District Governments  - Single-function - Water supply","State and Local","34"
"2025","Ohio","GO0093","Special District Governments  - Single-function - Water supply","State and Local","32"
"2026","Ohio","GO0093","Special District Governments  - Single-function - Water supply","State and Local","32"
"2012","Ohio","GO0095","Total single-function special district governments","State and Local","805"
"2017","Ohio","GO0095","Total single-function special district governments","State and Local","853"
"2022","Ohio","GO0095","Total single-function special district governments","State and Local","883"
"2025","Ohio","GO0095","Total single-function special district governments","State and Local","893"
"2026","Ohio","GO0095","Total single-function special district governments","State and Local","896"
"2012","Oklahoma","GO0009","Total Local Government Units - Special Purpose Governments - Special District Governments","State and Local","635"
"2017","Oklahoma","GO0009","Total Local Government Units - Special Purpose Governments - Special District Governments","State and Local","621"
"2022","Oklahoma","GO0009","Total Local Government Units - Special Purpose Governments - Special District Governments","State and Local","632"
"2025","Oklahoma","GO0009","Total Local Government Units - Special Purpose Governments - Special District Governments","State and Local","628"
"2026","Oklahoma","GO0009","Total Local Government Units - Special Purpose Governments - Special District Governments","State and Local","628"
"2012","Oklahoma","GO0072","Special District Governments  - Single-function - Drainage and flood control","State and Local","7"
"2017","Oklahoma","GO0072","Special District Governments  - Single-function - Drainage and flood control","State and Local","7"
"2022","Oklahoma","GO0072","Special District Governments  - Single-function - Drainage and flood control","State and Local","6"
"2025","Oklahoma","GO0072","Special District Governments  - Single-function - Drainage and flood control","State and Local","6"
"2026","Oklahoma","GO0072","Special District Governments  - Single-function - Drainage and flood control","State and Local","6"
"2012","Oklahoma","GO0074","Special District Governments  - Single-function - Fire protection","State and Local","27"
"2017","Oklahoma","GO0074","Special District Governments  - Single-function - Fire protection","State and Local","27"
"2022","Oklahoma","GO0074","Special District Governments  - Single-function - Fire protection","State and Local","28"
"2025","Oklahoma","GO0074","Special District Governments  - Single-function - Fire protection","State and Local","28"
"2026","Oklahoma","GO0074","Special District Governments  - Single-function - Fire protection","State and Local","28"
"2012","Oklahoma","GO0075","Special District Governments  - Single-function - Health","State and Local","43"
"2017","Oklahoma","GO0075","Special District Governments  - Single-function - Health","State and Local","41"
"2022","Oklahoma","GO0075","Special District Governments  - Single-function - Health","State and Local","47"
"2025","Oklahoma","GO0075","Special District Governments  - Single-function - Health","State and Local","47"
"2026","Oklahoma","GO0075","Special District Governments  - Single-function - Health","State and Local","47"
"2012","Oklahoma","GO0076","Special District Governments  - Single-function - Highways","State and Local","4"
"2017","Oklahoma","GO0076","Special District Governments  - Single-function - Highways","State and Local","2"
"2022","Oklahoma","GO0076","Special District Governments  - Single-function - Highways","State and Local","10"
"2025","Oklahoma","GO0076","Special District Governments  - Single-function - Highways","State and Local","10"
"2026","Oklahoma","GO0076","Special District Governments  - Single-function - Highways","State and Local","10"
"2012","Oklahoma","GO0078","Special District Governments  - Single-function - Housing and community development","State and Local","129"
"2017","Oklahoma","GO0078","Special District Governments  - Single-function - Housing and community development","State and Local","128"
"2022","Oklahoma","GO0078","Special District Governments  - Single-function - Housing and community development","State and Local","128"
"2025","Oklahoma","GO0078","Special District Governments  - Single-function - Housing and community development","State and Local","126"
"2026","Oklahoma","GO0078","Special District Governments  - Single-function - Housing and community development","State and Local","126"
"2012","Oklahoma","GO0080","Special District Governments  - Single-function - Libraries","State and Local","6"
"2017","Oklahoma","GO0080","Special District Governments  - Single-function - Libraries","State and Local","6"
"2022","Oklahoma","GO0080","Special District Governments  - Single-function - Libraries","State and Local","6"
"2025","Oklahoma","GO0080","Special District Governments  - Single-function - Libraries","State and Local","6"
"2026","Oklahoma","GO0080","Special District Governments  - Single-function - Libraries","State and Local","6"
"2012","Oklahoma","GO0081","Special District Governments - Multiple-function - Natural resources and water supply","State and Local","2"
"2012","Oklahoma","GO0082","Special District Governments - Multiple-function - Other multiple function districts","State and Local","13"
"2017","Oklahoma","GO0082","Special District Governments - Multiple-function - Other multiple function districts","State and Local","12"
"2022","Oklahoma","GO0082","Special District Governments - Multiple-function - Other multiple function districts","State and Local","12"
"2025","Oklahoma","GO0082","Special District Governments - Multiple-function - Other multiple function districts","State and Local","12"
"2026","Oklahoma","GO0082","Special District Governments - Multiple-function - Other multiple function districts","State and Local","12"
"2012","Oklahoma","GO0083","Special District Governments  - Single-function - Other natural resources","State and Local","3"
"2017","Oklahoma","GO0083","Special District Governments  - Single-function - Other natural resources","State and Local","2"
"2022","Oklahoma","GO0083","Special District Governments  - Single-function - Other natural resources","State and Local","2"
"2025","Oklahoma","GO0083","Special District Governments  - Single-function - Other natural resources","State and Local","2"
"2026","Oklahoma","GO0083","Special District Governments  - Single-function - Other natural resources","State and Local","2"
"2012","Oklahoma","GO0085","Special District Governments  - Single-function - Other transportation","State and Local","2"
"2017","Oklahoma","GO0085","Special District Governments  - Single-function - Other transportation","State and Local","2"
"2022","Oklahoma","GO0085","Special District Governments  - Single-function - Other transportation","State and Local","2"
"2025","Oklahoma","GO0085","Special District Governments  - Single-function - Other transportation","State and Local","2"
"2026","Oklahoma","GO0085","Special District Governments  - Single-function - Other transportation","State and Local","2"
"2012","Oklahoma","GO0086","Special District Governments  - Single-function - Other utility districts","State and Local","1"
"2017","Oklahoma","GO0086","Special District Governments  - Single-function - Other utility districts","State and Local","1"
"2022","Oklahoma","GO0086","Special District Governments  - Single-function - Other utility districts","State and Local","1"
"2025","Oklahoma","GO0086","Special District Governments  - Single-function - Other utility districts","State and Local","1"
"2026","Oklahoma","GO0086","Special District Governments  - Single-function - Other utility districts","State and Local","1"
"2012","Oklahoma","GO0088","Special District Governments  - Single-function - Sewerage","State and Local","4"
"2017","Oklahoma","GO0088","Special District Governments  - Single-function - Sewerage","State and Local","4"
"2022","Oklahoma","GO0088","Special District Governments  - Single-function - Sewerage","State and Local","4"
"2025","Oklahoma","GO0088","Special District Governments  - Single-function - Sewerage","State and Local","4"
"2026","Oklahoma","GO0088","Special District Governments  - Single-function - Sewerage","State and Local","4"
"2012","Oklahoma","GO0089","Special District Governments - Multiple-function - Sewerage and water supply","State and Local","8"
"2017","Oklahoma","GO0089","Special District Governments - Multiple-function - Sewerage and water supply","State and Local","9"
"2022","Oklahoma","GO0089","Special District Governments - Multiple-function - Sewerage and water supply","State and Local","9"
"2025","Oklahoma","GO0089","Special District Governments - Multiple-function - Sewerage and water supply","State and Local","9"
"2026","Oklahoma","GO0089","Special District Governments - Multiple-function - Sewerage and water supply","State and Local","9"
"2012","Oklahoma","GO0090","Special District Governments  - Single-function - Soil and water conservation","State and Local","96"
"2017","Oklahoma","GO0090","Special District Governments  - Single-function - Soil and water conservation","State and Local","95"
"2022","Oklahoma","GO0090","Special District Governments  - Single-function - Soil and water conservation","State and Local","95"
"2025","Oklahoma","GO0090","Special District Governments  - Single-function - Soil and water conservation","State and Local","94"
"2026","Oklahoma","GO0090","Special District Governments  - Single-function - Soil and water conservation","State and Local","94"
"2012","Oklahoma","GO0091","Special District Governments  - Single-function - Solid waste management","State and Local","1"
"2017","Oklahoma","GO0091","Special District Governments  - Single-function - Solid waste management","State and Local","1"
"2022","Oklahoma","GO0091","Special District Governments  - Single-function - Solid waste management","State and Local","1"
"2025","Oklahoma","GO0091","Special District Governments  - Single-function - Solid waste management","State and Local","1"
"2026","Oklahoma","GO0091","Special District Governments  - Single-function - Solid waste management","State and Local","1"
"2012","Oklahoma","GO0092","Total multiple-function special district governments","State and Local","23"
"2017","Oklahoma","GO0092","Total multiple-function special district governments","State and Local","21"
"2022","Oklahoma","GO0092","Total multiple-function special district governments","State and Local","21"
"2025","Oklahoma","GO0092","Total multiple-function special district governments","State and Local","21"
"2026","Oklahoma","GO0092","Total multiple-function special district governments","State and Local","21"
"2012","Oklahoma","GO0093","Special District Governments  - Single-function - Water supply","State and Local","289"
"2017","Oklahoma","GO0093","Special District Governments  - Single-function - Water supply","State and Local","284"
"2022","Oklahoma","GO0093","Special District Governments  - Single-function - Water supply","State and Local","281"
"2025","Oklahoma","GO0093","Special District Governments  - Single-function - Water supply","State and Local","280"
"2026","Oklahoma","GO0093","Special District Governments  - Single-function - Water supply","State and Local","280"
"2012","Oklahoma","GO0095","Total single-function special district governments","State and Local","612"
"2017","Oklahoma","GO0095","Total single-function special district governments","State and Local","600"
"2022","Oklahoma","GO0095","Total single-function special district governments","State and Local","611"
"2025","Oklahoma","GO0095","Total single-function special district governments","State and Local","607"
"2026","Oklahoma","GO0095","Total single-function special district governments","State and Local","607"
"2012","Oregon","GO0009","Total Local Government Units - Special Purpose Governments - Special District Governments","State and Local","1,035"
"2017","Oregon","GO0009","Total Local Government Units - Special Purpose Governments - Special District Governments","State and Local","1,004"
"2022","Oregon","GO0009","Total Local Government Units - Special Purpose Governments - Special District Governments","State and Local","1,029"
"2025","Oregon","GO0009","Total Local Government Units - Special Purpose Governments - Special District Governments","State and Local","1,029"
"2026","Oregon","GO0009","Total Local Government Units - Special Purpose Governments - Special District Governments","State and Local","1,029"
"2012","Oregon","GO0070","Special District Governments  - Single-function - Air transportation","State and Local","1"
"2017","Oregon","GO0070","Special District Governments  - Single-function - Air transportation","State and Local","1"
"2022","Oregon","GO0070","Special District Governments  - Single-function - Air transportation","State and Local","1"
"2025","Oregon","GO0070","Special District Governments  - Single-function - Air transportation","State and Local","1"
"2026","Oregon","GO0070","Special District Governments  - Single-function - Air transportation","State and Local","1"
"2012","Oregon","GO0071","Special District Governments  - Single-function - Cemeteries","State and Local","65"
"2017","Oregon","GO0071","Special District Governments  - Single-function - Cemeteries","State and Local","65"
"2022","Oregon","GO0071","Special District Governments  - Single-function - Cemeteries","State and Local","65"
"2025","Oregon","GO0071","Special District Governments  - Single-function - Cemeteries","State and Local","65"
"2026","Oregon","GO0071","Special District Governments  - Single-function - Cemeteries","State and Local","65"
"2012","Oregon","GO0072","Special District Governments  - Single-function - Drainage and flood control","State and Local","60"
"2017","Oregon","GO0072","Special District Governments  - Single-function - Drainage and flood control","State and Local","60"
"2022","Oregon","GO0072","Special District Governments  - Single-function - Drainage and flood control","State and Local","57"
"2025","Oregon","GO0072","Special District Governments  - Single-function - Drainage and flood control","State and Local","57"
"2026","Oregon","GO0072","Special District Governments  - Single-function - Drainage and flood control","State and Local","57"
"2012","Oregon","GO0074","Special District Governments  - Single-function - Fire protection","State and Local","271"
"2017","Oregon","GO0074","Special District Governments  - Single-function - Fire protection","State and Local","265"
"2022","Oregon","GO0074","Special District Governments  - Single-function - Fire protection","State and Local","265"
"2025","Oregon","GO0074","Special District Governments  - Single-function - Fire protection","State and Local","266"
"2026","Oregon","GO0074","Special District Governments  - Single-function - Fire protection","State and Local","267"
"2012","Oregon","GO0075","Special District Governments  - Single-function - Health","State and Local","17"
"2017","Oregon","GO0075","Special District Governments  - Single-function - Health","State and Local","17"
"2022","Oregon","GO0075","Special District Governments  - Single-function - Health","State and Local","19"
"2025","Oregon","GO0075","Special District Governments  - Single-function - Health","State and Local","17"
"2026","Oregon","GO0075","Special District Governments  - Single-function - Health","State and Local","17"
"2012","Oregon","GO0076","Special District Governments  - Single-function - Highways","State and Local","106"
"2017","Oregon","GO0076","Special District Governments  - Single-function - Highways","State and Local","100"
"2022","Oregon","GO0076","Special District Governments  - Single-function - Highways","State and Local","111"
"2025","Oregon","GO0076","Special District Governments  - Single-function - Highways","State and Local","114"
"2026","Oregon","GO0076","Special District Governments  - Single-function - Highways","State and Local","114"
"2012","Oregon","GO0077","Special District Governments  - Single-function - Hospitals","State and Local","18"
"2017","Oregon","GO0077","Special District Governments  - Single-function - Hospitals","State and Local","17"
"2022","Oregon","GO0077","Special District Governments  - Single-function - Hospitals","State and Local","17"
"2025","Oregon","GO0077","Special District Governments  - Single-function - Hospitals","State and Local","17"
"2026","Oregon","GO0077","Special District Governments  - Single-function - Hospitals","State and Local","17"
"2012","Oregon","GO0078","Special District Governments  - Single-function - Housing and community development","State and Local","19"
"2017","Oregon","GO0078","Special District Governments  - Single-function - Housing and community development","State and Local","19"
"2022","Oregon","GO0078","Special District Governments  - Single-function - Housing and community development","State and Local","18"
"2025","Oregon","GO0078","Special District Governments  - Single-function - Housing and community development","State and Local","18"
"2026","Oregon","GO0078","Special District Governments  - Single-function - Housing and community development","State and Local","18"
"2012","Oregon","GO0079","Special District Governments  - Single-function - Industrial development and mortgage credit","State and Local","2"
"2017","Oregon","GO0079","Special District Governments  - Single-function - Industrial development and mortgage credit","State and Local","2"
"2022","Oregon","GO0079","Special District Governments  - Single-function - Industrial development and mortgage credit","State and Local","2"
"2025","Oregon","GO0079","Special District Governments  - Single-function - Industrial development and mortgage credit","State and Local","2"
"2026","Oregon","GO0079","Special District Governments  - Single-function - Industrial development and mortgage credit","State and Local","2"
"2012","Oregon","GO0080","Special District Governments  - Single-function - Libraries","State and Local","22"
"2017","Oregon","GO0080","Special District Governments  - Single-function - Libraries","State and Local","23"
"2022","Oregon","GO0080","Special District Governments  - Single-function - Libraries","State and Local","28"
"2025","Oregon","GO0080","Special District Governments  - Single-function - Libraries","State and Local","28"
"2026","Oregon","GO0080","Special District Governments  - Single-function - Libraries","State and Local","28"
"2012","Oregon","GO0081","Special District Governments - Multiple-function - Natural resources and water supply","State and Local","4"
"2017","Oregon","GO0081","Special District Governments - Multiple-function - Natural resources and water supply","State and Local","3"
"2022","Oregon","GO0081","Special District Governments - Multiple-function - Natural resources and water supply","State and Local","3"
"2025","Oregon","GO0081","Special District Governments - Multiple-function - Natural resources and water supply","State and Local","3"
"2026","Oregon","GO0081","Special District Governments - Multiple-function - Natural resources and water supply","State and Local","3"
"2012","Oregon","GO0082","Special District Governments - Multiple-function - Other multiple function districts","State and Local","40"
"2017","Oregon","GO0082","Special District Governments - Multiple-function - Other multiple function districts","State and Local","36"
"2022","Oregon","GO0082","Special District Governments - Multiple-function - Other multiple function districts","State and Local","34"
"2025","Oregon","GO0082","Special District Governments - Multiple-function - Other multiple function districts","State and Local","33"
"2026","Oregon","GO0082","Special District Governments - Multiple-function - Other multiple function districts","State and Local","33"
"2012","Oregon","GO0083","Special District Governments  - Single-function - Other natural resources","State and Local","82"
"2017","Oregon","GO0083","Special District Governments  - Single-function - Other natural resources","State and Local","81"
"2022","Oregon","GO0083","Special District Governments  - Single-function - Other natural resources","State and Local","86"
"2025","Oregon","GO0083","Special District Governments  - Single-function - Other natural resources","State and Local","85"
"2026","Oregon","GO0083","Special District Governments  - Single-function - Other natural resources","State and Local","85"
"2012","Oregon","GO0084","Special District Governments  - Single-function - Other single function districts","State and Local","18"
"2017","Oregon","GO0084","Special District Governments  - Single-function - Other single function districts","State and Local","16"
"2022","Oregon","GO0084","Special District Governments  - Single-function - Other single function districts","State and Local","16"
"2025","Oregon","GO0084","Special District Governments  - Single-function - Other single function districts","State and Local","16"
"2026","Oregon","GO0084","Special District Governments  - Single-function - Other single function districts","State and Local","16"
"2012","Oregon","GO0085","Special District Governments  - Single-function - Other transportation","State and Local","7"
"2017","Oregon","GO0085","Special District Governments  - Single-function - Other transportation","State and Local","7"
"2022","Oregon","GO0085","Special District Governments  - Single-function - Other transportation","State and Local","7"
"2025","Oregon","GO0085","Special District Governments  - Single-function - Other transportation","State and Local","7"
"2026","Oregon","GO0085","Special District Governments  - Single-function - Other transportation","State and Local","7"
"2012","Oregon","GO0086","Special District Governments  - Single-function - Other utility districts","State and Local","18"
"2017","Oregon","GO0086","Special District Governments  - Single-function - Other utility districts","State and Local","18"
"2022","Oregon","GO0086","Special District Governments  - Single-function - Other utility districts","State and Local","20"
"2025","Oregon","GO0086","Special District Governments  - Single-function - Other utility districts","State and Local","20"
"2026","Oregon","GO0086","Special District Governments  - Single-function - Other utility districts","State and Local","20"
"2012","Oregon","GO0087","Special District Governments  - Single-function - Parks and recreation","State and Local","50"
"2017","Oregon","GO0087","Special District Governments  - Single-function - Parks and recreation","State and Local","48"
"2022","Oregon","GO0087","Special District Governments  - Single-function - Parks and recreation","State and Local","53"
"2025","Oregon","GO0087","Special District Governments  - Single-function - Parks and recreation","State and Local","53"
"2026","Oregon","GO0087","Special District Governments  - Single-function - Parks and recreation","State and Local","53"
"2012","Oregon","GO0088","Special District Governments  - Single-function - Sewerage","State and Local","47"
"2017","Oregon","GO0088","Special District Governments  - Single-function - Sewerage","State and Local","42"
"2022","Oregon","GO0088","Special District Governments  - Single-function - Sewerage","State and Local","42"
"2025","Oregon","GO0088","Special District Governments  - Single-function - Sewerage","State and Local","43"
"2026","Oregon","GO0088","Special District Governments  - Single-function - Sewerage","State and Local","42"
"2012","Oregon","GO0089","Special District Governments - Multiple-function - Sewerage and water supply","State and Local","6"
"2017","Oregon","GO0089","Special District Governments - Multiple-function - Sewerage and water supply","State and Local","6"
"2022","Oregon","GO0089","Special District Governments - Multiple-function - Sewerage and water supply","State and Local","6"
"2025","Oregon","GO0089","Special District Governments - Multiple-function - Sewerage and water supply","State and Local","7"
"2026","Oregon","GO0089","Special District Governments - Multiple-function - Sewerage and water supply","State and Local","8"
"2012","Oregon","GO0090","Special District Governments  - Single-function - Soil and water conservation","State and Local","45"
"2017","Oregon","GO0090","Special District Governments  - Single-function - Soil and water conservation","State and Local","45"
"2022","Oregon","GO0090","Special District Governments  - Single-function - Soil and water conservation","State and Local","46"
"2025","Oregon","GO0090","Special District Governments  - Single-function - Soil and water conservation","State and Local","46"
"2026","Oregon","GO0090","Special District Governments  - Single-function - Soil and water conservation","State and Local","46"
"2012","Oregon","GO0092","Total multiple-function special district governments","State and Local","50"
"2017","Oregon","GO0092","Total multiple-function special district governments","State and Local","45"
"2022","Oregon","GO0092","Total multiple-function special district governments","State and Local","43"
"2025","Oregon","GO0092","Total multiple-function special district governments","State and Local","43"
"2026","Oregon","GO0092","Total multiple-function special district governments","State and Local","44"
"2012","Oregon","GO0093","Special District Governments  - Single-function - Water supply","State and Local","136"
"2017","Oregon","GO0093","Special District Governments  - Single-function - Water supply","State and Local","132"
"2022","Oregon","GO0093","Special District Governments  - Single-function - Water supply","State and Local","132"
"2025","Oregon","GO0093","Special District Governments  - Single-function - Water supply","State and Local","130"
"2026","Oregon","GO0093","Special District Governments  - Single-function - Water supply","State and Local","129"
"2012","Oregon","GO0094","Special District Governments  - Single-function - Welfare","State and Local","1"
"2017","Oregon","GO0094","Special District Governments  - Single-function - Welfare","State and Local","1"
"2022","Oregon","GO0094","Special District Governments  - Single-function - Welfare","State and Local","1"
"2025","Oregon","GO0094","Special District Governments  - Single-function - Welfare","State and Local","1"
"2026","Oregon","GO0094","Special District Governments  - Single-function - Welfare","State and Local","1"
"2012","Oregon","GO0095","Total single-function special district governments","State and Local","985"
"2017","Oregon","GO0095","Total single-function special district governments","State and Local","959"
"2022","Oregon","GO0095","Total single-function special district governments","State and Local","986"
"2025","Oregon","GO0095","Total single-function special district governments","State and Local","986"
"2026","Oregon","GO0095","Total single-function special district governments","State and Local","985"
"2012","Pennsylvania","GO0009","Total Local Government Units - Special Purpose Governments - Special District Governments","State and Local","1,756"
"2017","Pennsylvania","GO0009","Total Local Government Units - Special Purpose Governments - Special District Governments","State and Local","1,691"
"2022","Pennsylvania","GO0009","Total Local Government Units - Special Purpose Governments - Special District Governments","State and Local","1,712"
"2025","Pennsylvania","GO0009","Total Local Government Units - Special Purpose Governments - Special District Governments","State and Local","1,688"
"2026","Pennsylvania","GO0009","Total Local Government Units - Special Purpose Governments - Special District Governments","State and Local","1,697"
"2012","Pennsylvania","GO0070","Special District Governments  - Single-function - Air transportation","State and Local","41"
"2017","Pennsylvania","GO0070","Special District Governments  - Single-function - Air transportation","State and Local","40"
"2022","Pennsylvania","GO0070","Special District Governments  - Single-function - Air transportation","State and Local","39"
"2025","Pennsylvania","GO0070","Special District Governments  - Single-function - Air transportation","State and Local","38"
"2026","Pennsylvania","GO0070","Special District Governments  - Single-function - Air transportation","State and Local","38"
"2012","Pennsylvania","GO0072","Special District Governments  - Single-function - Drainage and flood control","State and Local","6"
"2017","Pennsylvania","GO0072","Special District Governments  - Single-function - Drainage and flood control","State and Local","5"
"2022","Pennsylvania","GO0072","Special District Governments  - Single-function - Drainage and flood control","State and Local","8"
"2025","Pennsylvania","GO0072","Special District Governments  - Single-function - Drainage and flood control","State and Local","8"
"2026","Pennsylvania","GO0072","Special District Governments  - Single-function - Drainage and flood control","State and Local","8"
"2012","Pennsylvania","GO0073","Special District Governments  - Single-function - Education","State and Local","38"
"2017","Pennsylvania","GO0073","Special District Governments  - Single-function - Education","State and Local","35"
"2022","Pennsylvania","GO0073","Special District Governments  - Single-function - Education","State and Local","35"
"2025","Pennsylvania","GO0073","Special District Governments  - Single-function - Education","State and Local","35"
"2026","Pennsylvania","GO0073","Special District Governments  - Single-function - Education","State and Local","35"
"2012","Pennsylvania","GO0075","Special District Governments  - Single-function - Health","State and Local","12"
"2017","Pennsylvania","GO0075","Special District Governments  - Single-function - Health","State and Local","11"
"2022","Pennsylvania","GO0075","Special District Governments  - Single-function - Health","State and Local","12"
"2025","Pennsylvania","GO0075","Special District Governments  - Single-function - Health","State and Local","12"
"2026","Pennsylvania","GO0075","Special District Governments  - Single-function - Health","State and Local","13"
"2012","Pennsylvania","GO0076","Special District Governments  - Single-function - Highways","State and Local","4"
"2017","Pennsylvania","GO0076","Special District Governments  - Single-function - Highways","State and Local","3"
"2022","Pennsylvania","GO0076","Special District Governments  - Single-function - Highways","State and Local","3"
"2025","Pennsylvania","GO0076","Special District Governments  - Single-function - Highways","State and Local","3"
"2026","Pennsylvania","GO0076","Special District Governments  - Single-function - Highways","State and Local","3"
"2012","Pennsylvania","GO0077","Special District Governments  - Single-function - Hospitals","State and Local","48"
"2017","Pennsylvania","GO0077","Special District Governments  - Single-function - Hospitals","State and Local","46"
"2022","Pennsylvania","GO0077","Special District Governments  - Single-function - Hospitals","State and Local","44"
"2025","Pennsylvania","GO0077","Special District Governments  - Single-function - Hospitals","State and Local","43"
"2026","Pennsylvania","GO0077","Special District Governments  - Single-function - Hospitals","State and Local","43"
"2012","Pennsylvania","GO0078","Special District Governments  - Single-function - Housing and community development","State and Local","90"
"2017","Pennsylvania","GO0078","Special District Governments  - Single-function - Housing and community development","State and Local","90"
"2022","Pennsylvania","GO0078","Special District Governments  - Single-function - Housing and community development","State and Local","88"
"2025","Pennsylvania","GO0078","Special District Governments  - Single-function - Housing and community development","State and Local","88"
"2026","Pennsylvania","GO0078","Special District Governments  - Single-function - Housing and community development","State and Local","88"
"2012","Pennsylvania","GO0079","Special District Governments  - Single-function - Industrial development and mortgage credit","State and Local","112"
"2017","Pennsylvania","GO0079","Special District Governments  - Single-function - Industrial development and mortgage credit","State and Local","108"
"2022","Pennsylvania","GO0079","Special District Governments  - Single-function - Industrial development and mortgage credit","State and Local","110"
"2025","Pennsylvania","GO0079","Special District Governments  - Single-function - Industrial development and mortgage credit","State and Local","107"
"2026","Pennsylvania","GO0079","Special District Governments  - Single-function - Industrial development and mortgage credit","State and Local","107"
"2012","Pennsylvania","GO0080","Special District Governments  - Single-function - Libraries","State and Local","6"
"2017","Pennsylvania","GO0080","Special District Governments  - Single-function - Libraries","State and Local","6"
"2022","Pennsylvania","GO0080","Special District Governments  - Single-function - Libraries","State and Local","6"
"2025","Pennsylvania","GO0080","Special District Governments  - Single-function - Libraries","State and Local","5"
"2026","Pennsylvania","GO0080","Special District Governments  - Single-function - Libraries","State and Local","5"
"2012","Pennsylvania","GO0081","Special District Governments - Multiple-function - Natural resources and water supply","State and Local","2"
"2017","Pennsylvania","GO0081","Special District Governments - Multiple-function - Natural resources and water supply","State and Local","1"
"2022","Pennsylvania","GO0081","Special District Governments - Multiple-function - Natural resources and water supply","State and Local","1"
"2025","Pennsylvania","GO0081","Special District Governments - Multiple-function - Natural resources and water supply","State and Local","1"
"2026","Pennsylvania","GO0081","Special District Governments - Multiple-function - Natural resources and water supply","State and Local","1"
"2012","Pennsylvania","GO0082","Special District Governments - Multiple-function - Other multiple function districts","State and Local","68"
"2017","Pennsylvania","GO0082","Special District Governments - Multiple-function - Other multiple function districts","State and Local","66"
"2022","Pennsylvania","GO0082","Special District Governments - Multiple-function - Other multiple function districts","State and Local","66"
"2025","Pennsylvania","GO0082","Special District Governments - Multiple-function - Other multiple function districts","State and Local","64"
"2026","Pennsylvania","GO0082","Special District Governments - Multiple-function - Other multiple function districts","State and Local","64"
"2012","Pennsylvania","GO0084","Special District Governments  - Single-function - Other single function districts","State and Local","47"
"2017","Pennsylvania","GO0084","Special District Governments  - Single-function - Other single function districts","State and Local","46"
"2022","Pennsylvania","GO0084","Special District Governments  - Single-function - Other single function districts","State and Local","54"
"2025","Pennsylvania","GO0084","Special District Governments  - Single-function - Other single function districts","State and Local","54"
"2026","Pennsylvania","GO0084","Special District Governments  - Single-function - Other single function districts","State and Local","54"
"2012","Pennsylvania","GO0085","Special District Governments  - Single-function - Other transportation","State and Local","33"
"2017","Pennsylvania","GO0085","Special District Governments  - Single-function - Other transportation","State and Local","28"
"2022","Pennsylvania","GO0085","Special District Governments  - Single-function - Other transportation","State and Local","28"
"2025","Pennsylvania","GO0085","Special District Governments  - Single-function - Other transportation","State and Local","25"
"2026","Pennsylvania","GO0085","Special District Governments  - Single-function - Other transportation","State and Local","25"
"2012","Pennsylvania","GO0086","Special District Governments  - Single-function - Other utility districts","State and Local","36"
"2017","Pennsylvania","GO0086","Special District Governments  - Single-function - Other utility districts","State and Local","37"
"2022","Pennsylvania","GO0086","Special District Governments  - Single-function - Other utility districts","State and Local","36"
"2025","Pennsylvania","GO0086","Special District Governments  - Single-function - Other utility districts","State and Local","35"
"2026","Pennsylvania","GO0086","Special District Governments  - Single-function - Other utility districts","State and Local","36"
"2012","Pennsylvania","GO0087","Special District Governments  - Single-function - Parks and recreation","State and Local","67"
"2017","Pennsylvania","GO0087","Special District Governments  - Single-function - Parks and recreation","State and Local","70"
"2022","Pennsylvania","GO0087","Special District Governments  - Single-function - Parks and recreation","State and Local","77"
"2025","Pennsylvania","GO0087","Special District Governments  - Single-function - Parks and recreation","State and Local","76"
"2026","Pennsylvania","GO0087","Special District Governments  - Single-function - Parks and recreation","State and Local","77"
"2012","Pennsylvania","GO0088","Special District Governments  - Single-function - Sewerage","State and Local","630"
"2017","Pennsylvania","GO0088","Special District Governments  - Single-function - Sewerage","State and Local","605"
"2022","Pennsylvania","GO0088","Special District Governments  - Single-function - Sewerage","State and Local","611"
"2025","Pennsylvania","GO0088","Special District Governments  - Single-function - Sewerage","State and Local","604"
"2026","Pennsylvania","GO0088","Special District Governments  - Single-function - Sewerage","State and Local","609"
"2012","Pennsylvania","GO0089","Special District Governments - Multiple-function - Sewerage and water supply","State and Local","229"
"2017","Pennsylvania","GO0089","Special District Governments - Multiple-function - Sewerage and water supply","State and Local","222"
"2022","Pennsylvania","GO0089","Special District Governments - Multiple-function - Sewerage and water supply","State and Local","222"
"2025","Pennsylvania","GO0089","Special District Governments - Multiple-function - Sewerage and water supply","State and Local","223"
"2026","Pennsylvania","GO0089","Special District Governments - Multiple-function - Sewerage and water supply","State and Local","224"
"2012","Pennsylvania","GO0091","Special District Governments  - Single-function - Solid waste management","State and Local","27"
"2017","Pennsylvania","GO0091","Special District Governments  - Single-function - Solid waste management","State and Local","27"
"2022","Pennsylvania","GO0091","Special District Governments  - Single-function - Solid waste management","State and Local","28"
"2025","Pennsylvania","GO0091","Special District Governments  - Single-function - Solid waste management","State and Local","27"
"2026","Pennsylvania","GO0091","Special District Governments  - Single-function - Solid waste management","State and Local","27"
"2012","Pennsylvania","GO0092","Total multiple-function special district governments","State and Local","299"
"2017","Pennsylvania","GO0092","Total multiple-function special district governments","State and Local","289"
"2022","Pennsylvania","GO0092","Total multiple-function special district governments","State and Local","289"
"2025","Pennsylvania","GO0092","Total multiple-function special district governments","State and Local","288"
"2026","Pennsylvania","GO0092","Total multiple-function special district governments","State and Local","289"
"2012","Pennsylvania","GO0093","Special District Governments  - Single-function - Water supply","State and Local","260"
"2017","Pennsylvania","GO0093","Special District Governments  - Single-function - Water supply","State and Local","245"
"2022","Pennsylvania","GO0093","Special District Governments  - Single-function - Water supply","State and Local","244"
"2025","Pennsylvania","GO0093","Special District Governments  - Single-function - Water supply","State and Local","240"
"2026","Pennsylvania","GO0093","Special District Governments  - Single-function - Water supply","State and Local","240"
"2012","Pennsylvania","GO0095","Total single-function special district governments","State and Local","1,457"
"2017","Pennsylvania","GO0095","Total single-function special district governments","State and Local","1,402"
"2022","Pennsylvania","GO0095","Total single-function special district governments","State and Local","1,423"
"2025","Pennsylvania","GO0095","Total single-function special district governments","State and Local","1,400"
"2026","Pennsylvania","GO0095","Total single-function special district governments","State and Local","1,408"
"2012","Rhode Island","GO0009","Total Local Government Units - Special Purpose Governments - Special District Governments","State and Local","90"
"2017","Rhode Island","GO0009","Total Local Government Units - Special Purpose Governments - Special District Governments","State and Local","86"
"2022","Rhode Island","GO0009","Total Local Government Units - Special Purpose Governments - Special District Governments","State and Local","84"
"2025","Rhode Island","GO0009","Total Local Government Units - Special Purpose Governments - Special District Governments","State and Local","85"
"2026","Rhode Island","GO0009","Total Local Government Units - Special Purpose Governments - Special District Governments","State and Local","85"
"2012","Rhode Island","GO0072","Special District Governments  - Single-function - Drainage and flood control","State and Local","1"
"2017","Rhode Island","GO0072","Special District Governments  - Single-function - Drainage and flood control","State and Local","2"
"2022","Rhode Island","GO0072","Special District Governments  - Single-function - Drainage and flood control","State and Local","2"
"2025","Rhode Island","GO0072","Special District Governments  - Single-function - Drainage and flood control","State and Local","2"
"2026","Rhode Island","GO0072","Special District Governments  - Single-function - Drainage and flood control","State and Local","2"
"2012","Rhode Island","GO0074","Special District Governments  - Single-function - Fire protection","State and Local","35"
"2017","Rhode Island","GO0074","Special District Governments  - Single-function - Fire protection","State and Local","31"
"2022","Rhode Island","GO0074","Special District Governments  - Single-function - Fire protection","State and Local","29"
"2025","Rhode Island","GO0074","Special District Governments  - Single-function - Fire protection","State and Local","29"
"2026","Rhode Island","GO0074","Special District Governments  - Single-function - Fire protection","State and Local","29"
"2012","Rhode Island","GO0076","Special District Governments  - Single-function - Highways","State and Local","1"
"2012","Rhode Island","GO0078","Special District Governments  - Single-function - Housing and community development","State and Local","26"
"2017","Rhode Island","GO0078","Special District Governments  - Single-function - Housing and community development","State and Local","26"
"2022","Rhode Island","GO0078","Special District Governments  - Single-function - Housing and community development","State and Local","26"
"2025","Rhode Island","GO0078","Special District Governments  - Single-function - Housing and community development","State and Local","26"
"2026","Rhode Island","GO0078","Special District Governments  - Single-function - Housing and community development","State and Local","26"
"2012","Rhode Island","GO0082","Special District Governments - Multiple-function - Other multiple function districts","State and Local","6"
"2017","Rhode Island","GO0082","Special District Governments - Multiple-function - Other multiple function districts","State and Local","6"
"2022","Rhode Island","GO0082","Special District Governments - Multiple-function - Other multiple function districts","State and Local","6"
"2025","Rhode Island","GO0082","Special District Governments - Multiple-function - Other multiple function districts","State and Local","7"
"2026","Rhode Island","GO0082","Special District Governments - Multiple-function - Other multiple function districts","State and Local","7"
"2012","Rhode Island","GO0084","Special District Governments  - Single-function - Other single function districts","State and Local","3"
"2017","Rhode Island","GO0084","Special District Governments  - Single-function - Other single function districts","State and Local","3"
"2022","Rhode Island","GO0084","Special District Governments  - Single-function - Other single function districts","State and Local","3"
"2025","Rhode Island","GO0084","Special District Governments  - Single-function - Other single function districts","State and Local","3"
"2026","Rhode Island","GO0084","Special District Governments  - Single-function - Other single function districts","State and Local","3"
"2022","Rhode Island","GO0086","Special District Governments  - Single-function - Other utility districts","State and Local","1"
"2025","Rhode Island","GO0086","Special District Governments  - Single-function - Other utility districts","State and Local","1"
"2026","Rhode Island","GO0086","Special District Governments  - Single-function - Other utility districts","State and Local","1"
"2012","Rhode Island","GO0088","Special District Governments  - Single-function - Sewerage","State and Local","1"
"2017","Rhode Island","GO0088","Special District Governments  - Single-function - Sewerage","State and Local","1"
"2022","Rhode Island","GO0088","Special District Governments  - Single-function - Sewerage","State and Local","1"
"2025","Rhode Island","GO0088","Special District Governments  - Single-function - Sewerage","State and Local","1"
"2026","Rhode Island","GO0088","Special District Governments  - Single-function - Sewerage","State and Local","1"
"2012","Rhode Island","GO0090","Special District Governments  - Single-function - Soil and water conservation","State and Local","3"
"2017","Rhode Island","GO0090","Special District Governments  - Single-function - Soil and water conservation","State and Local","3"
"2022","Rhode Island","GO0090","Special District Governments  - Single-function - Soil and water conservation","State and Local","3"
"2025","Rhode Island","GO0090","Special District Governments  - Single-function - Soil and water conservation","State and Local","3"
"2026","Rhode Island","GO0090","Special District Governments  - Single-function - Soil and water conservation","State and Local","3"
"2012","Rhode Island","GO0092","Total multiple-function special district governments","State and Local","6"
"2017","Rhode Island","GO0092","Total multiple-function special district governments","State and Local","6"
"2022","Rhode Island","GO0092","Total multiple-function special district governments","State and Local","6"
"2025","Rhode Island","GO0092","Total multiple-function special district governments","State and Local","7"
"2026","Rhode Island","GO0092","Total multiple-function special district governments","State and Local","7"
"2012","Rhode Island","GO0093","Special District Governments  - Single-function - Water supply","State and Local","14"
"2017","Rhode Island","GO0093","Special District Governments  - Single-function - Water supply","State and Local","14"
"2022","Rhode Island","GO0093","Special District Governments  - Single-function - Water supply","State and Local","13"
"2025","Rhode Island","GO0093","Special District Governments  - Single-function - Water supply","State and Local","13"
"2026","Rhode Island","GO0093","Special District Governments  - Single-function - Water supply","State and Local","13"
"2012","Rhode Island","GO0095","Total single-function special district governments","State and Local","84"
"2017","Rhode Island","GO0095","Total single-function special district governments","State and Local","80"
"2022","Rhode Island","GO0095","Total single-function special district governments","State and Local","78"
"2025","Rhode Island","GO0095","Total single-function special district governments","State and Local","78"
"2026","Rhode Island","GO0095","Total single-function special district governments","State and Local","78"
"2012","South Carolina","GO0009","Total Local Government Units - Special Purpose Governments - Special District Governments","State and Local","279"
"2017","South Carolina","GO0009","Total Local Government Units - Special Purpose Governments - Special District Governments","State and Local","274"
"2022","South Carolina","GO0009","Total Local Government Units - Special Purpose Governments - Special District Governments","State and Local","271"
"2025","South Carolina","GO0009","Total Local Government Units - Special Purpose Governments - Special District Governments","State and Local","263"
"2026","South Carolina","GO0009","Total Local Government Units - Special Purpose Governments - Special District Governments","State and Local","262"
"2012","South Carolina","GO0070","Special District Governments  - Single-function - Air transportation","State and Local","5"
"2017","South Carolina","GO0070","Special District Governments  - Single-function - Air transportation","State and Local","5"
"2022","South Carolina","GO0070","Special District Governments  - Single-function - Air transportation","State and Local","5"
"2025","South Carolina","GO0070","Special District Governments  - Single-function - Air transportation","State and Local","5"
"2026","South Carolina","GO0070","Special District Governments  - Single-function - Air transportation","State and Local","5"
"2012","South Carolina","GO0074","Special District Governments  - Single-function - Fire protection","State and Local","65"
"2017","South Carolina","GO0074","Special District Governments  - Single-function - Fire protection","State and Local","64"
"2022","South Carolina","GO0074","Special District Governments  - Single-function - Fire protection","State and Local","62"
"2025","South Carolina","GO0074","Special District Governments  - Single-function - Fire protection","State and Local","62"
"2026","South Carolina","GO0074","Special District Governments  - Single-function - Fire protection","State and Local","61"
"2017","South Carolina","GO0075","Special District Governments  - Single-function - Health","State and Local","1"
"2012","South Carolina","GO0076","Special District Governments  - Single-function - Highways","State and Local","1"
"2012","South Carolina","GO0077","Special District Governments  - Single-function - Hospitals","State and Local","9"
"2017","South Carolina","GO0077","Special District Governments  - Single-function - Hospitals","State and Local","7"
"2022","South Carolina","GO0077","Special District Governments  - Single-function - Hospitals","State and Local","7"
"2025","South Carolina","GO0077","Special District Governments  - Single-function - Hospitals","State and Local","5"
"2026","South Carolina","GO0077","Special District Governments  - Single-function - Hospitals","State and Local","5"
"2012","South Carolina","GO0078","Special District Governments  - Single-function - Housing and community development","State and Local","42"
"2017","South Carolina","GO0078","Special District Governments  - Single-function - Housing and community development","State and Local","42"
"2022","South Carolina","GO0078","Special District Governments  - Single-function - Housing and community development","State and Local","42"
"2025","South Carolina","GO0078","Special District Governments  - Single-function - Housing and community development","State and Local","42"
"2026","South Carolina","GO0078","Special District Governments  - Single-function - Housing and community development","State and Local","42"
"2012","South Carolina","GO0081","Special District Governments - Multiple-function - Natural resources and water supply","State and Local","1"
"2017","South Carolina","GO0081","Special District Governments - Multiple-function - Natural resources and water supply","State and Local","1"
"2022","South Carolina","GO0081","Special District Governments - Multiple-function - Natural resources and water supply","State and Local","1"
"2025","South Carolina","GO0081","Special District Governments - Multiple-function - Natural resources and water supply","State and Local","1"
"2026","South Carolina","GO0081","Special District Governments - Multiple-function - Natural resources and water supply","State and Local","1"
"2012","South Carolina","GO0082","Special District Governments - Multiple-function - Other multiple function districts","State and Local","21"
"2017","South Carolina","GO0082","Special District Governments - Multiple-function - Other multiple function districts","State and Local","21"
"2022","South Carolina","GO0082","Special District Governments - Multiple-function - Other multiple function districts","State and Local","21"
"2025","South Carolina","GO0082","Special District Governments - Multiple-function - Other multiple function districts","State and Local","15"
"2026","South Carolina","GO0082","Special District Governments - Multiple-function - Other multiple function districts","State and Local","15"
"2012","South Carolina","GO0086","Special District Governments  - Single-function - Other utility districts","State and Local","14"
"2017","South Carolina","GO0086","Special District Governments  - Single-function - Other utility districts","State and Local","14"
"2022","South Carolina","GO0086","Special District Governments  - Single-function - Other utility districts","State and Local","14"
"2025","South Carolina","GO0086","Special District Governments  - Single-function - Other utility districts","State and Local","14"
"2026","South Carolina","GO0086","Special District Governments  - Single-function - Other utility districts","State and Local","14"
"2012","South Carolina","GO0087","Special District Governments  - Single-function - Parks and recreation","State and Local","13"
"2017","South Carolina","GO0087","Special District Governments  - Single-function - Parks and recreation","State and Local","11"
"2022","South Carolina","GO0087","Special District Governments  - Single-function - Parks and recreation","State and Local","11"
"2025","South Carolina","GO0087","Special District Governments  - Single-function - Parks and recreation","State and Local","11"
"2026","South Carolina","GO0087","Special District Governments  - Single-function - Parks and recreation","State and Local","11"
"2012","South Carolina","GO0088","Special District Governments  - Single-function - Sewerage","State and Local","8"
"2017","South Carolina","GO0088","Special District Governments  - Single-function - Sewerage","State and Local","8"
"2022","South Carolina","GO0088","Special District Governments  - Single-function - Sewerage","State and Local","8"
"2025","South Carolina","GO0088","Special District Governments  - Single-function - Sewerage","State and Local","8"
"2026","South Carolina","GO0088","Special District Governments  - Single-function - Sewerage","State and Local","8"
"2012","South Carolina","GO0089","Special District Governments - Multiple-function - Sewerage and water supply","State and Local","18"
"2017","South Carolina","GO0089","Special District Governments - Multiple-function - Sewerage and water supply","State and Local","18"
"2022","South Carolina","GO0089","Special District Governments - Multiple-function - Sewerage and water supply","State and Local","18"
"2025","South Carolina","GO0089","Special District Governments - Multiple-function - Sewerage and water supply","State and Local","18"
"2026","South Carolina","GO0089","Special District Governments - Multiple-function - Sewerage and water supply","State and Local","18"
"2012","South Carolina","GO0090","Special District Governments  - Single-function - Soil and water conservation","State and Local","45"
"2017","South Carolina","GO0090","Special District Governments  - Single-function - Soil and water conservation","State and Local","45"
"2022","South Carolina","GO0090","Special District Governments  - Single-function - Soil and water conservation","State and Local","45"
"2025","South Carolina","GO0090","Special District Governments  - Single-function - Soil and water conservation","State and Local","45"
"2026","South Carolina","GO0090","Special District Governments  - Single-function - Soil and water conservation","State and Local","45"
"2012","South Carolina","GO0091","Special District Governments  - Single-function - Solid waste management","State and Local","1"
"2017","South Carolina","GO0091","Special District Governments  - Single-function - Solid waste management","State and Local","1"
"2022","South Carolina","GO0091","Special District Governments  - Single-function - Solid waste management","State and Local","1"
"2025","South Carolina","GO0091","Special District Governments  - Single-function - Solid waste management","State and Local","1"
"2026","South Carolina","GO0091","Special District Governments  - Single-function - Solid waste management","State and Local","1"
"2012","South Carolina","GO0092","Total multiple-function special district governments","State and Local","40"
"2017","South Carolina","GO0092","Total multiple-function special district governments","State and Local","40"
"2022","South Carolina","GO0092","Total multiple-function special district governments","State and Local","40"
"2025","South Carolina","GO0092","Total multiple-function special district governments","State and Local","34"
"2026","South Carolina","GO0092","Total multiple-function special district governments","State and Local","34"
"2012","South Carolina","GO0093","Special District Governments  - Single-function - Water supply","State and Local","36"
"2017","South Carolina","GO0093","Special District Governments  - Single-function - Water supply","State and Local","36"
"2022","South Carolina","GO0093","Special District Governments  - Single-function - Water supply","State and Local","36"
"2025","South Carolina","GO0093","Special District Governments  - Single-function - Water supply","State and Local","36"
"2026","South Carolina","GO0093","Special District Governments  - Single-function - Water supply","State and Local","36"
"2012","South Carolina","GO0095","Total single-function special district governments","State and Local","239"
"2017","South Carolina","GO0095","Total single-function special district governments","State and Local","234"
"2022","South Carolina","GO0095","Total single-function special district governments","State and Local","231"
"2025","South Carolina","GO0095","Total single-function special district governments","State and Local","229"
"2026","South Carolina","GO0095","Total single-function special district governments","State and Local","228"
"2012","South Dakota","GO0009","Total Local Government Units - Special Purpose Governments - Special District Governments","State and Local","547"
"2017","South Dakota","GO0009","Total Local Government Units - Special Purpose Governments - Special District Governments","State and Local","487"
"2022","South Dakota","GO0009","Total Local Government Units - Special Purpose Governments - Special District Governments","State and Local","478"
"2025","South Dakota","GO0009","Total Local Government Units - Special Purpose Governments - Special District Governments","State and Local","472"
"2026","South Dakota","GO0009","Total Local Government Units - Special Purpose Governments - Special District Governments","State and Local","471"
"2012","South Dakota","GO0070","Special District Governments  - Single-function - Air transportation","State and Local","1"
"2017","South Dakota","GO0070","Special District Governments  - Single-function - Air transportation","State and Local","1"
"2022","South Dakota","GO0070","Special District Governments  - Single-function - Air transportation","State and Local","1"
"2025","South Dakota","GO0070","Special District Governments  - Single-function - Air transportation","State and Local","1"
"2026","South Dakota","GO0070","Special District Governments  - Single-function - Air transportation","State and Local","1"
"2012","South Dakota","GO0072","Special District Governments  - Single-function - Drainage and flood control","State and Local","16"
"2017","South Dakota","GO0072","Special District Governments  - Single-function - Drainage and flood control","State and Local","15"
"2022","South Dakota","GO0072","Special District Governments  - Single-function - Drainage and flood control","State and Local","15"
"2025","South Dakota","GO0072","Special District Governments  - Single-function - Drainage and flood control","State and Local","15"
"2026","South Dakota","GO0072","Special District Governments  - Single-function - Drainage and flood control","State and Local","15"
"2012","South Dakota","GO0074","Special District Governments  - Single-function - Fire protection","State and Local","83"
"2017","South Dakota","GO0074","Special District Governments  - Single-function - Fire protection","State and Local","80"
"2022","South Dakota","GO0074","Special District Governments  - Single-function - Fire protection","State and Local","78"
"2025","South Dakota","GO0074","Special District Governments  - Single-function - Fire protection","State and Local","78"
"2026","South Dakota","GO0074","Special District Governments  - Single-function - Fire protection","State and Local","78"
"2012","South Dakota","GO0075","Special District Governments  - Single-function - Health","State and Local","22"
"2017","South Dakota","GO0075","Special District Governments  - Single-function - Health","State and Local","21"
"2022","South Dakota","GO0075","Special District Governments  - Single-function - Health","State and Local","21"
"2025","South Dakota","GO0075","Special District Governments  - Single-function - Health","State and Local","21"
"2026","South Dakota","GO0075","Special District Governments  - Single-function - Health","State and Local","21"
"2012","South Dakota","GO0076","Special District Governments  - Single-function - Highways","State and Local","204"
"2017","South Dakota","GO0076","Special District Governments  - Single-function - Highways","State and Local","200"
"2022","South Dakota","GO0076","Special District Governments  - Single-function - Highways","State and Local","198"
"2025","South Dakota","GO0076","Special District Governments  - Single-function - Highways","State and Local","196"
"2026","South Dakota","GO0076","Special District Governments  - Single-function - Highways","State and Local","195"
"2012","South Dakota","GO0078","Special District Governments  - Single-function - Housing and community development","State and Local","46"
"2017","South Dakota","GO0078","Special District Governments  - Single-function - Housing and community development","State and Local","1"
"2012","South Dakota","GO0081","Special District Governments - Multiple-function - Natural resources and water supply","State and Local","11"
"2017","South Dakota","GO0081","Special District Governments - Multiple-function - Natural resources and water supply","State and Local","8"
"2022","South Dakota","GO0081","Special District Governments - Multiple-function - Natural resources and water supply","State and Local","7"
"2025","South Dakota","GO0081","Special District Governments - Multiple-function - Natural resources and water supply","State and Local","7"
"2026","South Dakota","GO0081","Special District Governments - Multiple-function - Natural resources and water supply","State and Local","7"
"2012","South Dakota","GO0082","Special District Governments - Multiple-function - Other multiple function districts","State and Local","7"
"2017","South Dakota","GO0082","Special District Governments - Multiple-function - Other multiple function districts","State and Local","6"
"2022","South Dakota","GO0082","Special District Governments - Multiple-function - Other multiple function districts","State and Local","6"
"2025","South Dakota","GO0082","Special District Governments - Multiple-function - Other multiple function districts","State and Local","5"
"2026","South Dakota","GO0082","Special District Governments - Multiple-function - Other multiple function districts","State and Local","5"
"2012","South Dakota","GO0083","Special District Governments  - Single-function - Other natural resources","State and Local","18"
"2017","South Dakota","GO0083","Special District Governments  - Single-function - Other natural resources","State and Local","19"
"2022","South Dakota","GO0083","Special District Governments  - Single-function - Other natural resources","State and Local","17"
"2025","South Dakota","GO0083","Special District Governments  - Single-function - Other natural resources","State and Local","17"
"2026","South Dakota","GO0083","Special District Governments  - Single-function - Other natural resources","State and Local","17"
"2012","South Dakota","GO0084","Special District Governments  - Single-function - Other single function districts","State and Local","19"
"2017","South Dakota","GO0084","Special District Governments  - Single-function - Other single function districts","State and Local","17"
"2022","South Dakota","GO0084","Special District Governments  - Single-function - Other single function districts","State and Local","15"
"2025","South Dakota","GO0084","Special District Governments  - Single-function - Other single function districts","State and Local","14"
"2026","South Dakota","GO0084","Special District Governments  - Single-function - Other single function districts","State and Local","14"
"2012","South Dakota","GO0086","Special District Governments  - Single-function - Other utility districts","State and Local","2"
"2017","South Dakota","GO0086","Special District Governments  - Single-function - Other utility districts","State and Local","2"
"2022","South Dakota","GO0086","Special District Governments  - Single-function - Other utility districts","State and Local","2"
"2025","South Dakota","GO0086","Special District Governments  - Single-function - Other utility districts","State and Local","2"
"2026","South Dakota","GO0086","Special District Governments  - Single-function - Other utility districts","State and Local","2"
"2012","South Dakota","GO0088","Special District Governments  - Single-function - Sewerage","State and Local","26"
"2017","South Dakota","GO0088","Special District Governments  - Single-function - Sewerage","State and Local","25"
"2022","South Dakota","GO0088","Special District Governments  - Single-function - Sewerage","State and Local","25"
"2025","South Dakota","GO0088","Special District Governments  - Single-function - Sewerage","State and Local","24"
"2026","South Dakota","GO0088","Special District Governments  - Single-function - Sewerage","State and Local","24"
"2012","South Dakota","GO0089","Special District Governments - Multiple-function - Sewerage and water supply","State and Local","6"
"2017","South Dakota","GO0089","Special District Governments - Multiple-function - Sewerage and water supply","State and Local","6"
"2022","South Dakota","GO0089","Special District Governments - Multiple-function - Sewerage and water supply","State and Local","6"
"2025","South Dakota","GO0089","Special District Governments - Multiple-function - Sewerage and water supply","State and Local","6"
"2026","South Dakota","GO0089","Special District Governments - Multiple-function - Sewerage and water supply","State and Local","6"
"2012","South Dakota","GO0090","Special District Governments  - Single-function - Soil and water conservation","State and Local","71"
"2017","South Dakota","GO0090","Special District Governments  - Single-function - Soil and water conservation","State and Local","71"
"2022","South Dakota","GO0090","Special District Governments  - Single-function - Soil and water conservation","State and Local","71"
"2025","South Dakota","GO0090","Special District Governments  - Single-function - Soil and water conservation","State and Local","70"
"2026","South Dakota","GO0090","Special District Governments  - Single-function - Soil and water conservation","State and Local","70"
"2012","South Dakota","GO0091","Special District Governments  - Single-function - Solid waste management","State and Local","4"
"2017","South Dakota","GO0091","Special District Governments  - Single-function - Solid waste management","State and Local","4"
"2022","South Dakota","GO0091","Special District Governments  - Single-function - Solid waste management","State and Local","4"
"2025","South Dakota","GO0091","Special District Governments  - Single-function - Solid waste management","State and Local","4"
"2026","South Dakota","GO0091","Special District Governments  - Single-function - Solid waste management","State and Local","4"
"2012","South Dakota","GO0092","Total multiple-function special district governments","State and Local","24"
"2017","South Dakota","GO0092","Total multiple-function special district governments","State and Local","20"
"2022","South Dakota","GO0092","Total multiple-function special district governments","State and Local","19"
"2025","South Dakota","GO0092","Total multiple-function special district governments","State and Local","18"
"2026","South Dakota","GO0092","Total multiple-function special district governments","State and Local","18"
"2012","South Dakota","GO0093","Special District Governments  - Single-function - Water supply","State and Local","11"
"2017","South Dakota","GO0093","Special District Governments  - Single-function - Water supply","State and Local","11"
"2022","South Dakota","GO0093","Special District Governments  - Single-function - Water supply","State and Local","12"
"2025","South Dakota","GO0093","Special District Governments  - Single-function - Water supply","State and Local","12"
"2026","South Dakota","GO0093","Special District Governments  - Single-function - Water supply","State and Local","12"
"2012","South Dakota","GO0095","Total single-function special district governments","State and Local","523"
"2017","South Dakota","GO0095","Total single-function special district governments","State and Local","467"
"2022","South Dakota","GO0095","Total single-function special district governments","State and Local","459"
"2025","South Dakota","GO0095","Total single-function special district governments","State and Local","454"
"2026","South Dakota","GO0095","Total single-function special district governments","State and Local","453"
"2012","Tennessee","GO0009","Total Local Government Units - Special Purpose Governments - Special District Governments","State and Local","465"
"2017","Tennessee","GO0009","Total Local Government Units - Special Purpose Governments - Special District Governments","State and Local","455"
"2022","Tennessee","GO0009","Total Local Government Units - Special Purpose Governments - Special District Governments","State and Local","451"
"2025","Tennessee","GO0009","Total Local Government Units - Special Purpose Governments - Special District Governments","State and Local","451"
"2026","Tennessee","GO0009","Total Local Government Units - Special Purpose Governments - Special District Governments","State and Local","451"
"2012","Tennessee","GO0070","Special District Governments  - Single-function - Air transportation","State and Local","23"
"2017","Tennessee","GO0070","Special District Governments  - Single-function - Air transportation","State and Local","24"
"2022","Tennessee","GO0070","Special District Governments  - Single-function - Air transportation","State and Local","24"
"2025","Tennessee","GO0070","Special District Governments  - Single-function - Air transportation","State and Local","24"
"2026","Tennessee","GO0070","Special District Governments  - Single-function - Air transportation","State and Local","24"
"2012","Tennessee","GO0072","Special District Governments  - Single-function - Drainage and flood control","State and Local","10"
"2017","Tennessee","GO0072","Special District Governments  - Single-function - Drainage and flood control","State and Local","10"
"2022","Tennessee","GO0072","Special District Governments  - Single-function - Drainage and flood control","State and Local","10"
"2025","Tennessee","GO0072","Special District Governments  - Single-function - Drainage and flood control","State and Local","9"
"2026","Tennessee","GO0072","Special District Governments  - Single-function - Drainage and flood control","State and Local","9"
"2012","Tennessee","GO0074","Special District Governments  - Single-function - Fire protection","State and Local","1"
"2017","Tennessee","GO0074","Special District Governments  - Single-function - Fire protection","State and Local","1"
"2022","Tennessee","GO0074","Special District Governments  - Single-function - Fire protection","State and Local","1"
"2025","Tennessee","GO0074","Special District Governments  - Single-function - Fire protection","State and Local","1"
"2026","Tennessee","GO0074","Special District Governments  - Single-function - Fire protection","State and Local","1"
"2012","Tennessee","GO0078","Special District Governments  - Single-function - Housing and community development","State and Local","96"
"2017","Tennessee","GO0078","Special District Governments  - Single-function - Housing and community development","State and Local","93"
"2022","Tennessee","GO0078","Special District Governments  - Single-function - Housing and community development","State and Local","92"
"2025","Tennessee","GO0078","Special District Governments  - Single-function - Housing and community development","State and Local","92"
"2026","Tennessee","GO0078","Special District Governments  - Single-function - Housing and community development","State and Local","92"
"2012","Tennessee","GO0079","Special District Governments  - Single-function - Industrial development and mortgage credit","State and Local","1"
"2017","Tennessee","GO0079","Special District Governments  - Single-function - Industrial development and mortgage credit","State and Local","1"
"2022","Tennessee","GO0079","Special District Governments  - Single-function - Industrial development and mortgage credit","State and Local","1"
"2025","Tennessee","GO0079","Special District Governments  - Single-function - Industrial development and mortgage credit","State and Local","1"
"2026","Tennessee","GO0079","Special District Governments  - Single-function - Industrial development and mortgage credit","State and Local","1"
"2012","Tennessee","GO0082","Special District Governments - Multiple-function - Other multiple function districts","State and Local","15"
"2017","Tennessee","GO0082","Special District Governments - Multiple-function - Other multiple function districts","State and Local","15"
"2022","Tennessee","GO0082","Special District Governments - Multiple-function - Other multiple function districts","State and Local","15"
"2025","Tennessee","GO0082","Special District Governments - Multiple-function - Other multiple function districts","State and Local","16"
"2026","Tennessee","GO0082","Special District Governments - Multiple-function - Other multiple function districts","State and Local","16"
"2012","Tennessee","GO0083","Special District Governments  - Single-function - Other natural resources","State and Local","2"
"2017","Tennessee","GO0083","Special District Governments  - Single-function - Other natural resources","State and Local","1"
"2022","Tennessee","GO0083","Special District Governments  - Single-function - Other natural resources","State and Local","1"
"2025","Tennessee","GO0083","Special District Governments  - Single-function - Other natural resources","State and Local","1"
"2026","Tennessee","GO0083","Special District Governments  - Single-function - Other natural resources","State and Local","1"
"2012","Tennessee","GO0084","Special District Governments  - Single-function - Other single function districts","State and Local","18"
"2017","Tennessee","GO0084","Special District Governments  - Single-function - Other single function districts","State and Local","19"
"2022","Tennessee","GO0084","Special District Governments  - Single-function - Other single function districts","State and Local","18"
"2025","Tennessee","GO0084","Special District Governments  - Single-function - Other single function districts","State and Local","18"
"2026","Tennessee","GO0084","Special District Governments  - Single-function - Other single function districts","State and Local","18"
"2012","Tennessee","GO0085","Special District Governments  - Single-function - Other transportation","State and Local","3"
"2017","Tennessee","GO0085","Special District Governments  - Single-function - Other transportation","State and Local","3"
"2022","Tennessee","GO0085","Special District Governments  - Single-function - Other transportation","State and Local","3"
"2025","Tennessee","GO0085","Special District Governments  - Single-function - Other transportation","State and Local","3"
"2026","Tennessee","GO0085","Special District Governments  - Single-function - Other transportation","State and Local","3"
"2012","Tennessee","GO0086","Special District Governments  - Single-function - Other utility districts","State and Local","26"
"2017","Tennessee","GO0086","Special District Governments  - Single-function - Other utility districts","State and Local","25"
"2022","Tennessee","GO0086","Special District Governments  - Single-function - Other utility districts","State and Local","24"
"2025","Tennessee","GO0086","Special District Governments  - Single-function - Other utility districts","State and Local","24"
"2026","Tennessee","GO0086","Special District Governments  - Single-function - Other utility districts","State and Local","24"
"2022","Tennessee","GO0087","Special District Governments  - Single-function - Parks and recreation","State and Local","1"
"2025","Tennessee","GO0087","Special District Governments  - Single-function - Parks and recreation","State and Local","1"
"2026","Tennessee","GO0087","Special District Governments  - Single-function - Parks and recreation","State and Local","1"
"2012","Tennessee","GO0088","Special District Governments  - Single-function - Sewerage","State and Local","2"
"2017","Tennessee","GO0088","Special District Governments  - Single-function - Sewerage","State and Local","3"
"2022","Tennessee","GO0088","Special District Governments  - Single-function - Sewerage","State and Local","2"
"2025","Tennessee","GO0088","Special District Governments  - Single-function - Sewerage","State and Local","2"
"2026","Tennessee","GO0088","Special District Governments  - Single-function - Sewerage","State and Local","2"
"2012","Tennessee","GO0089","Special District Governments - Multiple-function - Sewerage and water supply","State and Local","13"
"2017","Tennessee","GO0089","Special District Governments - Multiple-function - Sewerage and water supply","State and Local","12"
"2022","Tennessee","GO0089","Special District Governments - Multiple-function - Sewerage and water supply","State and Local","14"
"2025","Tennessee","GO0089","Special District Governments - Multiple-function - Sewerage and water supply","State and Local","14"
"2026","Tennessee","GO0089","Special District Governments - Multiple-function - Sewerage and water supply","State and Local","14"
"2012","Tennessee","GO0090","Special District Governments  - Single-function - Soil and water conservation","State and Local","94"
"2017","Tennessee","GO0090","Special District Governments  - Single-function - Soil and water conservation","State and Local","94"
"2022","Tennessee","GO0090","Special District Governments  - Single-function - Soil and water conservation","State and Local","94"
"2025","Tennessee","GO0090","Special District Governments  - Single-function - Soil and water conservation","State and Local","94"
"2026","Tennessee","GO0090","Special District Governments  - Single-function - Soil and water conservation","State and Local","94"
"2012","Tennessee","GO0091","Special District Governments  - Single-function - Solid waste management","State and Local","4"
"2017","Tennessee","GO0091","Special District Governments  - Single-function - Solid waste management","State and Local","4"
"2022","Tennessee","GO0091","Special District Governments  - Single-function - Solid waste management","State and Local","4"
"2025","Tennessee","GO0091","Special District Governments  - Single-function - Solid waste management","State and Local","4"
"2026","Tennessee","GO0091","Special District Governments  - Single-function - Solid waste management","State and Local","4"
"2012","Tennessee","GO0092","Total multiple-function special district governments","State and Local","28"
"2017","Tennessee","GO0092","Total multiple-function special district governments","State and Local","27"
"2022","Tennessee","GO0092","Total multiple-function special district governments","State and Local","29"
"2025","Tennessee","GO0092","Total multiple-function special district governments","State and Local","30"
"2026","Tennessee","GO0092","Total multiple-function special district governments","State and Local","30"
"2012","Tennessee","GO0093","Special District Governments  - Single-function - Water supply","State and Local","157"
"2017","Tennessee","GO0093","Special District Governments  - Single-function - Water supply","State and Local","150"
"2022","Tennessee","GO0093","Special District Governments  - Single-function - Water supply","State and Local","147"
"2025","Tennessee","GO0093","Special District Governments  - Single-function - Water supply","State and Local","147"
"2026","Tennessee","GO0093","Special District Governments  - Single-function - Water supply","State and Local","147"
"2012","Tennessee","GO0095","Total single-function special district governments","State and Local","437"
"2017","Tennessee","GO0095","Total single-function special district governments","State and Local","428"
"2022","Tennessee","GO0095","Total single-function special district governments","State and Local","422"
"2025","Tennessee","GO0095","Total single-function special district governments","State and Local","421"
"2026","Tennessee","GO0095","Total single-function special district governments","State and Local","421"
"2012","Texas","GO0009","Total Local Government Units - Special Purpose Governments - Special District Governments","State and Local","2,600"
"2017","Texas","GO0009","Total Local Government Units - Special Purpose Governments - Special District Governments","State and Local","2,798"
"2022","Texas","GO0009","Total Local Government Units - Special Purpose Governments - Special District Governments","State and Local","2,984"
"2025","Texas","GO0009","Total Local Government Units - Special Purpose Governments - Special District Governments","State and Local","3,097"
"2026","Texas","GO0009","Total Local Government Units - Special Purpose Governments - Special District Governments","State and Local","3,247"
"2012","Texas","GO0072","Special District Governments  - Single-function - Drainage and flood control","State and Local","116"
"2017","Texas","GO0072","Special District Governments  - Single-function - Drainage and flood control","State and Local","116"
"2022","Texas","GO0072","Special District Governments  - Single-function - Drainage and flood control","State and Local","114"
"2025","Texas","GO0072","Special District Governments  - Single-function - Drainage and flood control","State and Local","114"
"2026","Texas","GO0072","Special District Governments  - Single-function - Drainage and flood control","State and Local","115"
"2012","Texas","GO0074","Special District Governments  - Single-function - Fire protection","State and Local","155"
"2017","Texas","GO0074","Special District Governments  - Single-function - Fire protection","State and Local","267"
"2022","Texas","GO0074","Special District Governments  - Single-function - Fire protection","State and Local","264"
"2025","Texas","GO0074","Special District Governments  - Single-function - Fire protection","State and Local","264"
"2026","Texas","GO0074","Special District Governments  - Single-function - Fire protection","State and Local","264"
"2012","Texas","GO0075","Special District Governments  - Single-function - Health","State and Local","65"
"2017","Texas","GO0075","Special District Governments  - Single-function - Health","State and Local","81"
"2022","Texas","GO0075","Special District Governments  - Single-function - Health","State and Local","67"
"2025","Texas","GO0075","Special District Governments  - Single-function - Health","State and Local","68"
"2026","Texas","GO0075","Special District Governments  - Single-function - Health","State and Local","69"
"2012","Texas","GO0076","Special District Governments  - Single-function - Highways","State and Local","3"
"2017","Texas","GO0076","Special District Governments  - Single-function - Highways","State and Local","3"
"2022","Texas","GO0076","Special District Governments  - Single-function - Highways","State and Local","3"
"2025","Texas","GO0076","Special District Governments  - Single-function - Highways","State and Local","3"
"2026","Texas","GO0076","Special District Governments  - Single-function - Highways","State and Local","3"
"2012","Texas","GO0077","Special District Governments  - Single-function - Hospitals","State and Local","108"
"2017","Texas","GO0077","Special District Governments  - Single-function - Hospitals","State and Local","106"
"2022","Texas","GO0077","Special District Governments  - Single-function - Hospitals","State and Local","120"
"2025","Texas","GO0077","Special District Governments  - Single-function - Hospitals","State and Local","119"
"2026","Texas","GO0077","Special District Governments  - Single-function - Hospitals","State and Local","119"
"2012","Texas","GO0078","Special District Governments  - Single-function - Housing and community development","State and Local","387"
"2017","Texas","GO0078","Special District Governments  - Single-function - Housing and community development","State and Local","384"
"2022","Texas","GO0078","Special District Governments  - Single-function - Housing and community development","State and Local","384"
"2025","Texas","GO0078","Special District Governments  - Single-function - Housing and community development","State and Local","380"
"2026","Texas","GO0078","Special District Governments  - Single-function - Housing and community development","State and Local","379"
"2012","Texas","GO0079","Special District Governments  - Single-function - Industrial development and mortgage credit","State and Local","13"
"2017","Texas","GO0079","Special District Governments  - Single-function - Industrial development and mortgage credit","State and Local","13"
"2022","Texas","GO0079","Special District Governments  - Single-function - Industrial development and mortgage credit","State and Local","16"
"2025","Texas","GO0079","Special District Governments  - Single-function - Industrial development and mortgage credit","State and Local","16"
"2026","Texas","GO0079","Special District Governments  - Single-function - Industrial development and mortgage credit","State and Local","16"
"2012","Texas","GO0080","Special District Governments  - Single-function - Libraries","State and Local","15"
"2017","Texas","GO0080","Special District Governments  - Single-function - Libraries","State and Local","15"
"2022","Texas","GO0080","Special District Governments  - Single-function - Libraries","State and Local","16"
"2025","Texas","GO0080","Special District Governments  - Single-function - Libraries","State and Local","16"
"2026","Texas","GO0080","Special District Governments  - Single-function - Libraries","State and Local","16"
"2012","Texas","GO0081","Special District Governments - Multiple-function - Natural resources and water supply","State and Local","10"
"2017","Texas","GO0081","Special District Governments - Multiple-function - Natural resources and water supply","State and Local","8"
"2022","Texas","GO0081","Special District Governments - Multiple-function - Natural resources and water supply","State and Local","9"
"2025","Texas","GO0081","Special District Governments - Multiple-function - Natural resources and water supply","State and Local","9"
"2026","Texas","GO0081","Special District Governments - Multiple-function - Natural resources and water supply","State and Local","9"
"2012","Texas","GO0082","Special District Governments - Multiple-function - Other multiple function districts","State and Local","645"
"2017","Texas","GO0082","Special District Governments - Multiple-function - Other multiple function districts","State and Local","820"
"2022","Texas","GO0082","Special District Governments - Multiple-function - Other multiple function districts","State and Local","1,000"
"2025","Texas","GO0082","Special District Governments - Multiple-function - Other multiple function districts","State and Local","1,116"
"2026","Texas","GO0082","Special District Governments - Multiple-function - Other multiple function districts","State and Local","1,233"
"2012","Texas","GO0083","Special District Governments  - Single-function - Other natural resources","State and Local","104"
"2017","Texas","GO0083","Special District Governments  - Single-function - Other natural resources","State and Local","103"
"2022","Texas","GO0083","Special District Governments  - Single-function - Other natural resources","State and Local","107"
"2025","Texas","GO0083","Special District Governments  - Single-function - Other natural resources","State and Local","106"
"2026","Texas","GO0083","Special District Governments  - Single-function - Other natural resources","State and Local","111"
"2012","Texas","GO0084","Special District Governments  - Single-function - Other single function districts","State and Local","28"
"2017","Texas","GO0084","Special District Governments  - Single-function - Other single function districts","State and Local","28"
"2022","Texas","GO0084","Special District Governments  - Single-function - Other single function districts","State and Local","29"
"2025","Texas","GO0084","Special District Governments  - Single-function - Other single function districts","State and Local","28"
"2026","Texas","GO0084","Special District Governments  - Single-function - Other single function districts","State and Local","28"
"2012","Texas","GO0085","Special District Governments  - Single-function - Other transportation","State and Local","19"
"2017","Texas","GO0085","Special District Governments  - Single-function - Other transportation","State and Local","19"
"2022","Texas","GO0085","Special District Governments  - Single-function - Other transportation","State and Local","20"
"2025","Texas","GO0085","Special District Governments  - Single-function - Other transportation","State and Local","20"
"2026","Texas","GO0085","Special District Governments  - Single-function - Other transportation","State and Local","20"
"2012","Texas","GO0086","Special District Governments  - Single-function - Other utility districts","State and Local","39"
"2017","Texas","GO0086","Special District Governments  - Single-function - Other utility districts","State and Local","34"
"2022","Texas","GO0086","Special District Governments  - Single-function - Other utility districts","State and Local","34"
"2025","Texas","GO0086","Special District Governments  - Single-function - Other utility districts","State and Local","33"
"2026","Texas","GO0086","Special District Governments  - Single-function - Other utility districts","State and Local","33"
"2012","Texas","GO0087","Special District Governments  - Single-function - Parks and recreation","State and Local","8"
"2017","Texas","GO0087","Special District Governments  - Single-function - Parks and recreation","State and Local","7"
"2022","Texas","GO0087","Special District Governments  - Single-function - Parks and recreation","State and Local","7"
"2025","Texas","GO0087","Special District Governments  - Single-function - Parks and recreation","State and Local","7"
"2026","Texas","GO0087","Special District Governments  - Single-function - Parks and recreation","State and Local","7"
"2012","Texas","GO0088","Special District Governments  - Single-function - Sewerage","State and Local","12"
"2017","Texas","GO0088","Special District Governments  - Single-function - Sewerage","State and Local","12"
"2022","Texas","GO0088","Special District Governments  - Single-function - Sewerage","State and Local","12"
"2025","Texas","GO0088","Special District Governments  - Single-function - Sewerage","State and Local","12"
"2026","Texas","GO0088","Special District Governments  - Single-function - Sewerage","State and Local","12"
"2012","Texas","GO0089","Special District Governments - Multiple-function - Sewerage and water supply","State and Local","454"
"2017","Texas","GO0089","Special District Governments - Multiple-function - Sewerage and water supply","State and Local","379"
"2022","Texas","GO0089","Special District Governments - Multiple-function - Sewerage and water supply","State and Local","384"
"2025","Texas","GO0089","Special District Governments - Multiple-function - Sewerage and water supply","State and Local","388"
"2026","Texas","GO0089","Special District Governments - Multiple-function - Sewerage and water supply","State and Local","409"
"2012","Texas","GO0090","Special District Governments  - Single-function - Soil and water conservation","State and Local","215"
"2017","Texas","GO0090","Special District Governments  - Single-function - Soil and water conservation","State and Local","216"
"2022","Texas","GO0090","Special District Governments  - Single-function - Soil and water conservation","State and Local","216"
"2025","Texas","GO0090","Special District Governments  - Single-function - Soil and water conservation","State and Local","216"
"2026","Texas","GO0090","Special District Governments  - Single-function - Soil and water conservation","State and Local","216"
"2012","Texas","GO0091","Special District Governments  - Single-function - Solid waste management","State and Local","2"
"2017","Texas","GO0091","Special District Governments  - Single-function - Solid waste management","State and Local","2"
"2022","Texas","GO0091","Special District Governments  - Single-function - Solid waste management","State and Local","2"
"2025","Texas","GO0091","Special District Governments  - Single-function - Solid waste management","State and Local","2"
"2026","Texas","GO0091","Special District Governments  - Single-function - Solid waste management","State and Local","2"
"2012","Texas","GO0092","Total multiple-function special district governments","State and Local","1,109"
"2017","Texas","GO0092","Total multiple-function special district governments","State and Local","1,207"
"2022","Texas","GO0092","Total multiple-function special district governments","State and Local","1,393"
"2025","Texas","GO0092","Total multiple-function special district governments","State and Local","1,513"
"2026","Texas","GO0092","Total multiple-function special district governments","State and Local","1,651"
"2012","Texas","GO0093","Special District Governments  - Single-function - Water supply","State and Local","198"
"2017","Texas","GO0093","Special District Governments  - Single-function - Water supply","State and Local","181"
"2022","Texas","GO0093","Special District Governments  - Single-function - Water supply","State and Local","176"
"2025","Texas","GO0093","Special District Governments  - Single-function - Water supply","State and Local","176"
"2026","Texas","GO0093","Special District Governments  - Single-function - Water supply","State and Local","182"
"2012","Texas","GO0094","Special District Governments  - Single-function - Welfare","State and Local","4"
"2017","Texas","GO0094","Special District Governments  - Single-function - Welfare","State and Local","4"
"2022","Texas","GO0094","Special District Governments  - Single-function - Welfare","State and Local","4"
"2025","Texas","GO0094","Special District Governments  - Single-function - Welfare","State and Local","4"
"2026","Texas","GO0094","Special District Governments  - Single-function - Welfare","State and Local","4"
"2012","Texas","GO0095","Total single-function special district governments","State and Local","1,491"
"2017","Texas","GO0095","Total single-function special district governments","State and Local","1,591"
"2022","Texas","GO0095","Total single-function special district governments","State and Local","1,591"
"2025","Texas","GO0095","Total single-function special district governments","State and Local","1,584"
"2026","Texas","GO0095","Total single-function special district governments","State and Local","1,596"
"2012","Utah","GO0009","Total Local Government Units - Special Purpose Governments - Special District Governments","State and Local","307"
"2017","Utah","GO0009","Total Local Government Units - Special Purpose Governments - Special District Governments","State and Local","299"
"2022","Utah","GO0009","Total Local Government Units - Special Purpose Governments - Special District Governments","State and Local","308"
"2025","Utah","GO0009","Total Local Government Units - Special Purpose Governments - Special District Governments","State and Local","310"
"2026","Utah","GO0009","Total Local Government Units - Special Purpose Governments - Special District Governments","State and Local","310"
"2012","Utah","GO0071","Special District Governments  - Single-function - Cemeteries","State and Local","45"
"2017","Utah","GO0071","Special District Governments  - Single-function - Cemeteries","State and Local","45"
"2022","Utah","GO0071","Special District Governments  - Single-function - Cemeteries","State and Local","45"
"2025","Utah","GO0071","Special District Governments  - Single-function - Cemeteries","State and Local","45"
"2026","Utah","GO0071","Special District Governments  - Single-function - Cemeteries","State and Local","45"
"2012","Utah","GO0072","Special District Governments  - Single-function - Drainage and flood control","State and Local","22"
"2017","Utah","GO0072","Special District Governments  - Single-function - Drainage and flood control","State and Local","21"
"2022","Utah","GO0072","Special District Governments  - Single-function - Drainage and flood control","State and Local","21"
"2025","Utah","GO0072","Special District Governments  - Single-function - Drainage and flood control","State and Local","21"
"2026","Utah","GO0072","Special District Governments  - Single-function - Drainage and flood control","State and Local","21"
"2012","Utah","GO0074","Special District Governments  - Single-function - Fire protection","State and Local","12"
"2017","Utah","GO0074","Special District Governments  - Single-function - Fire protection","State and Local","12"
"2022","Utah","GO0074","Special District Governments  - Single-function - Fire protection","State and Local","12"
"2025","Utah","GO0074","Special District Governments  - Single-function - Fire protection","State and Local","12"
"2026","Utah","GO0074","Special District Governments  - Single-function - Fire protection","State and Local","12"
"2012","Utah","GO0075","Special District Governments  - Single-function - Health","State and Local","19"
"2017","Utah","GO0075","Special District Governments  - Single-function - Health","State and Local","18"
"2022","Utah","GO0075","Special District Governments  - Single-function - Health","State and Local","18"
"2025","Utah","GO0075","Special District Governments  - Single-function - Health","State and Local","18"
"2026","Utah","GO0075","Special District Governments  - Single-function - Health","State and Local","18"
"2012","Utah","GO0076","Special District Governments  - Single-function - Highways","State and Local","4"
"2017","Utah","GO0076","Special District Governments  - Single-function - Highways","State and Local","4"
"2022","Utah","GO0076","Special District Governments  - Single-function - Highways","State and Local","4"
"2025","Utah","GO0076","Special District Governments  - Single-function - Highways","State and Local","4"
"2026","Utah","GO0076","Special District Governments  - Single-function - Highways","State and Local","4"
"2012","Utah","GO0078","Special District Governments  - Single-function - Housing and community development","State and Local","19"
"2017","Utah","GO0078","Special District Governments  - Single-function - Housing and community development","State and Local","19"
"2022","Utah","GO0078","Special District Governments  - Single-function - Housing and community development","State and Local","20"
"2025","Utah","GO0078","Special District Governments  - Single-function - Housing and community development","State and Local","20"
"2026","Utah","GO0078","Special District Governments  - Single-function - Housing and community development","State and Local","20"
"2022","Utah","GO0079","Special District Governments  - Single-function - Industrial development and mortgage credit","State and Local","1"
"2025","Utah","GO0079","Special District Governments  - Single-function - Industrial development and mortgage credit","State and Local","1"
"2026","Utah","GO0079","Special District Governments  - Single-function - Industrial development and mortgage credit","State and Local","1"
"2012","Utah","GO0081","Special District Governments - Multiple-function - Natural resources and water supply","State and Local","3"
"2017","Utah","GO0081","Special District Governments - Multiple-function - Natural resources and water supply","State and Local","3"
"2022","Utah","GO0081","Special District Governments - Multiple-function - Natural resources and water supply","State and Local","3"
"2025","Utah","GO0081","Special District Governments - Multiple-function - Natural resources and water supply","State and Local","3"
"2026","Utah","GO0081","Special District Governments - Multiple-function - Natural resources and water supply","State and Local","3"
"2012","Utah","GO0082","Special District Governments - Multiple-function - Other multiple function districts","State and Local","7"
"2017","Utah","GO0082","Special District Governments - Multiple-function - Other multiple function districts","State and Local","8"
"2022","Utah","GO0082","Special District Governments - Multiple-function - Other multiple function districts","State and Local","14"
"2025","Utah","GO0082","Special District Governments - Multiple-function - Other multiple function districts","State and Local","14"
"2026","Utah","GO0082","Special District Governments - Multiple-function - Other multiple function districts","State and Local","14"
"2012","Utah","GO0083","Special District Governments  - Single-function - Other natural resources","State and Local","18"
"2017","Utah","GO0083","Special District Governments  - Single-function - Other natural resources","State and Local","17"
"2022","Utah","GO0083","Special District Governments  - Single-function - Other natural resources","State and Local","16"
"2025","Utah","GO0083","Special District Governments  - Single-function - Other natural resources","State and Local","16"
"2026","Utah","GO0083","Special District Governments  - Single-function - Other natural resources","State and Local","16"
"2012","Utah","GO0084","Special District Governments  - Single-function - Other single function districts","State and Local","16"
"2017","Utah","GO0084","Special District Governments  - Single-function - Other single function districts","State and Local","14"
"2022","Utah","GO0084","Special District Governments  - Single-function - Other single function districts","State and Local","18"
"2025","Utah","GO0084","Special District Governments  - Single-function - Other single function districts","State and Local","18"
"2026","Utah","GO0084","Special District Governments  - Single-function - Other single function districts","State and Local","18"
"2012","Utah","GO0086","Special District Governments  - Single-function - Other utility districts","State and Local","8"
"2017","Utah","GO0086","Special District Governments  - Single-function - Other utility districts","State and Local","8"
"2022","Utah","GO0086","Special District Governments  - Single-function - Other utility districts","State and Local","9"
"2025","Utah","GO0086","Special District Governments  - Single-function - Other utility districts","State and Local","9"
"2026","Utah","GO0086","Special District Governments  - Single-function - Other utility districts","State and Local","9"
"2012","Utah","GO0087","Special District Governments  - Single-function - Parks and recreation","State and Local","11"
"2017","Utah","GO0087","Special District Governments  - Single-function - Parks and recreation","State and Local","10"
"2022","Utah","GO0087","Special District Governments  - Single-function - Parks and recreation","State and Local","8"
"2025","Utah","GO0087","Special District Governments  - Single-function - Parks and recreation","State and Local","9"
"2026","Utah","GO0087","Special District Governments  - Single-function - Parks and recreation","State and Local","9"
"2012","Utah","GO0088","Special District Governments  - Single-function - Sewerage","State and Local","22"
"2017","Utah","GO0088","Special District Governments  - Single-function - Sewerage","State and Local","21"
"2022","Utah","GO0088","Special District Governments  - Single-function - Sewerage","State and Local","21"
"2025","Utah","GO0088","Special District Governments  - Single-function - Sewerage","State and Local","21"
"2026","Utah","GO0088","Special District Governments  - Single-function - Sewerage","State and Local","21"
"2012","Utah","GO0089","Special District Governments - Multiple-function - Sewerage and water supply","State and Local","18"
"2017","Utah","GO0089","Special District Governments - Multiple-function - Sewerage and water supply","State and Local","16"
"2022","Utah","GO0089","Special District Governments - Multiple-function - Sewerage and water supply","State and Local","16"
"2025","Utah","GO0089","Special District Governments - Multiple-function - Sewerage and water supply","State and Local","16"
"2026","Utah","GO0089","Special District Governments - Multiple-function - Sewerage and water supply","State and Local","16"
"2012","Utah","GO0090","Special District Governments  - Single-function - Soil and water conservation","State and Local","41"
"2017","Utah","GO0090","Special District Governments  - Single-function - Soil and water conservation","State and Local","41"
"2022","Utah","GO0090","Special District Governments  - Single-function - Soil and water conservation","State and Local","41"
"2025","Utah","GO0090","Special District Governments  - Single-function - Soil and water conservation","State and Local","41"
"2026","Utah","GO0090","Special District Governments  - Single-function - Soil and water conservation","State and Local","41"
"2012","Utah","GO0091","Special District Governments  - Single-function - Solid waste management","State and Local","2"
"2017","Utah","GO0091","Special District Governments  - Single-function - Solid waste management","State and Local","2"
"2022","Utah","GO0091","Special District Governments  - Single-function - Solid waste management","State and Local","2"
"2025","Utah","GO0091","Special District Governments  - Single-function - Solid waste management","State and Local","3"
"2026","Utah","GO0091","Special District Governments  - Single-function - Solid waste management","State and Local","3"
"2012","Utah","GO0092","Total multiple-function special district governments","State and Local","28"
"2017","Utah","GO0092","Total multiple-function special district governments","State and Local","27"
"2022","Utah","GO0092","Total multiple-function special district governments","State and Local","33"
"2025","Utah","GO0092","Total multiple-function special district governments","State and Local","33"
"2026","Utah","GO0092","Total multiple-function special district governments","State and Local","33"
"2012","Utah","GO0093","Special District Governments  - Single-function - Water supply","State and Local","40"
"2017","Utah","GO0093","Special District Governments  - Single-function - Water supply","State and Local","40"
"2022","Utah","GO0093","Special District Governments  - Single-function - Water supply","State and Local","39"
"2025","Utah","GO0093","Special District Governments  - Single-function - Water supply","State and Local","39"
"2026","Utah","GO0093","Special District Governments  - Single-function - Water supply","State and Local","39"
"2012","Utah","GO0095","Total single-function special district governments","State and Local","279"
"2017","Utah","GO0095","Total single-function special district governments","State and Local","272"
"2022","Utah","GO0095","Total single-function special district governments","State and Local","275"
"2025","Utah","GO0095","Total single-function special district governments","State and Local","277"
"2026","Utah","GO0095","Total single-function special district governments","State and Local","277"
"2012","Vermont","GO0009","Total Local Government Units - Special Purpose Governments - Special District Governments","State and Local","153"
"2017","Vermont","GO0009","Total Local Government Units - Special Purpose Governments - Special District Governments","State and Local","159"
"2022","Vermont","GO0009","Total Local Government Units - Special Purpose Governments - Special District Governments","State and Local","162"
"2025","Vermont","GO0009","Total Local Government Units - Special Purpose Governments - Special District Governments","State and Local","158"
"2026","Vermont","GO0009","Total Local Government Units - Special Purpose Governments - Special District Governments","State and Local","157"
"2012","Vermont","GO0074","Special District Governments  - Single-function - Fire protection","State and Local","16"
"2017","Vermont","GO0074","Special District Governments  - Single-function - Fire protection","State and Local","16"
"2022","Vermont","GO0074","Special District Governments  - Single-function - Fire protection","State and Local","14"
"2025","Vermont","GO0074","Special District Governments  - Single-function - Fire protection","State and Local","14"
"2026","Vermont","GO0074","Special District Governments  - Single-function - Fire protection","State and Local","14"
"2012","Vermont","GO0075","Special District Governments  - Single-function - Health","State and Local","1"
"2017","Vermont","GO0075","Special District Governments  - Single-function - Health","State and Local","1"
"2022","Vermont","GO0075","Special District Governments  - Single-function - Health","State and Local","1"
"2025","Vermont","GO0075","Special District Governments  - Single-function - Health","State and Local","1"
"2026","Vermont","GO0075","Special District Governments  - Single-function - Health","State and Local","1"
"2012","Vermont","GO0078","Special District Governments  - Single-function - Housing and community development","State and Local","9"
"2017","Vermont","GO0078","Special District Governments  - Single-function - Housing and community development","State and Local","8"
"2022","Vermont","GO0078","Special District Governments  - Single-function - Housing and community development","State and Local","8"
"2025","Vermont","GO0078","Special District Governments  - Single-function - Housing and community development","State and Local","8"
"2026","Vermont","GO0078","Special District Governments  - Single-function - Housing and community development","State and Local","8"
"2012","Vermont","GO0080","Special District Governments  - Single-function - Libraries","State and Local","1"
"2017","Vermont","GO0080","Special District Governments  - Single-function - Libraries","State and Local","1"
"2022","Vermont","GO0080","Special District Governments  - Single-function - Libraries","State and Local","1"
"2025","Vermont","GO0080","Special District Governments  - Single-function - Libraries","State and Local","1"
"2026","Vermont","GO0080","Special District Governments  - Single-function - Libraries","State and Local","1"
"2012","Vermont","GO0082","Special District Governments - Multiple-function - Other multiple function districts","State and Local","16"
"2017","Vermont","GO0082","Special District Governments - Multiple-function - Other multiple function districts","State and Local","28"
"2022","Vermont","GO0082","Special District Governments - Multiple-function - Other multiple function districts","State and Local","27"
"2025","Vermont","GO0082","Special District Governments - Multiple-function - Other multiple function districts","State and Local","25"
"2026","Vermont","GO0082","Special District Governments - Multiple-function - Other multiple function districts","State and Local","25"
"2022","Vermont","GO0084","Special District Governments  - Single-function - Other single function districts","State and Local","9"
"2025","Vermont","GO0084","Special District Governments  - Single-function - Other single function districts","State and Local","10"
"2026","Vermont","GO0084","Special District Governments  - Single-function - Other single function districts","State and Local","9"
"2012","Vermont","GO0086","Special District Governments  - Single-function - Other utility districts","State and Local","3"
"2017","Vermont","GO0086","Special District Governments  - Single-function - Other utility districts","State and Local","3"
"2022","Vermont","GO0086","Special District Governments  - Single-function - Other utility districts","State and Local","3"
"2025","Vermont","GO0086","Special District Governments  - Single-function - Other utility districts","State and Local","3"
"2026","Vermont","GO0086","Special District Governments  - Single-function - Other utility districts","State and Local","3"
"2012","Vermont","GO0087","Special District Governments  - Single-function - Parks and recreation","State and Local","5"
"2017","Vermont","GO0087","Special District Governments  - Single-function - Parks and recreation","State and Local","5"
"2022","Vermont","GO0087","Special District Governments  - Single-function - Parks and recreation","State and Local","5"
"2025","Vermont","GO0087","Special District Governments  - Single-function - Parks and recreation","State and Local","5"
"2026","Vermont","GO0087","Special District Governments  - Single-function - Parks and recreation","State and Local","5"
"2012","Vermont","GO0088","Special District Governments  - Single-function - Sewerage","State and Local","2"
"2017","Vermont","GO0088","Special District Governments  - Single-function - Sewerage","State and Local","2"
"2022","Vermont","GO0088","Special District Governments  - Single-function - Sewerage","State and Local","2"
"2025","Vermont","GO0088","Special District Governments  - Single-function - Sewerage","State and Local","2"
"2026","Vermont","GO0088","Special District Governments  - Single-function - Sewerage","State and Local","2"
"2012","Vermont","GO0089","Special District Governments - Multiple-function - Sewerage and water supply","State and Local","6"
"2017","Vermont","GO0089","Special District Governments - Multiple-function - Sewerage and water supply","State and Local","6"
"2022","Vermont","GO0089","Special District Governments - Multiple-function - Sewerage and water supply","State and Local","6"
"2025","Vermont","GO0089","Special District Governments - Multiple-function - Sewerage and water supply","State and Local","6"
"2026","Vermont","GO0089","Special District Governments - Multiple-function - Sewerage and water supply","State and Local","6"
"2012","Vermont","GO0090","Special District Governments  - Single-function - Soil and water conservation","State and Local","14"
"2017","Vermont","GO0090","Special District Governments  - Single-function - Soil and water conservation","State and Local","14"
"2022","Vermont","GO0090","Special District Governments  - Single-function - Soil and water conservation","State and Local","14"
"2025","Vermont","GO0090","Special District Governments  - Single-function - Soil and water conservation","State and Local","14"
"2026","Vermont","GO0090","Special District Governments  - Single-function - Soil and water conservation","State and Local","14"
"2012","Vermont","GO0091","Special District Governments  - Single-function - Solid waste management","State and Local","12"
"2017","Vermont","GO0091","Special District Governments  - Single-function - Solid waste management","State and Local","12"
"2022","Vermont","GO0091","Special District Governments  - Single-function - Solid waste management","State and Local","12"
"2025","Vermont","GO0091","Special District Governments  - Single-function - Solid waste management","State and Local","12"
"2026","Vermont","GO0091","Special District Governments  - Single-function - Solid waste management","State and Local","12"
"2012","Vermont","GO0092","Total multiple-function special district governments","State and Local","22"
"2017","Vermont","GO0092","Total multiple-function special district governments","State and Local","34"
"2022","Vermont","GO0092","Total multiple-function special district governments","State and Local","33"
"2025","Vermont","GO0092","Total multiple-function special district governments","State and Local","31"
"2026","Vermont","GO0092","Total multiple-function special district governments","State and Local","31"
"2012","Vermont","GO0093","Special District Governments  - Single-function - Water supply","State and Local","68"
"2017","Vermont","GO0093","Special District Governments  - Single-function - Water supply","State and Local","63"
"2022","Vermont","GO0093","Special District Governments  - Single-function - Water supply","State and Local","60"
"2025","Vermont","GO0093","Special District Governments  - Single-function - Water supply","State and Local","57"
"2026","Vermont","GO0093","Special District Governments  - Single-function - Water supply","State and Local","57"
"2012","Vermont","GO0095","Total single-function special district governments","State and Local","131"
"2017","Vermont","GO0095","Total single-function special district governments","State and Local","125"
"2022","Vermont","GO0095","Total single-function special district governments","State and Local","129"
"2025","Vermont","GO0095","Total single-function special district governments","State and Local","127"
"2026","Vermont","GO0095","Total single-function special district governments","State and Local","126"
"2012","Virginia","GO0009","Total Local Government Units - Special Purpose Governments - Special District Governments","State and Local","193"
"2017","Virginia","GO0009","Total Local Government Units - Special Purpose Governments - Special District Governments","State and Local","193"
"2022","Virginia","GO0009","Total Local Government Units - Special Purpose Governments - Special District Governments","State and Local","198"
"2025","Virginia","GO0009","Total Local Government Units - Special Purpose Governments - Special District Governments","State and Local","198"
"2026","Virginia","GO0009","Total Local Government Units - Special Purpose Governments - Special District Governments","State and Local","196"
"2012","Virginia","GO0070","Special District Governments  - Single-function - Air transportation","State and Local","23"
"2017","Virginia","GO0070","Special District Governments  - Single-function - Air transportation","State and Local","21"
"2022","Virginia","GO0070","Special District Governments  - Single-function - Air transportation","State and Local","20"
"2025","Virginia","GO0070","Special District Governments  - Single-function - Air transportation","State and Local","20"
"2026","Virginia","GO0070","Special District Governments  - Single-function - Air transportation","State and Local","19"
"2012","Virginia","GO0075","Special District Governments  - Single-function - Health","State and Local","4"
"2017","Virginia","GO0075","Special District Governments  - Single-function - Health","State and Local","3"
"2022","Virginia","GO0075","Special District Governments  - Single-function - Health","State and Local","2"
"2025","Virginia","GO0075","Special District Governments  - Single-function - Health","State and Local","2"
"2026","Virginia","GO0075","Special District Governments  - Single-function - Health","State and Local","2"
"2012","Virginia","GO0076","Special District Governments  - Single-function - Highways","State and Local","2"
"2017","Virginia","GO0076","Special District Governments  - Single-function - Highways","State and Local","2"
"2022","Virginia","GO0076","Special District Governments  - Single-function - Highways","State and Local","3"
"2025","Virginia","GO0076","Special District Governments  - Single-function - Highways","State and Local","3"
"2026","Virginia","GO0076","Special District Governments  - Single-function - Highways","State and Local","3"
"2012","Virginia","GO0077","Special District Governments  - Single-function - Hospitals","State and Local","3"
"2017","Virginia","GO0077","Special District Governments  - Single-function - Hospitals","State and Local","4"
"2022","Virginia","GO0077","Special District Governments  - Single-function - Hospitals","State and Local","4"
"2025","Virginia","GO0077","Special District Governments  - Single-function - Hospitals","State and Local","4"
"2026","Virginia","GO0077","Special District Governments  - Single-function - Hospitals","State and Local","4"
"2022","Virginia","GO0078","Special District Governments  - Single-function - Housing and community development","State and Local","1"
"2025","Virginia","GO0078","Special District Governments  - Single-function - Housing and community development","State and Local","1"
"2026","Virginia","GO0078","Special District Governments  - Single-function - Housing and community development","State and Local","1"
"2012","Virginia","GO0079","Special District Governments  - Single-function - Industrial development and mortgage credit","State and Local","6"
"2017","Virginia","GO0079","Special District Governments  - Single-function - Industrial development and mortgage credit","State and Local","6"
"2022","Virginia","GO0079","Special District Governments  - Single-function - Industrial development and mortgage credit","State and Local","6"
"2025","Virginia","GO0079","Special District Governments  - Single-function - Industrial development and mortgage credit","State and Local","6"
"2026","Virginia","GO0079","Special District Governments  - Single-function - Industrial development and mortgage credit","State and Local","6"
"2012","Virginia","GO0080","Special District Governments  - Single-function - Libraries","State and Local","21"
"2017","Virginia","GO0080","Special District Governments  - Single-function - Libraries","State and Local","22"
"2022","Virginia","GO0080","Special District Governments  - Single-function - Libraries","State and Local","22"
"2025","Virginia","GO0080","Special District Governments  - Single-function - Libraries","State and Local","22"
"2026","Virginia","GO0080","Special District Governments  - Single-function - Libraries","State and Local","22"
"2012","Virginia","GO0082","Special District Governments - Multiple-function - Other multiple function districts","State and Local","6"
"2017","Virginia","GO0082","Special District Governments - Multiple-function - Other multiple function districts","State and Local","8"
"2022","Virginia","GO0082","Special District Governments - Multiple-function - Other multiple function districts","State and Local","7"
"2025","Virginia","GO0082","Special District Governments - Multiple-function - Other multiple function districts","State and Local","7"
"2026","Virginia","GO0082","Special District Governments - Multiple-function - Other multiple function districts","State and Local","7"
"2012","Virginia","GO0084","Special District Governments  - Single-function - Other single function districts","State and Local","29"
"2017","Virginia","GO0084","Special District Governments  - Single-function - Other single function districts","State and Local","27"
"2022","Virginia","GO0084","Special District Governments  - Single-function - Other single function districts","State and Local","32"
"2025","Virginia","GO0084","Special District Governments  - Single-function - Other single function districts","State and Local","31"
"2026","Virginia","GO0084","Special District Governments  - Single-function - Other single function districts","State and Local","30"
"2012","Virginia","GO0086","Special District Governments  - Single-function - Other utility districts","State and Local","4"
"2017","Virginia","GO0086","Special District Governments  - Single-function - Other utility districts","State and Local","4"
"2022","Virginia","GO0086","Special District Governments  - Single-function - Other utility districts","State and Local","4"
"2025","Virginia","GO0086","Special District Governments  - Single-function - Other utility districts","State and Local","5"
"2026","Virginia","GO0086","Special District Governments  - Single-function - Other utility districts","State and Local","5"
"2012","Virginia","GO0087","Special District Governments  - Single-function - Parks and recreation","State and Local","6"
"2017","Virginia","GO0087","Special District Governments  - Single-function - Parks and recreation","State and Local","7"
"2022","Virginia","GO0087","Special District Governments  - Single-function - Parks and recreation","State and Local","7"
"2025","Virginia","GO0087","Special District Governments  - Single-function - Parks and recreation","State and Local","7"
"2026","Virginia","GO0087","Special District Governments  - Single-function - Parks and recreation","State and Local","7"
"2012","Virginia","GO0088","Special District Governments  - Single-function - Sewerage","State and Local","10"
"2017","Virginia","GO0088","Special District Governments  - Single-function - Sewerage","State and Local","9"
"2022","Virginia","GO0088","Special District Governments  - Single-function - Sewerage","State and Local","9"
"2025","Virginia","GO0088","Special District Governments  - Single-function - Sewerage","State and Local","9"
"2026","Virginia","GO0088","Special District Governments  - Single-function - Sewerage","State and Local","9"
"2012","Virginia","GO0089","Special District Governments - Multiple-function - Sewerage and water supply","State and Local","9"
"2017","Virginia","GO0089","Special District Governments - Multiple-function - Sewerage and water supply","State and Local","10"
"2022","Virginia","GO0089","Special District Governments - Multiple-function - Sewerage and water supply","State and Local","10"
"2025","Virginia","GO0089","Special District Governments - Multiple-function - Sewerage and water supply","State and Local","10"
"2026","Virginia","GO0089","Special District Governments - Multiple-function - Sewerage and water supply","State and Local","10"
"2012","Virginia","GO0090","Special District Governments  - Single-function - Soil and water conservation","State and Local","47"
"2017","Virginia","GO0090","Special District Governments  - Single-function - Soil and water conservation","State and Local","47"
"2022","Virginia","GO0090","Special District Governments  - Single-function - Soil and water conservation","State and Local","47"
"2025","Virginia","GO0090","Special District Governments  - Single-function - Soil and water conservation","State and Local","47"
"2026","Virginia","GO0090","Special District Governments  - Single-function - Soil and water conservation","State and Local","47"
"2012","Virginia","GO0091","Special District Governments  - Single-function - Solid waste management","State and Local","12"
"2017","Virginia","GO0091","Special District Governments  - Single-function - Solid waste management","State and Local","11"
"2022","Virginia","GO0091","Special District Governments  - Single-function - Solid waste management","State and Local","11"
"2025","Virginia","GO0091","Special District Governments  - Single-function - Solid waste management","State and Local","11"
"2026","Virginia","GO0091","Special District Governments  - Single-function - Solid waste management","State and Local","11"
"2012","Virginia","GO0092","Total multiple-function special district governments","State and Local","15"
"2017","Virginia","GO0092","Total multiple-function special district governments","State and Local","18"
"2022","Virginia","GO0092","Total multiple-function special district governments","State and Local","17"
"2025","Virginia","GO0092","Total multiple-function special district governments","State and Local","17"
"2026","Virginia","GO0092","Total multiple-function special district governments","State and Local","17"
"2012","Virginia","GO0093","Special District Governments  - Single-function - Water supply","State and Local","9"
"2017","Virginia","GO0093","Special District Governments  - Single-function - Water supply","State and Local","9"
"2022","Virginia","GO0093","Special District Governments  - Single-function - Water supply","State and Local","8"
"2025","Virginia","GO0093","Special District Governments  - Single-function - Water supply","State and Local","8"
"2026","Virginia","GO0093","Special District Governments  - Single-function - Water supply","State and Local","8"
"2012","Virginia","GO0094","Special District Governments  - Single-function - Welfare","State and Local","2"
"2017","Virginia","GO0094","Special District Governments  - Single-function - Welfare","State and Local","3"
"2022","Virginia","GO0094","Special District Governments  - Single-function - Welfare","State and Local","5"
"2025","Virginia","GO0094","Special District Governments  - Single-function - Welfare","State and Local","5"
"2026","Virginia","GO0094","Special District Governments  - Single-function - Welfare","State and Local","5"
"2012","Virginia","GO0095","Total single-function special district governments","State and Local","178"
"2017","Virginia","GO0095","Total single-function special district governments","State and Local","175"
"2022","Virginia","GO0095","Total single-function special district governments","State and Local","181"
"2025","Virginia","GO0095","Total single-function special district governments","State and Local","181"
"2026","Virginia","GO0095","Total single-function special district governments","State and Local","179"
"2012","Washington","GO0009","Total Local Government Units - Special Purpose Governments - Special District Governments","State and Local","1,285"
"2017","Washington","GO0009","Total Local Government Units - Special Purpose Governments - Special District Governments","State and Local","1,285"
"2022","Washington","GO0009","Total Local Government Units - Special Purpose Governments - Special District Governments","State and Local","1,275"
"2025","Washington","GO0009","Total Local Government Units - Special Purpose Governments - Special District Governments","State and Local","1,263"
"2026","Washington","GO0009","Total Local Government Units - Special Purpose Governments - Special District Governments","State and Local","1,266"
"2012","Washington","GO0070","Special District Governments  - Single-function - Air transportation","State and Local","6"
"2017","Washington","GO0070","Special District Governments  - Single-function - Air transportation","State and Local","6"
"2022","Washington","GO0070","Special District Governments  - Single-function - Air transportation","State and Local","6"
"2025","Washington","GO0070","Special District Governments  - Single-function - Air transportation","State and Local","6"
"2026","Washington","GO0070","Special District Governments  - Single-function - Air transportation","State and Local","6"
"2012","Washington","GO0071","Special District Governments  - Single-function - Cemeteries","State and Local","104"
"2017","Washington","GO0071","Special District Governments  - Single-function - Cemeteries","State and Local","104"
"2022","Washington","GO0071","Special District Governments  - Single-function - Cemeteries","State and Local","103"
"2025","Washington","GO0071","Special District Governments  - Single-function - Cemeteries","State and Local","103"
"2026","Washington","GO0071","Special District Governments  - Single-function - Cemeteries","State and Local","103"
"2012","Washington","GO0072","Special District Governments  - Single-function - Drainage and flood control","State and Local","97"
"2017","Washington","GO0072","Special District Governments  - Single-function - Drainage and flood control","State and Local","93"
"2022","Washington","GO0072","Special District Governments  - Single-function - Drainage and flood control","State and Local","87"
"2025","Washington","GO0072","Special District Governments  - Single-function - Drainage and flood control","State and Local","82"
"2026","Washington","GO0072","Special District Governments  - Single-function - Drainage and flood control","State and Local","82"
"2012","Washington","GO0073","Special District Governments  - Single-function - Education","State and Local","4"
"2017","Washington","GO0073","Special District Governments  - Single-function - Education","State and Local","4"
"2022","Washington","GO0073","Special District Governments  - Single-function - Education","State and Local","4"
"2025","Washington","GO0073","Special District Governments  - Single-function - Education","State and Local","4"
"2026","Washington","GO0073","Special District Governments  - Single-function - Education","State and Local","4"
"2012","Washington","GO0074","Special District Governments  - Single-function - Fire protection","State and Local","372"
"2017","Washington","GO0074","Special District Governments  - Single-function - Fire protection","State and Local","368"
"2022","Washington","GO0074","Special District Governments  - Single-function - Fire protection","State and Local","359"
"2025","Washington","GO0074","Special District Governments  - Single-function - Fire protection","State and Local","355"
"2026","Washington","GO0074","Special District Governments  - Single-function - Fire protection","State and Local","354"
"2012","Washington","GO0075","Special District Governments  - Single-function - Health","State and Local","43"
"2017","Washington","GO0075","Special District Governments  - Single-function - Health","State and Local","44"
"2022","Washington","GO0075","Special District Governments  - Single-function - Health","State and Local","46"
"2025","Washington","GO0075","Special District Governments  - Single-function - Health","State and Local","45"
"2026","Washington","GO0075","Special District Governments  - Single-function - Health","State and Local","46"
"2012","Washington","GO0077","Special District Governments  - Single-function - Hospitals","State and Local","49"
"2017","Washington","GO0077","Special District Governments  - Single-function - Hospitals","State and Local","49"
"2022","Washington","GO0077","Special District Governments  - Single-function - Hospitals","State and Local","50"
"2025","Washington","GO0077","Special District Governments  - Single-function - Hospitals","State and Local","50"
"2026","Washington","GO0077","Special District Governments  - Single-function - Hospitals","State and Local","50"
"2012","Washington","GO0078","Special District Governments  - Single-function - Housing and community development","State and Local","44"
"2017","Washington","GO0078","Special District Governments  - Single-function - Housing and community development","State and Local","43"
"2022","Washington","GO0078","Special District Governments  - Single-function - Housing and community development","State and Local","42"
"2025","Washington","GO0078","Special District Governments  - Single-function - Housing and community development","State and Local","42"
"2026","Washington","GO0078","Special District Governments  - Single-function - Housing and community development","State and Local","42"
"2012","Washington","GO0079","Special District Governments  - Single-function - Industrial development and mortgage credit","State and Local","10"
"2017","Washington","GO0079","Special District Governments  - Single-function - Industrial development and mortgage credit","State and Local","10"
"2022","Washington","GO0079","Special District Governments  - Single-function - Industrial development and mortgage credit","State and Local","10"
"2025","Washington","GO0079","Special District Governments  - Single-function - Industrial development and mortgage credit","State and Local","10"
"2026","Washington","GO0079","Special District Governments  - Single-function - Industrial development and mortgage credit","State and Local","10"
"2012","Washington","GO0080","Special District Governments  - Single-function - Libraries","State and Local","31"
"2017","Washington","GO0080","Special District Governments  - Single-function - Libraries","State and Local","32"
"2022","Washington","GO0080","Special District Governments  - Single-function - Libraries","State and Local","31"
"2025","Washington","GO0080","Special District Governments  - Single-function - Libraries","State and Local","31"
"2026","Washington","GO0080","Special District Governments  - Single-function - Libraries","State and Local","31"
"2012","Washington","GO0081","Special District Governments - Multiple-function - Natural resources and water supply","State and Local","4"
"2017","Washington","GO0081","Special District Governments - Multiple-function - Natural resources and water supply","State and Local","4"
"2022","Washington","GO0081","Special District Governments - Multiple-function - Natural resources and water supply","State and Local","4"
"2025","Washington","GO0081","Special District Governments - Multiple-function - Natural resources and water supply","State and Local","4"
"2026","Washington","GO0081","Special District Governments - Multiple-function - Natural resources and water supply","State and Local","4"
"2012","Washington","GO0082","Special District Governments - Multiple-function - Other multiple function districts","State and Local","53"
"2017","Washington","GO0082","Special District Governments - Multiple-function - Other multiple function districts","State and Local","53"
"2022","Washington","GO0082","Special District Governments - Multiple-function - Other multiple function districts","State and Local","54"
"2025","Washington","GO0082","Special District Governments - Multiple-function - Other multiple function districts","State and Local","55"
"2026","Washington","GO0082","Special District Governments - Multiple-function - Other multiple function districts","State and Local","55"
"2012","Washington","GO0083","Special District Governments  - Single-function - Other natural resources","State and Local","82"
"2017","Washington","GO0083","Special District Governments  - Single-function - Other natural resources","State and Local","88"
"2022","Washington","GO0083","Special District Governments  - Single-function - Other natural resources","State and Local","84"
"2025","Washington","GO0083","Special District Governments  - Single-function - Other natural resources","State and Local","84"
"2026","Washington","GO0083","Special District Governments  - Single-function - Other natural resources","State and Local","85"
"2012","Washington","GO0084","Special District Governments  - Single-function - Other single function districts","State and Local","32"
"2017","Washington","GO0084","Special District Governments  - Single-function - Other single function districts","State and Local","36"
"2022","Washington","GO0084","Special District Governments  - Single-function - Other single function districts","State and Local","41"
"2025","Washington","GO0084","Special District Governments  - Single-function - Other single function districts","State and Local","40"
"2026","Washington","GO0084","Special District Governments  - Single-function - Other single function districts","State and Local","41"
"2012","Washington","GO0085","Special District Governments  - Single-function - Other transportation","State and Local","19"
"2017","Washington","GO0085","Special District Governments  - Single-function - Other transportation","State and Local","21"
"2022","Washington","GO0085","Special District Governments  - Single-function - Other transportation","State and Local","21"
"2025","Washington","GO0085","Special District Governments  - Single-function - Other transportation","State and Local","21"
"2026","Washington","GO0085","Special District Governments  - Single-function - Other transportation","State and Local","21"
"2012","Washington","GO0086","Special District Governments  - Single-function - Other utility districts","State and Local","42"
"2017","Washington","GO0086","Special District Governments  - Single-function - Other utility districts","State and Local","40"
"2022","Washington","GO0086","Special District Governments  - Single-function - Other utility districts","State and Local","41"
"2025","Washington","GO0086","Special District Governments  - Single-function - Other utility districts","State and Local","41"
"2026","Washington","GO0086","Special District Governments  - Single-function - Other utility districts","State and Local","41"
"2012","Washington","GO0087","Special District Governments  - Single-function - Parks and recreation","State and Local","83"
"2017","Washington","GO0087","Special District Governments  - Single-function - Parks and recreation","State and Local","86"
"2022","Washington","GO0087","Special District Governments  - Single-function - Parks and recreation","State and Local","90"
"2025","Washington","GO0087","Special District Governments  - Single-function - Parks and recreation","State and Local","90"
"2026","Washington","GO0087","Special District Governments  - Single-function - Parks and recreation","State and Local","91"
"2012","Washington","GO0088","Special District Governments  - Single-function - Sewerage","State and Local","36"
"2017","Washington","GO0088","Special District Governments  - Single-function - Sewerage","State and Local","32"
"2022","Washington","GO0088","Special District Governments  - Single-function - Sewerage","State and Local","31"
"2025","Washington","GO0088","Special District Governments  - Single-function - Sewerage","State and Local","31"
"2026","Washington","GO0088","Special District Governments  - Single-function - Sewerage","State and Local","31"
"2012","Washington","GO0089","Special District Governments - Multiple-function - Sewerage and water supply","State and Local","35"
"2017","Washington","GO0089","Special District Governments - Multiple-function - Sewerage and water supply","State and Local","35"
"2022","Washington","GO0089","Special District Governments - Multiple-function - Sewerage and water supply","State and Local","36"
"2025","Washington","GO0089","Special District Governments - Multiple-function - Sewerage and water supply","State and Local","36"
"2026","Washington","GO0089","Special District Governments - Multiple-function - Sewerage and water supply","State and Local","36"
"2017","Washington","GO0091","Special District Governments  - Single-function - Solid waste management","State and Local","1"
"2022","Washington","GO0091","Special District Governments  - Single-function - Solid waste management","State and Local","1"
"2025","Washington","GO0091","Special District Governments  - Single-function - Solid waste management","State and Local","1"
"2026","Washington","GO0091","Special District Governments  - Single-function - Solid waste management","State and Local","1"
"2012","Washington","GO0092","Total multiple-function special district governments","State and Local","92"
"2017","Washington","GO0092","Total multiple-function special district governments","State and Local","92"
"2022","Washington","GO0092","Total multiple-function special district governments","State and Local","94"
"2025","Washington","GO0092","Total multiple-function special district governments","State and Local","95"
"2026","Washington","GO0092","Total multiple-function special district governments","State and Local","95"
"2012","Washington","GO0093","Special District Governments  - Single-function - Water supply","State and Local","137"
"2017","Washington","GO0093","Special District Governments  - Single-function - Water supply","State and Local","134"
"2022","Washington","GO0093","Special District Governments  - Single-function - Water supply","State and Local","132"
"2025","Washington","GO0093","Special District Governments  - Single-function - Water supply","State and Local","130"
"2026","Washington","GO0093","Special District Governments  - Single-function - Water supply","State and Local","130"
"2012","Washington","GO0094","Special District Governments  - Single-function - Welfare","State and Local","2"
"2017","Washington","GO0094","Special District Governments  - Single-function - Welfare","State and Local","2"
"2022","Washington","GO0094","Special District Governments  - Single-function - Welfare","State and Local","2"
"2025","Washington","GO0094","Special District Governments  - Single-function - Welfare","State and Local","2"
"2026","Washington","GO0094","Special District Governments  - Single-function - Welfare","State and Local","2"
"2012","Washington","GO0095","Total single-function special district governments","State and Local","1,193"
"2017","Washington","GO0095","Total single-function special district governments","State and Local","1,193"
"2022","Washington","GO0095","Total single-function special district governments","State and Local","1,181"
"2025","Washington","GO0095","Total single-function special district governments","State and Local","1,168"
"2026","Washington","GO0095","Total single-function special district governments","State and Local","1,171"
"2012","West Virginia","GO0009","Total Local Government Units - Special Purpose Governments - Special District Governments","State and Local","317"
"2017","West Virginia","GO0009","Total Local Government Units - Special Purpose Governments - Special District Governments","State and Local","309"
"2022","West Virginia","GO0009","Total Local Government Units - Special Purpose Governments - Special District Governments","State and Local","298"
"2025","West Virginia","GO0009","Total Local Government Units - Special Purpose Governments - Special District Governments","State and Local","296"
"2026","West Virginia","GO0009","Total Local Government Units - Special Purpose Governments - Special District Governments","State and Local","296"
"2012","West Virginia","GO0070","Special District Governments  - Single-function - Air transportation","State and Local","10"
"2017","West Virginia","GO0070","Special District Governments  - Single-function - Air transportation","State and Local","11"
"2022","West Virginia","GO0070","Special District Governments  - Single-function - Air transportation","State and Local","11"
"2025","West Virginia","GO0070","Special District Governments  - Single-function - Air transportation","State and Local","11"
"2026","West Virginia","GO0070","Special District Governments  - Single-function - Air transportation","State and Local","11"
"2012","West Virginia","GO0078","Special District Governments  - Single-function - Housing and community development","State and Local","35"
"2017","West Virginia","GO0078","Special District Governments  - Single-function - Housing and community development","State and Local","35"
"2022","West Virginia","GO0078","Special District Governments  - Single-function - Housing and community development","State and Local","33"
"2025","West Virginia","GO0078","Special District Governments  - Single-function - Housing and community development","State and Local","33"
"2026","West Virginia","GO0078","Special District Governments  - Single-function - Housing and community development","State and Local","33"
"2012","West Virginia","GO0080","Special District Governments  - Single-function - Libraries","State and Local","12"
"2017","West Virginia","GO0080","Special District Governments  - Single-function - Libraries","State and Local","12"
"2022","West Virginia","GO0080","Special District Governments  - Single-function - Libraries","State and Local","12"
"2025","West Virginia","GO0080","Special District Governments  - Single-function - Libraries","State and Local","12"
"2026","West Virginia","GO0080","Special District Governments  - Single-function - Libraries","State and Local","12"
"2012","West Virginia","GO0082","Special District Governments - Multiple-function - Other multiple function districts","State and Local","5"
"2017","West Virginia","GO0082","Special District Governments - Multiple-function - Other multiple function districts","State and Local","3"
"2022","West Virginia","GO0082","Special District Governments - Multiple-function - Other multiple function districts","State and Local","2"
"2025","West Virginia","GO0082","Special District Governments - Multiple-function - Other multiple function districts","State and Local","1"
"2026","West Virginia","GO0082","Special District Governments - Multiple-function - Other multiple function districts","State and Local","1"
"2012","West Virginia","GO0084","Special District Governments  - Single-function - Other single function districts","State and Local","1"
"2017","West Virginia","GO0084","Special District Governments  - Single-function - Other single function districts","State and Local","1"
"2022","West Virginia","GO0084","Special District Governments  - Single-function - Other single function districts","State and Local","1"
"2025","West Virginia","GO0084","Special District Governments  - Single-function - Other single function districts","State and Local","1"
"2026","West Virginia","GO0084","Special District Governments  - Single-function - Other single function districts","State and Local","1"
"2012","West Virginia","GO0086","Special District Governments  - Single-function - Other utility districts","State and Local","14"
"2017","West Virginia","GO0086","Special District Governments  - Single-function - Other utility districts","State and Local","13"
"2022","West Virginia","GO0086","Special District Governments  - Single-function - Other utility districts","State and Local","13"
"2025","West Virginia","GO0086","Special District Governments  - Single-function - Other utility districts","State and Local","13"
"2026","West Virginia","GO0086","Special District Governments  - Single-function - Other utility districts","State and Local","13"
"2012","West Virginia","GO0087","Special District Governments  - Single-function - Parks and recreation","State and Local","2"
"2017","West Virginia","GO0087","Special District Governments  - Single-function - Parks and recreation","State and Local","2"
"2022","West Virginia","GO0087","Special District Governments  - Single-function - Parks and recreation","State and Local","2"
"2025","West Virginia","GO0087","Special District Governments  - Single-function - Parks and recreation","State and Local","2"
"2026","West Virginia","GO0087","Special District Governments  - Single-function - Parks and recreation","State and Local","2"
"2012","West Virginia","GO0088","Special District Governments  - Single-function - Sewerage","State and Local","46"
"2017","West Virginia","GO0088","Special District Governments  - Single-function - Sewerage","State and Local","43"
"2022","West Virginia","GO0088","Special District Governments  - Single-function - Sewerage","State and Local","43"
"2025","West Virginia","GO0088","Special District Governments  - Single-function - Sewerage","State and Local","43"
"2026","West Virginia","GO0088","Special District Governments  - Single-function - Sewerage","State and Local","43"
"2012","West Virginia","GO0089","Special District Governments - Multiple-function - Sewerage and water supply","State and Local","40"
"2017","West Virginia","GO0089","Special District Governments - Multiple-function - Sewerage and water supply","State and Local","48"
"2022","West Virginia","GO0089","Special District Governments - Multiple-function - Sewerage and water supply","State and Local","45"
"2025","West Virginia","GO0089","Special District Governments - Multiple-function - Sewerage and water supply","State and Local","44"
"2026","West Virginia","GO0089","Special District Governments - Multiple-function - Sewerage and water supply","State and Local","44"
"2012","West Virginia","GO0090","Special District Governments  - Single-function - Soil and water conservation","State and Local","14"
"2017","West Virginia","GO0090","Special District Governments  - Single-function - Soil and water conservation","State and Local","14"
"2022","West Virginia","GO0090","Special District Governments  - Single-function - Soil and water conservation","State and Local","14"
"2025","West Virginia","GO0090","Special District Governments  - Single-function - Soil and water conservation","State and Local","14"
"2026","West Virginia","GO0090","Special District Governments  - Single-function - Soil and water conservation","State and Local","14"
"2012","West Virginia","GO0091","Special District Governments  - Single-function - Solid waste management","State and Local","48"
"2017","West Virginia","GO0091","Special District Governments  - Single-function - Solid waste management","State and Local","47"
"2022","West Virginia","GO0091","Special District Governments  - Single-function - Solid waste management","State and Local","47"
"2025","West Virginia","GO0091","Special District Governments  - Single-function - Solid waste management","State and Local","47"
"2026","West Virginia","GO0091","Special District Governments  - Single-function - Solid waste management","State and Local","47"
"2012","West Virginia","GO0092","Total multiple-function special district governments","State and Local","45"
"2017","West Virginia","GO0092","Total multiple-function special district governments","State and Local","51"
"2022","West Virginia","GO0092","Total multiple-function special district governments","State and Local","47"
"2025","West Virginia","GO0092","Total multiple-function special district governments","State and Local","45"
"2026","West Virginia","GO0092","Total multiple-function special district governments","State and Local","45"
"2012","West Virginia","GO0093","Special District Governments  - Single-function - Water supply","State and Local","90"
"2017","West Virginia","GO0093","Special District Governments  - Single-function - Water supply","State and Local","80"
"2022","West Virginia","GO0093","Special District Governments  - Single-function - Water supply","State and Local","75"
"2025","West Virginia","GO0093","Special District Governments  - Single-function - Water supply","State and Local","75"
"2026","West Virginia","GO0093","Special District Governments  - Single-function - Water supply","State and Local","75"
"2012","West Virginia","GO0095","Total single-function special district governments","State and Local","272"
"2017","West Virginia","GO0095","Total single-function special district governments","State and Local","258"
"2022","West Virginia","GO0095","Total single-function special district governments","State and Local","251"
"2025","West Virginia","GO0095","Total single-function special district governments","State and Local","251"
"2026","West Virginia","GO0095","Total single-function special district governments","State and Local","251"
"2012","Wisconsin","GO0009","Total Local Government Units - Special Purpose Governments - Special District Governments","State and Local","765"
"2017","Wisconsin","GO0009","Total Local Government Units - Special Purpose Governments - Special District Governments","State and Local","734"
"2022","Wisconsin","GO0009","Total Local Government Units - Special Purpose Governments - Special District Governments","State and Local","703"
"2025","Wisconsin","GO0009","Total Local Government Units - Special Purpose Governments - Special District Governments","State and Local","694"
"2026","Wisconsin","GO0009","Total Local Government Units - Special Purpose Governments - Special District Governments","State and Local","694"
"2012","Wisconsin","GO0072","Special District Governments  - Single-function - Drainage and flood control","State and Local","56"
"2017","Wisconsin","GO0072","Special District Governments  - Single-function - Drainage and flood control","State and Local","55"
"2022","Wisconsin","GO0072","Special District Governments  - Single-function - Drainage and flood control","State and Local","29"
"2025","Wisconsin","GO0072","Special District Governments  - Single-function - Drainage and flood control","State and Local","28"
"2026","Wisconsin","GO0072","Special District Governments  - Single-function - Drainage and flood control","State and Local","28"
"2012","Wisconsin","GO0074","Special District Governments  - Single-function - Fire protection","State and Local","1"
"2017","Wisconsin","GO0074","Special District Governments  - Single-function - Fire protection","State and Local","1"
"2022","Wisconsin","GO0074","Special District Governments  - Single-function - Fire protection","State and Local","1"
"2025","Wisconsin","GO0074","Special District Governments  - Single-function - Fire protection","State and Local","3"
"2026","Wisconsin","GO0074","Special District Governments  - Single-function - Fire protection","State and Local","3"
"2012","Wisconsin","GO0075","Special District Governments  - Single-function - Health","State and Local","1"
"2012","Wisconsin","GO0078","Special District Governments  - Single-function - Housing and community development","State and Local","168"
"2017","Wisconsin","GO0078","Special District Governments  - Single-function - Housing and community development","State and Local","160"
"2022","Wisconsin","GO0078","Special District Governments  - Single-function - Housing and community development","State and Local","159"
"2025","Wisconsin","GO0078","Special District Governments  - Single-function - Housing and community development","State and Local","155"
"2026","Wisconsin","GO0078","Special District Governments  - Single-function - Housing and community development","State and Local","155"
"2012","Wisconsin","GO0079","Special District Governments  - Single-function - Industrial development and mortgage credit","State and Local","2"
"2017","Wisconsin","GO0079","Special District Governments  - Single-function - Industrial development and mortgage credit","State and Local","2"
"2022","Wisconsin","GO0079","Special District Governments  - Single-function - Industrial development and mortgage credit","State and Local","2"
"2025","Wisconsin","GO0079","Special District Governments  - Single-function - Industrial development and mortgage credit","State and Local","2"
"2026","Wisconsin","GO0079","Special District Governments  - Single-function - Industrial development and mortgage credit","State and Local","2"
"2012","Wisconsin","GO0081","Special District Governments - Multiple-function - Natural resources and water supply","State and Local","1"
"2017","Wisconsin","GO0081","Special District Governments - Multiple-function - Natural resources and water supply","State and Local","1"
"2022","Wisconsin","GO0081","Special District Governments - Multiple-function - Natural resources and water supply","State and Local","1"
"2025","Wisconsin","GO0081","Special District Governments - Multiple-function - Natural resources and water supply","State and Local","1"
"2026","Wisconsin","GO0081","Special District Governments - Multiple-function - Natural resources and water supply","State and Local","1"
"2012","Wisconsin","GO0082","Special District Governments - Multiple-function - Other multiple function districts","State and Local","16"
"2017","Wisconsin","GO0082","Special District Governments - Multiple-function - Other multiple function districts","State and Local","15"
"2022","Wisconsin","GO0082","Special District Governments - Multiple-function - Other multiple function districts","State and Local","13"
"2025","Wisconsin","GO0082","Special District Governments - Multiple-function - Other multiple function districts","State and Local","12"
"2026","Wisconsin","GO0082","Special District Governments - Multiple-function - Other multiple function districts","State and Local","12"
"2012","Wisconsin","GO0083","Special District Governments  - Single-function - Other natural resources","State and Local","217"
"2017","Wisconsin","GO0083","Special District Governments  - Single-function - Other natural resources","State and Local","216"
"2022","Wisconsin","GO0083","Special District Governments  - Single-function - Other natural resources","State and Local","226"
"2025","Wisconsin","GO0083","Special District Governments  - Single-function - Other natural resources","State and Local","226"
"2026","Wisconsin","GO0083","Special District Governments  - Single-function - Other natural resources","State and Local","226"
"2012","Wisconsin","GO0084","Special District Governments  - Single-function - Other single function districts","State and Local","1"
"2017","Wisconsin","GO0084","Special District Governments  - Single-function - Other single function districts","State and Local","1"
"2022","Wisconsin","GO0084","Special District Governments  - Single-function - Other single function districts","State and Local","1"
"2012","Wisconsin","GO0086","Special District Governments  - Single-function - Other utility districts","State and Local","3"
"2017","Wisconsin","GO0086","Special District Governments  - Single-function - Other utility districts","State and Local","3"
"2022","Wisconsin","GO0086","Special District Governments  - Single-function - Other utility districts","State and Local","3"
"2025","Wisconsin","GO0086","Special District Governments  - Single-function - Other utility districts","State and Local","3"
"2026","Wisconsin","GO0086","Special District Governments  - Single-function - Other utility districts","State and Local","3"
"2012","Wisconsin","GO0087","Special District Governments  - Single-function - Parks and recreation","State and Local","7"
"2017","Wisconsin","GO0087","Special District Governments  - Single-function - Parks and recreation","State and Local","7"
"2022","Wisconsin","GO0087","Special District Governments  - Single-function - Parks and recreation","State and Local","7"
"2025","Wisconsin","GO0087","Special District Governments  - Single-function - Parks and recreation","State and Local","7"
"2026","Wisconsin","GO0087","Special District Governments  - Single-function - Parks and recreation","State and Local","7"
"2012","Wisconsin","GO0088","Special District Governments  - Single-function - Sewerage","State and Local","230"
"2017","Wisconsin","GO0088","Special District Governments  - Single-function - Sewerage","State and Local","218"
"2022","Wisconsin","GO0088","Special District Governments  - Single-function - Sewerage","State and Local","208"
"2025","Wisconsin","GO0088","Special District Governments  - Single-function - Sewerage","State and Local","206"
"2026","Wisconsin","GO0088","Special District Governments  - Single-function - Sewerage","State and Local","206"
"2012","Wisconsin","GO0089","Special District Governments - Multiple-function - Sewerage and water supply","State and Local","46"
"2017","Wisconsin","GO0089","Special District Governments - Multiple-function - Sewerage and water supply","State and Local","44"
"2022","Wisconsin","GO0089","Special District Governments - Multiple-function - Sewerage and water supply","State and Local","43"
"2025","Wisconsin","GO0089","Special District Governments - Multiple-function - Sewerage and water supply","State and Local","42"
"2026","Wisconsin","GO0089","Special District Governments - Multiple-function - Sewerage and water supply","State and Local","42"
"2012","Wisconsin","GO0090","Special District Governments  - Single-function - Soil and water conservation","State and Local","1"
"2017","Wisconsin","GO0090","Special District Governments  - Single-function - Soil and water conservation","State and Local","1"
"2022","Wisconsin","GO0090","Special District Governments  - Single-function - Soil and water conservation","State and Local","1"
"2025","Wisconsin","GO0090","Special District Governments  - Single-function - Soil and water conservation","State and Local","1"
"2026","Wisconsin","GO0090","Special District Governments  - Single-function - Soil and water conservation","State and Local","1"
"2012","Wisconsin","GO0092","Total multiple-function special district governments","State and Local","63"
"2017","Wisconsin","GO0092","Total multiple-function special district governments","State and Local","60"
"2022","Wisconsin","GO0092","Total multiple-function special district governments","State and Local","57"
"2025","Wisconsin","GO0092","Total multiple-function special district governments","State and Local","55"
"2026","Wisconsin","GO0092","Total multiple-function special district governments","State and Local","55"
"2012","Wisconsin","GO0093","Special District Governments  - Single-function - Water supply","State and Local","9"
"2017","Wisconsin","GO0093","Special District Governments  - Single-function - Water supply","State and Local","9"
"2022","Wisconsin","GO0093","Special District Governments  - Single-function - Water supply","State and Local","8"
"2025","Wisconsin","GO0093","Special District Governments  - Single-function - Water supply","State and Local","8"
"2026","Wisconsin","GO0093","Special District Governments  - Single-function - Water supply","State and Local","8"
"2012","Wisconsin","GO0094","Special District Governments  - Single-function - Welfare","State and Local","6"
"2017","Wisconsin","GO0094","Special District Governments  - Single-function - Welfare","State and Local","1"
"2022","Wisconsin","GO0094","Special District Governments  - Single-function - Welfare","State and Local","1"
"2012","Wisconsin","GO0095","Total single-function special district governments","State and Local","702"
"2017","Wisconsin","GO0095","Total single-function special district governments","State and Local","674"
"2022","Wisconsin","GO0095","Total single-function special district governments","State and Local","646"
"2025","Wisconsin","GO0095","Total single-function special district governments","State and Local","639"
"2026","Wisconsin","GO0095","Total single-function special district governments","State and Local","639"
"2012","Wyoming","GO0009","Total Local Government Units - Special Purpose Governments - Special District Governments","State and Local","628"
"2017","Wyoming","GO0009","Total Local Government Units - Special Purpose Governments - Special District Governments","State and Local","617"
"2022","Wyoming","GO0009","Total Local Government Units - Special Purpose Governments - Special District Governments","State and Local","643"
"2025","Wyoming","GO0009","Total Local Government Units - Special Purpose Governments - Special District Governments","State and Local","649"
"2026","Wyoming","GO0009","Total Local Government Units - Special Purpose Governments - Special District Governments","State and Local","675"
"2012","Wyoming","GO0070","Special District Governments  - Single-function - Air transportation","State and Local","10"
"2017","Wyoming","GO0070","Special District Governments  - Single-function - Air transportation","State and Local","10"
"2022","Wyoming","GO0070","Special District Governments  - Single-function - Air transportation","State and Local","10"
"2025","Wyoming","GO0070","Special District Governments  - Single-function - Air transportation","State and Local","10"
"2026","Wyoming","GO0070","Special District Governments  - Single-function - Air transportation","State and Local","10"
"2012","Wyoming","GO0071","Special District Governments  - Single-function - Cemeteries","State and Local","41"
"2017","Wyoming","GO0071","Special District Governments  - Single-function - Cemeteries","State and Local","41"
"2022","Wyoming","GO0071","Special District Governments  - Single-function - Cemeteries","State and Local","41"
"2025","Wyoming","GO0071","Special District Governments  - Single-function - Cemeteries","State and Local","41"
"2026","Wyoming","GO0071","Special District Governments  - Single-function - Cemeteries","State and Local","41"
"2012","Wyoming","GO0072","Special District Governments  - Single-function - Drainage and flood control","State and Local","15"
"2017","Wyoming","GO0072","Special District Governments  - Single-function - Drainage and flood control","State and Local","15"
"2022","Wyoming","GO0072","Special District Governments  - Single-function - Drainage and flood control","State and Local","15"
"2025","Wyoming","GO0072","Special District Governments  - Single-function - Drainage and flood control","State and Local","15"
"2026","Wyoming","GO0072","Special District Governments  - Single-function - Drainage and flood control","State and Local","15"
"2012","Wyoming","GO0074","Special District Governments  - Single-function - Fire protection","State and Local","71"
"2017","Wyoming","GO0074","Special District Governments  - Single-function - Fire protection","State and Local","69"
"2022","Wyoming","GO0074","Special District Governments  - Single-function - Fire protection","State and Local","71"
"2025","Wyoming","GO0074","Special District Governments  - Single-function - Fire protection","State and Local","72"
"2026","Wyoming","GO0074","Special District Governments  - Single-function - Fire protection","State and Local","73"
"2012","Wyoming","GO0075","Special District Governments  - Single-function - Health","State and Local","12"
"2017","Wyoming","GO0075","Special District Governments  - Single-function - Health","State and Local","12"
"2022","Wyoming","GO0075","Special District Governments  - Single-function - Health","State and Local","13"
"2025","Wyoming","GO0075","Special District Governments  - Single-function - Health","State and Local","13"
"2026","Wyoming","GO0075","Special District Governments  - Single-function - Health","State and Local","14"
"2012","Wyoming","GO0076","Special District Governments  - Single-function - Highways","State and Local","24"
"2017","Wyoming","GO0076","Special District Governments  - Single-function - Highways","State and Local","25"
"2022","Wyoming","GO0076","Special District Governments  - Single-function - Highways","State and Local","30"
"2025","Wyoming","GO0076","Special District Governments  - Single-function - Highways","State and Local","30"
"2026","Wyoming","GO0076","Special District Governments  - Single-function - Highways","State and Local","31"
"2012","Wyoming","GO0077","Special District Governments  - Single-function - Hospitals","State and Local","14"
"2017","Wyoming","GO0077","Special District Governments  - Single-function - Hospitals","State and Local","14"
"2022","Wyoming","GO0077","Special District Governments  - Single-function - Hospitals","State and Local","17"
"2025","Wyoming","GO0077","Special District Governments  - Single-function - Hospitals","State and Local","17"
"2026","Wyoming","GO0077","Special District Governments  - Single-function - Hospitals","State and Local","17"
"2026","Wyoming","GO0078","Special District Governments  - Single-function - Housing and community development","State and Local","1"
"2012","Wyoming","GO0079","Special District Governments  - Single-function - Industrial development and mortgage credit","State and Local","1"
"2017","Wyoming","GO0079","Special District Governments  - Single-function - Industrial development and mortgage credit","State and Local","1"
"2022","Wyoming","GO0079","Special District Governments  - Single-function - Industrial development and mortgage credit","State and Local","1"
"2025","Wyoming","GO0079","Special District Governments  - Single-function - Industrial development and mortgage credit","State and Local","1"
"2026","Wyoming","GO0079","Special District Governments  - Single-function - Industrial development and mortgage credit","State and Local","1"
"2012","Wyoming","GO0081","Special District Governments - Multiple-function - Natural resources and water supply","State and Local","2"
"2017","Wyoming","GO0081","Special District Governments - Multiple-function - Natural resources and water supply","State and Local","2"
"2022","Wyoming","GO0081","Special District Governments - Multiple-function - Natural resources and water supply","State and Local","2"
"2025","Wyoming","GO0081","Special District Governments - Multiple-function - Natural resources and water supply","State and Local","2"
"2026","Wyoming","GO0081","Special District Governments - Multiple-function - Natural resources and water supply","State and Local","2"
"2012","Wyoming","GO0082","Special District Governments - Multiple-function - Other multiple function districts","State and Local","80"
"2017","Wyoming","GO0082","Special District Governments - Multiple-function - Other multiple function districts","State and Local","82"
"2022","Wyoming","GO0082","Special District Governments - Multiple-function - Other multiple function districts","State and Local","79"
"2025","Wyoming","GO0082","Special District Governments - Multiple-function - Other multiple function districts","State and Local","80"
"2026","Wyoming","GO0082","Special District Governments - Multiple-function - Other multiple function districts","State and Local","80"
"2012","Wyoming","GO0083","Special District Governments  - Single-function - Other natural resources","State and Local","87"
"2017","Wyoming","GO0083","Special District Governments  - Single-function - Other natural resources","State and Local","86"
"2022","Wyoming","GO0083","Special District Governments  - Single-function - Other natural resources","State and Local","90"
"2025","Wyoming","GO0083","Special District Governments  - Single-function - Other natural resources","State and Local","91"
"2026","Wyoming","GO0083","Special District Governments  - Single-function - Other natural resources","State and Local","91"
"2012","Wyoming","GO0084","Special District Governments  - Single-function - Other single function districts","State and Local","65"
"2017","Wyoming","GO0084","Special District Governments  - Single-function - Other single function districts","State and Local","61"
"2022","Wyoming","GO0084","Special District Governments  - Single-function - Other single function districts","State and Local","73"
"2025","Wyoming","GO0084","Special District Governments  - Single-function - Other single function districts","State and Local","75"
"2026","Wyoming","GO0084","Special District Governments  - Single-function - Other single function districts","State and Local","90"
"2012","Wyoming","GO0086","Special District Governments  - Single-function - Other utility districts","State and Local","2"
"2017","Wyoming","GO0086","Special District Governments  - Single-function - Other utility districts","State and Local","1"
"2022","Wyoming","GO0086","Special District Governments  - Single-function - Other utility districts","State and Local","1"
"2025","Wyoming","GO0086","Special District Governments  - Single-function - Other utility districts","State and Local","2"
"2026","Wyoming","GO0086","Special District Governments  - Single-function - Other utility districts","State and Local","2"
"2012","Wyoming","GO0087","Special District Governments  - Single-function - Parks and recreation","State and Local","32"
"2017","Wyoming","GO0087","Special District Governments  - Single-function - Parks and recreation","State and Local","29"
"2022","Wyoming","GO0087","Special District Governments  - Single-function - Parks and recreation","State and Local","29"
"2025","Wyoming","GO0087","Special District Governments  - Single-function - Parks and recreation","State and Local","30"
"2026","Wyoming","GO0087","Special District Governments  - Single-function - Parks and recreation","State and Local","34"
"2012","Wyoming","GO0088","Special District Governments  - Single-function - Sewerage","State and Local","13"
"2017","Wyoming","GO0088","Special District Governments  - Single-function - Sewerage","State and Local","12"
"2022","Wyoming","GO0088","Special District Governments  - Single-function - Sewerage","State and Local","12"
"2025","Wyoming","GO0088","Special District Governments  - Single-function - Sewerage","State and Local","12"
"2026","Wyoming","GO0088","Special District Governments  - Single-function - Sewerage","State and Local","13"
"2012","Wyoming","GO0089","Special District Governments - Multiple-function - Sewerage and water supply","State and Local","28"
"2017","Wyoming","GO0089","Special District Governments - Multiple-function - Sewerage and water supply","State and Local","26"
"2022","Wyoming","GO0089","Special District Governments - Multiple-function - Sewerage and water supply","State and Local","25"
"2025","Wyoming","GO0089","Special District Governments - Multiple-function - Sewerage and water supply","State and Local","25"
"2026","Wyoming","GO0089","Special District Governments - Multiple-function - Sewerage and water supply","State and Local","25"
"2012","Wyoming","GO0090","Special District Governments  - Single-function - Soil and water conservation","State and Local","34"
"2017","Wyoming","GO0090","Special District Governments  - Single-function - Soil and water conservation","State and Local","33"
"2022","Wyoming","GO0090","Special District Governments  - Single-function - Soil and water conservation","State and Local","33"
"2025","Wyoming","GO0090","Special District Governments  - Single-function - Soil and water conservation","State and Local","33"
"2026","Wyoming","GO0090","Special District Governments  - Single-function - Soil and water conservation","State and Local","33"
"2012","Wyoming","GO0091","Special District Governments  - Single-function - Solid waste management","State and Local","17"
"2017","Wyoming","GO0091","Special District Governments  - Single-function - Solid waste management","State and Local","17"
"2022","Wyoming","GO0091","Special District Governments  - Single-function - Solid waste management","State and Local","18"
"2025","Wyoming","GO0091","Special District Governments  - Single-function - Solid waste management","State and Local","18"
"2026","Wyoming","GO0091","Special District Governments  - Single-function - Solid waste management","State and Local","18"
"2012","Wyoming","GO0092","Total multiple-function special district governments","State and Local","110"
"2017","Wyoming","GO0092","Total multiple-function special district governments","State and Local","110"
"2022","Wyoming","GO0092","Total multiple-function special district governments","State and Local","106"
"2025","Wyoming","GO0092","Total multiple-function special district governments","State and Local","107"
"2026","Wyoming","GO0092","Total multiple-function special district governments","State and Local","107"
"2012","Wyoming","GO0093","Special District Governments  - Single-function - Water supply","State and Local","79"
"2017","Wyoming","GO0093","Special District Governments  - Single-function - Water supply","State and Local","80"
"2022","Wyoming","GO0093","Special District Governments  - Single-function - Water supply","State and Local","82"
"2025","Wyoming","GO0093","Special District Governments  - Single-function - Water supply","State and Local","81"
"2026","Wyoming","GO0093","Special District Governments  - Single-function - Water supply","State and Local","83"
"2012","Wyoming","GO0094","Special District Governments  - Single-function - Welfare","State and Local","1"
"2017","Wyoming","GO0094","Special District Governments  - Single-function - Welfare","State and Local","1"
"2022","Wyoming","GO0094","Special District Governments  - Single-function - Welfare","State and Local","1"
"2025","Wyoming","GO0094","Special District Governments  - Single-function - Welfare","State and Local","1"
"2026","Wyoming","GO0094","Special District Governments  - Single-function - Welfare","State and Local","1"
"2012","Wyoming","GO0095","Total single-function special district governments","State and Local","518"
"2017","Wyoming","GO0095","Total single-function special district governments","State and Local","507"
"2022","Wyoming","GO0095","Total single-function special district governments","State and Local","537"
"2025","Wyoming","GO0095","Total single-function special district governments","State and Local","542"
"2026","Wyoming","GO0095","Total single-function special district governments","State and Local","568"
